pair,case_id,noise_rate,seed,correct_top1_a,correct_top1_b,delta_correct_top1,brier_score_a,brier_score_b,delta_brier_score,total_atomic_questions_a,total_atomic_questions_b,delta_total_atomic_questions,verification_questions_a,verification_questions_b,delta_verification_questions,unnecessary_verifications_a,unnecessary_verifications_b,delta_unnecessary_verifications
corrected_vs_heuristic,100333,0.2,2026.0,1,1,0.0,0.01404958,0.00014404,0.01390554,2,5,-3.0,0,1,-1.0,0,0,0.0
corrected_vs_heuristic,100333,0.2,2027.0,1,1,0.0,5.222e-05,0.0055814,-0.00552918,6,6,0.0,0,0,0.0,0,0,0.0
corrected_vs_heuristic,100333,0.2,2028.0,1,1,0.0,0.00104417,0.00104417,0.0,2,2,0.0,0,0,0.0,0,0,0.0
corrected_vs_heuristic,100333,0.3,2026.0,1,1,0.0,0.00104417,0.00104417,0.0,2,2,0.0,0,0,0.0,0,0,0.0
corrected_vs_heuristic,100333,0.3,2027.0,1,1,0.0,0.00104417,0.00104417,0.0,2,2,0.0,0,0,0.0,0,0,0.0
corrected_vs_heuristic,100333,0.3,2028.0,1,1,0.0,0.00104417,0.00104417,0.0,2,2,0.0,0,0,0.0,0,0,0.0
corrected_vs_heuristic,100786,0.2,2026.0,1,1,0.0,0.00682778,7.129e-05,0.00675649,8,7,1.0,1,1,0.0,0,1,-1.0
corrected_vs_heuristic,100786,0.2,2027.0,1,1,0.0,0.00267944,0.00031848,0.00236096,6,9,-3.0,0,1,-1.0,0,1,-1.0
corrected_vs_heuristic,100786,0.2,2028.0,1,1,0.0,0.00273291,7.191e-05,0.002661,9,9,0.0,0,1,-1.0,0,0,0.0
corrected_vs_heuristic,100786,0.3,2026.0,1,1,0.0,0.00086641,0.00351812,-0.00265171,12,10,2.0,1,1,0.0,1,0,1.0
corrected_vs_heuristic,100786,0.3,2027.0,1,0,1.0,0.00380653,0.9176456,-0.91383907,5,15,-10.0,0,1,-1.0,0,1,-1.0
corrected_vs_heuristic,100786,0.3,2028.0,1,1,0.0,0.01225333,7.129e-05,0.01218204,7,7,0.0,0,1,-1.0,0,1,-1.0
corrected_vs_heuristic,100894,0.2,2026.0,1,1,0.0,0.00140548,0.00760862,-0.00620314,14,7,7.0,0,1,-1.0,0,0,0.0
corrected_vs_heuristic,100894,0.2,2027.0,1,1,0.0,0.00063794,0.0096634,-0.00902546,7,5,2.0,0,0,0.0,0,0,0.0
corrected_vs_heuristic,100894,0.2,2028.0,1,1,0.0,0.01391732,0.0020857,0.01183162,5,4,1.0,0,0,0.0,0,0,0.0
corrected_vs_heuristic,100894,0.3,2026.0,1,1,0.0,0.00063588,0.0096634,-0.00902752,6,5,1.0,0,0,0.0,0,0,0.0
corrected_vs_heuristic,100894,0.3,2027.0,1,1,0.0,0.0016335,0.00143336,0.00020014,10,11,-1.0,0,1,-1.0,0,1,-1.0
corrected_vs_heuristic,100894,0.3,2028.0,1,1,0.0,0.00071646,0.0096634,-0.00894694,7,5,2.0,0,0,0.0,0,0,0.0
corrected_vs_heuristic,101434,0.2,2026.0,1,1,0.0,0.00958545,0.00231187,0.00727358,11,13,-2.0,0,1,-1.0,0,1,-1.0
corrected_vs_heuristic,101434,0.2,2027.0,0,0,0.0,1.25867883,1.37607009,-0.11739126,15,15,0.0,0,1,-1.0,0,0,0.0
corrected_vs_heuristic,101434,0.2,2028.0,0,1,-1.0,1.15588263,0.44056216,0.71532047,15,15,0.0,0,1,-1.0,0,0,0.0
corrected_vs_heuristic,101434,0.3,2026.0,1,1,0.0,0.48091727,0.14422927,0.336688,15,15,0.0,0,1,-1.0,0,1,-1.0
corrected_vs_heuristic,101434,0.3,2027.0,1,0,1.0,0.01902563,0.73179145,-0.71276582,13,15,-2.0,1,1,0.0,0,1,-1.0
corrected_vs_heuristic,101434,0.3,2028.0,1,0,1.0,0.75239724,1.06257061,-0.31017337,15,15,0.0,0,1,-1.0,0,0,0.0
corrected_vs_heuristic,101999,0.2,2026.0,1,1,0.0,0.0037733,0.00383549,-6.219e-05,3,2,1.0,0,0,0.0,0,0,0.0
corrected_vs_heuristic,101999,0.2,2027.0,1,1,0.0,0.0037733,0.00383549,-6.219e-05,3,2,1.0,0,0,0.0,0,0,0.0
corrected_vs_heuristic,101999,0.2,2028.0,1,1,0.0,0.00763783,0.00210195,0.00553588,3,5,-2.0,0,1,-1.0,0,1,-1.0
corrected_vs_heuristic,101999,0.3,2026.0,1,1,0.0,0.0037733,0.00383549,-6.219e-05,3,2,1.0,0,0,0.0,0,0,0.0
corrected_vs_heuristic,101999,0.3,2027.0,1,1,0.0,0.0037733,0.00383549,-6.219e-05,3,2,1.0,0,0,0.0,0,0,0.0
corrected_vs_heuristic,101999,0.3,2028.0,1,1,0.0,0.00642346,0.00524173,0.00118173,3,4,-1.0,0,1,-1.0,0,1,-1.0
corrected_vs_heuristic,102209,0.2,2026.0,1,1,0.0,0.00518576,0.00208545,0.00310031,6,6,0.0,0,1,-1.0,0,1,-1.0
corrected_vs_heuristic,102209,0.2,2027.0,1,1,0.0,0.00012002,0.0001637,-4.368e-05,4,3,1.0,0,0,0.0,0,0,0.0
corrected_vs_heuristic,102209,0.2,2028.0,1,1,0.0,0.01769187,0.00019556,0.01749631,6,6,0.0,0,1,-1.0,0,1,-1.0
corrected_vs_heuristic,102209,0.3,2026.0,0,1,-1.0,1.92256059,0.00588412,1.91667647,4,5,-1.0,0,1,-1.0,0,1,-1.0
corrected_vs_heuristic,102209,0.3,2027.0,1,1,0.0,0.00171812,0.00236508,-0.00064696,4,3,1.0,0,0,0.0,0,0,0.0
corrected_vs_heuristic,102209,0.3,2028.0,1,1,0.0,0.00033147,0.00599011,-0.00565864,9,12,-3.0,0,1,-1.0,0,1,-1.0
corrected_vs_heuristic,102711,0.2,2026.0,1,1,0.0,0.01949391,0.00522711,0.0142668,1,8,-7.0,0,1,-1.0,0,0,0.0
corrected_vs_heuristic,102711,0.2,2027.0,1,1,0.0,0.02500434,0.00425894,0.0207454,2,10,-8.0,0,0,0.0,0,0,0.0
corrected_vs_heuristic,102711,0.2,2028.0,1,1,0.0,0.01949391,0.00599896,0.01349495,1,5,-4.0,0,0,0.0,0,0,0.0
corrected_vs_heuristic,102711,0.3,2026.0,1,1,0.0,0.01079208,0.03441774,-0.02362566,15,15,0.0,0,0,0.0,0,0,0.0
corrected_vs_heuristic,102711,0.3,2027.0,1,1,0.0,0.01949391,0.00389403,0.01559988,1,5,-4.0,0,0,0.0,0,0,0.0
corrected_vs_heuristic,102711,0.3,2028.0,1,1,0.0,0.01949391,0.0013888,0.01810511,1,4,-3.0,0,0,0.0,0,0,0.0
corrected_vs_heuristic,102872,0.2,2026.0,1,1,0.0,7.583e-05,6.024e-05,1.559e-05,5,5,0.0,0,0,0.0,0,0,0.0
corrected_vs_heuristic,102872,0.2,2027.0,1,1,0.0,7.583e-05,1.766e-05,5.817e-05,5,6,-1.0,0,0,0.0,0,0,0.0
corrected_vs_heuristic,102872,0.2,2028.0,1,1,0.0,0.00013834,2.816e-05,0.00011018,4,5,-1.0,0,0,0.0,0,0,0.0
corrected_vs_heuristic,102872,0.3,2026.0,1,1,0.0,1.066e-05,0.00026495,-0.00025429,9,5,4.0,0,1,-1.0,0,0,0.0
corrected_vs_heuristic,102872,0.3,2027.0,1,1,0.0,0.00130488,2.867e-05,0.00127621,5,5,0.0,0,0,0.0,0,0,0.0
corrected_vs_heuristic,102872,0.3,2028.0,0,0,0.0,1.77638613,1.05004955,0.72633658,5,15,-10.0,0,1,-1.0,0,0,0.0
corrected_vs_heuristic,102986,0.2,2026.0,1,1,0.0,7.893e-05,7.893e-05,0.0,7,7,0.0,1,1,0.0,0,0,0.0
corrected_vs_heuristic,102986,0.2,2027.0,1,1,0.0,0.03843531,0.0053433,0.03309201,7,8,-1.0,0,1,-1.0,0,1,-1.0
corrected_vs_heuristic,102986,0.2,2028.0,1,1,0.0,0.00800102,8.672e-05,0.0079143,5,7,-2.0,0,1,-1.0,0,1,-1.0
corrected_vs_heuristic,102986,0.3,2026.0,1,1,0.0,0.00040953,0.00040953,0.0,5,5,0.0,0,0,0.0,0,0,0.0
corrected_vs_heuristic,102986,0.3,2027.0,1,1,0.0,0.00456254,0.00962465,-0.00506211,6,6,0.0,0,1,-1.0,0,1,-1.0
corrected_vs_heuristic,102986,0.3,2028.0,0,1,-1.0,1.66708747,0.0357871,1.63130037,2,14,-12.0,0,1,-1.0,0,1,-1.0
corrected_vs_heuristic,103775,0.2,2026.0,1,1,0.0,0.00048475,7.523e-05,0.00040952,2,3,-1.0,0,0,0.0,0,0,0.0
corrected_vs_heuristic,103775,0.2,2027.0,1,1,0.0,0.00048475,7.523e-05,0.00040952,2,3,-1.0,0,0,0.0,0,0,0.0
corrected_vs_heuristic,103775,0.2,2028.0,1,1,0.0,0.00048475,7.523e-05,0.00040952,2,3,-1.0,0,0,0.0,0,0,0.0
corrected_vs_heuristic,103775,0.3,2026.0,1,1,0.0,0.00048475,0.00048475,0.0,2,3,-1.0,0,0,0.0,0,0,0.0
corrected_vs_heuristic,103775,0.3,2027.0,1,1,0.0,0.00048475,8.102e-05,0.00040373,2,3,-1.0,0,0,0.0,0,0,0.0
corrected_vs_heuristic,103775,0.3,2028.0,0,0,0.0,1.89523385,1.00858084,0.88665301,5,15,-10.0,0,1,-1.0,0,1,-1.0
corrected_vs_heuristic,104168,0.2,2026.0,1,1,0.0,0.01001012,0.00261274,0.00739738,2,3,-1.0,0,0,0.0,0,0,0.0
corrected_vs_heuristic,104168,0.2,2027.0,1,1,0.0,0.01001012,0.00261274,0.00739738,2,3,-1.0,0,0,0.0,0,0,0.0
corrected_vs_heuristic,104168,0.2,2028.0,1,1,0.0,0.01049845,0.00272589,0.00777256,3,6,-3.0,0,1,-1.0,0,0,0.0
corrected_vs_heuristic,104168,0.3,2026.0,1,1,0.0,0.01001012,0.00261274,0.00739738,2,3,-1.0,0,0,0.0,0,0,0.0
corrected_vs_heuristic,104168,0.3,2027.0,1,1,0.0,0.0067598,0.00172503,0.00503477,4,6,-2.0,1,1,0.0,0,0,0.0
corrected_vs_heuristic,104168,0.3,2028.0,1,1,0.0,0.01049845,0.00124985,0.0092486,3,5,-2.0,0,0,0.0,0,0,0.0
corrected_vs_heuristic,105358,0.2,2026.0,1,0,1.0,0.00627414,1.00729653,-1.00102239,8,15,-7.0,0,1,-1.0,0,0,0.0
corrected_vs_heuristic,105358,0.2,2027.0,1,1,0.0,0.00319686,0.00469276,-0.0014959,6,4,2.0,0,0,0.0,0,0,0.0
corrected_vs_heuristic,105358,0.2,2028.0,0,1,-1.0,1.78391216,0.00018745,1.78372471,8,5,3.0,0,0,0.0,0,0,0.0
corrected_vs_heuristic,105358,0.3,2026.0,1,1,0.0,0.00106455,0.00105375,1.08e-05,9,7,2.0,0,0,0.0,0,0,0.0
corrected_vs_heuristic,105358,0.3,2027.0,1,1,0.0,0.00041267,0.00060364,-0.00019097,7,9,-2.0,0,1,-1.0,0,1,-1.0
corrected_vs_heuristic,105358,0.3,2028.0,0,1,-1.0,1.089127,0.66844452,0.42068248,15,15,0.0,0,1,-1.0,0,1,-1.0
corrected_vs_heuristic,105717,0.2,2026.0,1,1,0.0,0.28193214,0.30549711,-0.02356497,15,6,9.0,0,0,0.0,0,0,0.0
corrected_vs_heuristic,105717,0.2,2027.0,1,1,0.0,0.11494231,0.12698715,-0.01204484,15,6,9.0,0,0,0.0,0,0,0.0
corrected_vs_heuristic,105717,0.2,2028.0,1,1,0.0,0.05307512,0.12698715,-0.07391203,15,6,9.0,0,0,0.0,0,0,0.0
corrected_vs_heuristic,105717,0.3,2026.0,1,1,0.0,0.1241435,0.12698715,-0.00284365,15,6,9.0,0,0,0.0,0,0,0.0
corrected_vs_heuristic,105717,0.3,2027.0,1,1,0.0,0.03754268,0.02616936,0.01137332,7,8,-1.0,0,0,0.0,0,0,0.0
corrected_vs_heuristic,105717,0.3,2028.0,1,1,0.0,0.12716009,0.12698715,0.00017294,15,6,9.0,0,0,0.0,0,0,0.0
corrected_vs_heuristic,105944,0.2,2026.0,1,1,0.0,0.00122991,0.00122991,0.0,2,2,0.0,0,0,0.0,0,0,0.0
corrected_vs_heuristic,105944,0.2,2027.0,1,1,0.0,0.00580217,0.00365365,0.00214852,10,6,4.0,0,0,0.0,0,0,0.0
corrected_vs_heuristic,105944,0.2,2028.0,1,1,0.0,0.00122991,0.00122991,0.0,2,2,0.0,0,0,0.0,0,0,0.0
corrected_vs_heuristic,105944,0.3,2026.0,1,1,0.0,0.00122991,0.00122991,0.0,2,2,0.0,0,0,0.0,0,0,0.0
corrected_vs_heuristic,105944,0.3,2027.0,1,1,0.0,0.00122991,0.00122991,0.0,2,2,0.0,0,0,0.0,0,0,0.0
corrected_vs_heuristic,105944,0.3,2028.0,1,1,0.0,0.00122991,0.00122991,0.0,2,2,0.0,0,0,0.0,0,0,0.0
corrected_vs_heuristic,107295,0.2,2026.0,1,1,0.0,0.07484476,0.01977005,0.05507471,5,12,-7.0,0,1,-1.0,0,0,0.0
corrected_vs_heuristic,107295,0.2,2027.0,0,1,-1.0,0.98910687,0.00108231,0.98802456,15,13,2.0,1,1,0.0,1,0,1.0
corrected_vs_heuristic,107295,0.2,2028.0,1,1,0.0,0.06359876,0.00529824,0.05830052,6,7,-1.0,0,0,0.0,0,0,0.0
corrected_vs_heuristic,107295,0.3,2026.0,1,1,0.0,0.07484476,0.00760989,0.06723487,5,13,-8.0,0,1,-1.0,0,1,-1.0
corrected_vs_heuristic,107295,0.3,2027.0,1,1,0.0,0.04647486,0.48841989,-0.44194503,6,15,-9.0,0,1,-1.0,0,0,0.0
corrected_vs_heuristic,107295,0.3,2028.0,0,1,-1.0,1.82339351,0.00372208,1.81967143,10,10,0.0,0,1,-1.0,0,0,0.0
corrected_vs_heuristic,107435,0.2,2026.0,1,1,0.0,0.01853659,0.00067787,0.01785872,1,3,-2.0,0,0,0.0,0,0,0.0
corrected_vs_heuristic,107435,0.2,2027.0,1,1,0.0,0.01853659,0.00067787,0.01785872,1,3,-2.0,0,0,0.0,0,0,0.0
corrected_vs_heuristic,107435,0.2,2028.0,1,1,0.0,0.01853659,0.00067787,0.01785872,1,3,-2.0,0,0,0.0,0,0,0.0
corrected_vs_heuristic,107435,0.3,2026.0,1,1,0.0,0.01853659,0.0258864,-0.00734981,1,9,-8.0,0,1,-1.0,0,1,-1.0
corrected_vs_heuristic,107435,0.3,2027.0,0,1,-1.0,1.03597353,0.44674962,0.58922391,15,15,0.0,0,1,-1.0,0,0,0.0
corrected_vs_heuristic,107435,0.3,2028.0,1,1,0.0,0.01853659,0.0009342,0.01760239,1,3,-2.0,0,0,0.0,0,0,0.0
corrected_vs_heuristic,107753,0.2,2026.0,1,0,1.0,0.0006126,0.89784951,-0.89723691,7,15,-8.0,0,1,-1.0,0,1,-1.0
corrected_vs_heuristic,107753,0.2,2027.0,1,1,0.0,0.00146321,0.00163295,-0.00016974,5,4,1.0,0,0,0.0,0,0,0.0
corrected_vs_heuristic,107753,0.2,2028.0,1,1,0.0,0.00610267,0.00631346,-0.00021079,3,2,1.0,0,0,0.0,0,0,0.0
corrected_vs_heuristic,107753,0.3,2026.0,0,1,-1.0,1.6913198,8.502e-05,1.69123478,1,15,-14.0,0,1,-1.0,0,0,0.0
corrected_vs_heuristic,107753,0.3,2027.0,1,1,0.0,0.00246299,0.00041768,0.00204531,6,12,-6.0,0,1,-1.0,0,0,0.0
corrected_vs_heuristic,107753,0.3,2028.0,1,1,0.0,8.988e-05,0.00647076,-0.00638088,6,7,-1.0,0,1,-1.0,0,1,-1.0
corrected_vs_heuristic,108419,0.2,2026.0,1,1,0.0,0.06994888,0.04470672,0.02524216,15,8,7.0,1,0,1.0,0,0,0.0
corrected_vs_heuristic,108419,0.2,2027.0,0,0,0.0,1.33890041,1.37912427,-0.04022386,15,11,4.0,0,1,-1.0,0,1,-1.0
corrected_vs_heuristic,108419,0.2,2028.0,1,1,0.0,0.11898983,0.12573929,-0.00674946,15,12,3.0,0,1,-1.0,0,1,-1.0
corrected_vs_heuristic,108419,0.3,2026.0,1,1,0.0,0.05768513,0.131681,-0.07399587,15,7,8.0,0,1,-1.0,0,1,-1.0
corrected_vs_heuristic,108419,0.3,2027.0,0,0,0.0,1.73340862,1.67744443,0.05596419,15,13,2.0,0,1,-1.0,0,1,-1.0
corrected_vs_heuristic,108419,0.3,2028.0,1,1,0.0,0.14609025,0.15060135,-0.0045111,15,15,0.0,0,1,-1.0,0,1,-1.0
corrected_vs_heuristic,108535,0.2,2026.0,1,1,0.0,0.00772826,0.00011157,0.00761669,9,8,1.0,0,1,-1.0,0,1,-1.0
corrected_vs_heuristic,108535,0.2,2027.0,0,1,-1.0,1.82800947,0.00337701,1.82463246,5,6,-1.0,0,0,0.0,0,0,0.0
corrected_vs_heuristic,108535,0.2,2028.0,1,1,0.0,0.00423181,0.00337701,0.0008548,9,6,3.0,0,0,0.0,0,0,0.0
corrected_vs_heuristic,108535,0.3,2026.0,1,1,0.0,0.0067943,0.00626236,0.00053194,12,9,3.0,0,1,-1.0,0,1,-1.0
corrected_vs_heuristic,108535,0.3,2027.0,0,1,-1.0,1.84214756,0.02496291,1.81718465,14,15,-1.0,0,1,-1.0,0,1,-1.0
corrected_vs_heuristic,108535,0.3,2028.0,1,1,0.0,0.00441174,0.00337701,0.00103473,8,6,2.0,0,0,0.0,0,0,0.0
corrected_vs_heuristic,109084,0.2,2026.0,1,1,0.0,0.00032177,0.00067694,-0.00035517,6,6,0.0,0,1,-1.0,0,1,-1.0
corrected_vs_heuristic,109084,0.2,2027.0,1,1,0.0,0.00155391,0.00034913,0.00120478,6,9,-3.0,1,1,0.0,0,1,-1.0
corrected_vs_heuristic,109084,0.2,2028.0,1,1,0.0,0.00418816,0.00042708,0.00376108,5,10,-5.0,0,0,0.0,0,0,0.0
corrected_vs_heuristic,109084,0.3,2026.0,1,1,0.0,0.01222387,0.00565723,0.00656664,8,11,-3.0,1,1,0.0,0,1,-1.0
corrected_vs_heuristic,109084,0.3,2027.0,1,1,0.0,0.00214589,0.00259456,-0.00044867,8,8,0.0,0,1,-1.0,0,1,-1.0
corrected_vs_heuristic,109084,0.3,2028.0,1,1,0.0,0.02594912,0.00513249,0.02081663,7,10,-3.0,0,1,-1.0,0,1,-1.0
corrected_vs_heuristic,109136,0.2,2026.0,1,1,0.0,0.02663848,0.00010447,0.02653401,2,6,-4.0,0,0,0.0,0,0,0.0
corrected_vs_heuristic,109136,0.2,2027.0,1,1,0.0,0.02663848,0.0016314,0.02500708,2,5,-3.0,0,0,0.0,0,0,0.0
corrected_vs_heuristic,109136,0.2,2028.0,1,1,0.0,0.02663848,0.00016059,0.02647789,2,8,-6.0,0,1,-1.0,0,0,0.0
corrected_vs_heuristic,109136,0.3,2026.0,1,1,0.0,0.02663848,0.01359772,0.01304076,2,11,-9.0,0,0,0.0,0,0,0.0
corrected_vs_heuristic,109136,0.3,2027.0,1,1,0.0,0.02310029,0.00320421,0.01989608,3,12,-9.0,0,0,0.0,0,0,0.0
corrected_vs_heuristic,109136,0.3,2028.0,1,1,0.0,0.02874113,9.922e-05,0.02864191,3,8,-5.0,0,1,-1.0,0,0,0.0
corrected_vs_heuristic,109937,0.2,2026.0,1,1,0.0,0.00246299,0.00048406,0.00197893,6,12,-6.0,0,1,-1.0,0,1,-1.0
corrected_vs_heuristic,109937,0.2,2027.0,1,1,0.0,0.00078943,0.00902807,-0.00823864,9,4,5.0,0,0,0.0,0,0,0.0
corrected_vs_heuristic,109937,0.2,2028.0,1,1,0.0,0.00406173,0.00902807,-0.00496634,8,4,4.0,0,0,0.0,0,0,0.0
corrected_vs_heuristic,109937,0.3,2026.0,1,1,0.0,6.974e-05,4.427e-05,2.547e-05,6,6,0.0,0,1,-1.0,0,1,-1.0
corrected_vs_heuristic,109937,0.3,2027.0,1,1,0.0,0.00406173,0.00902807,-0.00496634,8,4,4.0,0,0,0.0,0,0,0.0
corrected_vs_heuristic,109937,0.3,2028.0,0,1,-1.0,1.6913198,0.57596323,1.11535657,1,15,-14.0,0,1,-1.0,0,0,0.0
corrected_vs_heuristic,11076,0.2,2026.0,0,0,0.0,1.29317618,1.89551338,-0.6023372,15,12,3.0,1,1,0.0,1,1,0.0
corrected_vs_heuristic,11076,0.2,2027.0,0,1,-1.0,0.92718573,0.19768914,0.72949659,15,15,0.0,1,1,0.0,1,1,0.0
corrected_vs_heuristic,11076,0.2,2028.0,0,0,0.0,1.80446664,1.97481902,-0.17035238,5,9,-4.0,0,1,-1.0,0,0,0.0
corrected_vs_heuristic,11076,0.3,2026.0,0,0,0.0,1.25297533,1.97859271,-0.72561738,15,15,0.0,1,1,0.0,1,1,0.0
corrected_vs_heuristic,11076,0.3,2027.0,0,0,0.0,1.00117082,1.97288911,-0.97171829,15,10,5.0,1,1,0.0,1,0,1.0
corrected_vs_heuristic,11076,0.3,2028.0,0,0,0.0,1.65878508,1.78199709,-0.12321201,15,14,1.0,0,1,-1.0,0,1,-1.0
corrected_vs_heuristic,111597,0.2,2026.0,1,1,0.0,0.00526281,0.00526281,0.0,3,3,0.0,0,0,0.0,0,0,0.0
corrected_vs_heuristic,111597,0.2,2027.0,1,1,0.0,0.00638838,5.837e-05,0.00633001,3,4,-1.0,0,1,-1.0,0,1,-1.0
corrected_vs_heuristic,111597,0.2,2028.0,1,1,0.0,0.00526281,0.00526281,0.0,3,3,0.0,0,0,0.0,0,0,0.0
corrected_vs_heuristic,111597,0.3,2026.0,1,1,0.0,0.00526281,0.00526281,0.0,3,3,0.0,0,0,0.0,0,0,0.0
corrected_vs_heuristic,111597,0.3,2027.0,1,1,0.0,0.00066156,0.00066156,0.0,7,7,0.0,1,1,0.0,0,0,0.0
corrected_vs_heuristic,111597,0.3,2028.0,1,1,0.0,0.00087967,0.00024838,0.00063129,3,5,-2.0,0,1,-1.0,0,1,-1.0
corrected_vs_heuristic,111718,0.2,2026.0,1,1,0.0,0.00837912,0.62438771,-0.61600859,12,15,-3.0,0,1,-1.0,0,1,-1.0
corrected_vs_heuristic,111718,0.2,2027.0,1,1,0.0,0.75152258,8.822e-05,0.75143436,15,11,4.0,0,1,-1.0,0,0,0.0
corrected_vs_heuristic,111718,0.2,2028.0,1,1,0.0,0.02353445,0.00025594,0.02327851,15,14,1.0,0,1,-1.0,0,0,0.0
corrected_vs_heuristic,111718,0.3,2026.0,1,1,0.0,0.00072526,0.00107227,-0.00034701,11,9,2.0,0,0,0.0,0,0,0.0
corrected_vs_heuristic,111718,0.3,2027.0,1,1,0.0,0.01147802,0.00053748,0.01094054,11,13,-2.0,0,1,-1.0,0,1,-1.0
corrected_vs_heuristic,111718,0.3,2028.0,0,1,-1.0,1.03618115,0.01345997,1.02272118,15,14,1.0,1,1,0.0,1,0,1.0
corrected_vs_heuristic,111892,0.2,2026.0,0,1,-1.0,0.96876136,0.0146301,0.95413126,15,15,0.0,0,1,-1.0,0,0,0.0
corrected_vs_heuristic,111892,0.2,2027.0,1,1,0.0,0.00680424,9.043e-05,0.00671381,12,15,-3.0,0,1,-1.0,0,1,-1.0
corrected_vs_heuristic,111892,0.2,2028.0,0,1,-1.0,1.72819893,0.52702614,1.20117279,4,15,-11.0,0,1,-1.0,0,0,0.0
corrected_vs_heuristic,111892,0.3,2026.0,1,1,0.0,0.28502195,0.00452263,0.28049932,15,15,0.0,0,1,-1.0,0,0,0.0
corrected_vs_heuristic,111892,0.3,2027.0,1,1,0.0,0.00664107,0.62376196,-0.61712089,12,15,-3.0,0,1,-1.0,0,1,-1.0
corrected_vs_heuristic,111892,0.3,2028.0,0,0,0.0,0.99086893,0.59283083,0.3980381,15,15,0.0,0,1,-1.0,0,0,0.0
corrected_vs_heuristic,112339,0.2,2026.0,0,0,0.0,1.73675304,1.54848277,0.18827027,14,15,-1.0,0,1,-1.0,0,0,0.0
corrected_vs_heuristic,112339,0.2,2027.0,0,0,0.0,1.85913587,1.05152134,0.80761453,3,15,-12.0,0,1,-1.0,0,0,0.0
corrected_vs_heuristic,112339,0.2,2028.0,0,0,0.0,1.85428121,1.83927904,0.01500217,12,14,-2.0,0,1,-1.0,0,1,-1.0
corrected_vs_heuristic,112339,0.3,2026.0,1,1,0.0,0.63878365,0.59147152,0.04731213,15,15,0.0,0,1,-1.0,0,0,0.0
corrected_vs_heuristic,112339,0.3,2027.0,1,1,0.0,0.65915397,0.28081503,0.37833894,15,15,0.0,0,1,-1.0,0,1,-1.0
corrected_vs_heuristic,112339,0.3,2028.0,1,1,0.0,0.01042061,0.30561581,-0.2951952,11,15,-4.0,0,1,-1.0,0,1,-1.0
corrected_vs_heuristic,112884,0.2,2026.0,0,1,-1.0,1.85186501,0.39435377,1.45751124,10,15,-5.0,0,1,-1.0,0,0,0.0
corrected_vs_heuristic,112884,0.2,2027.0,1,1,0.0,0.37714969,0.0086865,0.36846319,15,12,3.0,0,0,0.0,0,0,0.0
corrected_vs_heuristic,112884,0.2,2028.0,1,1,0.0,0.02893768,0.01514065,0.01379703,4,5,-1.0,0,0,0.0,0,0,0.0
corrected_vs_heuristic,112884,0.3,2026.0,1,0,1.0,0.87681443,1.00661955,-0.12980512,15,15,0.0,0,1,-1.0,0,0,0.0
corrected_vs_heuristic,112884,0.3,2027.0,1,1,0.0,0.02244298,0.00813736,0.01430562,4,5,-1.0,0,0,0.0,0,0,0.0
corrected_vs_heuristic,112884,0.3,2028.0,1,1,0.0,0.026972,0.01417427,0.01279773,6,7,-1.0,0,0,0.0,0,0,0.0
corrected_vs_heuristic,114028,0.2,2026.0,1,0,1.0,0.00311678,1.83500269,-1.83188591,3,9,-6.0,0,0,0.0,0,0,0.0
corrected_vs_heuristic,114028,0.2,2027.0,1,1,0.0,0.00275921,0.00807838,-0.00531917,9,7,2.0,1,1,0.0,1,1,0.0
corrected_vs_heuristic,114028,0.2,2028.0,1,1,0.0,0.00023747,0.00863089,-0.00839342,7,8,-1.0,0,1,-1.0,0,1,-1.0
corrected_vs_heuristic,114028,0.3,2026.0,1,1,0.0,0.00020261,3.383e-05,0.00016878,3,8,-5.0,0,1,-1.0,0,0,0.0
corrected_vs_heuristic,114028,0.3,2027.0,1,1,0.0,0.00020261,0.00121913,-0.00101652,3,6,-3.0,0,0,0.0,0,0,0.0
corrected_vs_heuristic,114028,0.3,2028.0,1,1,0.0,0.00311166,0.0012099,0.00190176,3,14,-11.0,0,1,-1.0,0,1,-1.0
corrected_vs_heuristic,114042,0.2,2026.0,1,1,0.0,0.00022659,0.00022659,0.0,3,3,0.0,0,0,0.0,0,0,0.0
corrected_vs_heuristic,114042,0.2,2027.0,1,1,0.0,0.00022659,0.00022659,0.0,3,3,0.0,0,0,0.0,0,0,0.0
corrected_vs_heuristic,114042,0.2,2028.0,1,1,0.0,0.00017476,0.00017476,0.0,4,4,0.0,0,0,0.0,0,0,0.0
corrected_vs_heuristic,114042,0.3,2026.0,1,1,0.0,0.00042249,0.00042249,0.0,4,4,0.0,0,0,0.0,0,0,0.0
corrected_vs_heuristic,114042,0.3,2027.0,1,1,0.0,0.00022659,0.00022659,0.0,3,3,0.0,0,0,0.0,0,0,0.0
corrected_vs_heuristic,114042,0.3,2028.0,1,1,0.0,0.00025325,0.00025325,0.0,3,3,0.0,0,0,0.0,0,0,0.0
corrected_vs_heuristic,114245,0.2,2026.0,1,1,0.0,0.01737128,0.00629854,0.01107274,13,12,1.0,0,1,-1.0,0,1,-1.0
corrected_vs_heuristic,114245,0.2,2027.0,1,1,0.0,0.00160516,0.00195923,-0.00035407,6,4,2.0,0,0,0.0,0,0,0.0
corrected_vs_heuristic,114245,0.2,2028.0,1,1,0.0,0.00036794,0.00656321,-0.00619527,9,11,-2.0,0,1,-1.0,0,1,-1.0
corrected_vs_heuristic,114245,0.3,2026.0,1,1,0.0,0.00763938,0.00573967,0.00189971,10,14,-4.0,0,1,-1.0,0,1,-1.0
corrected_vs_heuristic,114245,0.3,2027.0,1,1,0.0,0.00045465,0.00189333,-0.00143868,8,10,-2.0,0,1,-1.0,0,1,-1.0
corrected_vs_heuristic,114245,0.3,2028.0,0,0,0.0,1.87597406,1.74865667,0.12731739,6,5,1.0,0,1,-1.0,0,0,0.0
corrected_vs_heuristic,115235,0.2,2026.0,1,1,0.0,0.000167,0.000167,0.0,4,6,-2.0,0,1,-1.0,0,0,0.0
corrected_vs_heuristic,115235,0.2,2027.0,1,1,0.0,0.00883543,0.00326902,0.00556641,3,5,-2.0,0,0,0.0,0,0,0.0
corrected_vs_heuristic,115235,0.2,2028.0,1,1,0.0,0.00883543,0.0041878,0.00464763,3,5,-2.0,0,0,0.0,0,0,0.0
corrected_vs_heuristic,115235,0.3,2026.0,1,1,0.0,0.000167,0.00010808,5.892e-05,4,7,-3.0,0,1,-1.0,0,0,0.0
corrected_vs_heuristic,115235,0.3,2027.0,1,1,0.0,0.00883543,0.00326902,0.00556641,3,5,-2.0,0,0,0.0,0,0,0.0
corrected_vs_heuristic,115235,0.3,2028.0,1,1,0.0,0.68395791,0.00385283,0.68010508,15,10,5.0,0,1,-1.0,0,0,0.0
corrected_vs_heuristic,116452,0.2,2026.0,0,0,0.0,1.21791432,1.12961687,0.08829745,15,15,0.0,0,1,-1.0,0,1,-1.0
corrected_vs_heuristic,116452,0.2,2027.0,0,0,0.0,0.99234711,1.62348429,-0.63113718,15,15,0.0,0,1,-1.0,0,1,-1.0
corrected_vs_heuristic,116452,0.2,2028.0,0,0,0.0,1.43019351,1.26963166,0.16056185,15,15,0.0,0,1,-1.0,0,0,0.0
corrected_vs_heuristic,116452,0.3,2026.0,0,0,0.0,0.90638468,0.82694255,0.07944213,15,15,0.0,0,1,-1.0,0,0,0.0
corrected_vs_heuristic,116452,0.3,2027.0,1,0,1.0,0.73929817,1.17562064,-0.43632247,15,15,0.0,0,1,-1.0,0,1,-1.0
corrected_vs_heuristic,116452,0.3,2028.0,0,1,-1.0,1.88344877,0.73740539,1.14604338,12,15,-3.0,0,1,-1.0,0,0,0.0
corrected_vs_heuristic,116991,0.2,2026.0,1,1,0.0,0.00034358,0.00092731,-0.00058373,3,8,-5.0,0,1,-1.0,0,1,-1.0
corrected_vs_heuristic,116991,0.2,2027.0,0,1,-1.0,1.82527834,0.6041536,1.22112474,3,15,-12.0,0,1,-1.0,0,1,-1.0
corrected_vs_heuristic,116991,0.2,2028.0,1,1,0.0,0.0049747,0.00300227,0.00197243,2,6,-4.0,0,1,-1.0,0,1,-1.0
corrected_vs_heuristic,116991,0.3,2026.0,1,1,0.0,0.0049747,0.0029091,0.0020656,2,3,-1.0,0,0,0.0,0,0,0.0
corrected_vs_heuristic,116991,0.3,2027.0,1,1,0.0,0.00859624,9.316e-05,0.00850308,2,10,-8.0,0,1,-1.0,0,0,0.0
corrected_vs_heuristic,116991,0.3,2028.0,1,1,0.0,4.83e-05,0.0029091,-0.0028608,7,3,4.0,0,0,0.0,0,0,0.0
corrected_vs_heuristic,117339,0.2,2026.0,1,1,0.0,0.0050979,0.00625519,-0.00115729,9,11,-2.0,1,1,0.0,0,0,0.0
corrected_vs_heuristic,117339,0.2,2027.0,1,0,1.0,0.00265419,0.64722568,-0.64457149,5,15,-10.0,0,1,-1.0,0,1,-1.0
corrected_vs_heuristic,117339,0.2,2028.0,0,1,-1.0,1.73161775,0.65783696,1.07378079,15,15,0.0,0,1,-1.0,0,0,0.0
corrected_vs_heuristic,117339,0.3,2026.0,1,1,0.0,0.01817341,0.01344576,0.00472765,10,9,1.0,1,1,0.0,0,0,0.0
corrected_vs_heuristic,117339,0.3,2027.0,1,1,0.0,0.00046782,0.00389577,-0.00342795,6,10,-4.0,0,1,-1.0,0,1,-1.0
corrected_vs_heuristic,117339,0.3,2028.0,1,1,0.0,0.0021225,0.00050673,0.00161577,6,12,-6.0,0,1,-1.0,0,0,0.0
corrected_vs_heuristic,117692,0.2,2026.0,0,0,0.0,0.93317788,1.05758662,-0.12440874,15,15,0.0,0,1,-1.0,0,0,0.0
corrected_vs_heuristic,117692,0.2,2027.0,1,1,0.0,0.01063339,0.00174232,0.00889107,12,11,1.0,0,1,-1.0,0,1,-1.0
corrected_vs_heuristic,117692,0.2,2028.0,1,1,0.0,0.00022651,1.859e-05,0.00020792,11,10,1.0,0,0,0.0,0,0,0.0
corrected_vs_heuristic,117692,0.3,2026.0,0,1,-1.0,1.95582432,8.423e-05,1.95574009,8,12,-4.0,0,1,-1.0,0,1,-1.0
corrected_vs_heuristic,117692,0.3,2027.0,0,0,0.0,0.96661204,0.9859702,-0.01935816,15,15,0.0,0,1,-1.0,0,1,-1.0
corrected_vs_heuristic,117692,0.3,2028.0,1,0,1.0,0.00161002,0.63665049,-0.63504047,10,15,-5.0,0,1,-1.0,0,0,0.0
corrected_vs_heuristic,118067,0.2,2026.0,1,0,1.0,0.00621668,1.88177538,-1.8755587,7,3,4.0,0,0,0.0,0,0,0.0
corrected_vs_heuristic,118067,0.2,2027.0,1,1,0.0,0.00028879,0.00155127,-0.00126248,7,8,-1.0,0,1,-1.0,0,1,-1.0
corrected_vs_heuristic,118067,0.2,2028.0,1,1,0.0,0.01127781,0.0010793,0.01019851,8,6,2.0,0,0,0.0,0,0,0.0
corrected_vs_heuristic,118067,0.3,2026.0,1,1,0.0,0.00537102,0.00114872,0.0042223,11,8,3.0,0,1,-1.0,0,1,-1.0
corrected_vs_heuristic,118067,0.3,2027.0,0,1,-1.0,1.96274631,0.00028215,1.96246416,5,12,-7.0,0,1,-1.0,0,1,-1.0
corrected_vs_heuristic,118067,0.3,2028.0,1,1,0.0,0.01412563,0.00219423,0.0119314,15,14,1.0,0,1,-1.0,0,0,0.0
corrected_vs_heuristic,118143,0.2,2026.0,1,1,0.0,0.00010653,0.00020277,-9.624e-05,6,7,-1.0,0,0,0.0,0,0,0.0
corrected_vs_heuristic,118143,0.2,2027.0,0,0,0.0,1.06022188,1.26597661,-0.20575473,15,15,0.0,0,0,0.0,0,0,0.0
corrected_vs_heuristic,118143,0.2,2028.0,0,1,-1.0,1.00104339,3.664e-05,1.00100675,15,9,6.0,0,1,-1.0,0,0,0.0
corrected_vs_heuristic,118143,0.3,2026.0,1,0,1.0,0.01180559,0.88876941,-0.87696382,12,15,-3.0,0,1,-1.0,0,1,-1.0
corrected_vs_heuristic,118143,0.3,2027.0,0,0,0.0,1.04297355,1.03611066,0.00686289,15,15,0.0,0,0,0.0,0,0,0.0
corrected_vs_heuristic,118143,0.3,2028.0,1,0,1.0,0.00135585,1.082161,-1.08080515,10,15,-5.0,1,1,0.0,0,1,-1.0
corrected_vs_heuristic,11918,0.2,2026.0,1,1,0.0,0.00746805,0.06833564,-0.06086759,11,15,-4.0,1,1,0.0,0,0,0.0
corrected_vs_heuristic,11918,0.2,2027.0,1,1,0.0,0.0009845,0.0009845,0.0,3,3,0.0,0,0,0.0,0,0,0.0
corrected_vs_heuristic,11918,0.2,2028.0,1,1,0.0,0.0009845,0.0009845,0.0,3,3,0.0,0,0,0.0,0,0,0.0
corrected_vs_heuristic,11918,0.3,2026.0,1,1,0.0,0.0009845,0.0009845,0.0,3,3,0.0,0,0,0.0,0,0,0.0
corrected_vs_heuristic,11918,0.3,2027.0,1,1,0.0,0.00113302,0.00113302,0.0,3,3,0.0,0,0,0.0,0,0,0.0
corrected_vs_heuristic,11918,0.3,2028.0,1,1,0.0,0.00730066,0.00444528,0.00285538,5,7,-2.0,0,1,-1.0,0,1,-1.0
corrected_vs_heuristic,1195,0.2,2026.0,1,1,0.0,9.518e-05,0.00294091,-0.00284573,3,5,-2.0,0,1,-1.0,0,1,-1.0
corrected_vs_heuristic,1195,0.2,2027.0,1,1,0.0,5.738e-05,0.00300433,-0.00294695,2,5,-3.0,0,1,-1.0,0,0,0.0
corrected_vs_heuristic,1195,0.2,2028.0,1,1,0.0,5.738e-05,0.00279988,-0.0027425,2,3,-1.0,0,0,0.0,0,0,0.0
corrected_vs_heuristic,1195,0.3,2026.0,1,1,0.0,5.738e-05,0.00279988,-0.0027425,2,3,-1.0,0,0,0.0,0,0,0.0
corrected_vs_heuristic,1195,0.3,2027.0,1,1,0.0,5.738e-05,3.727e-05,2.011e-05,2,6,-4.0,0,1,-1.0,0,1,-1.0
corrected_vs_heuristic,1195,0.3,2028.0,1,1,0.0,0.00132302,0.00279988,-0.00147686,3,3,0.0,0,0,0.0,0,0,0.0
corrected_vs_heuristic,119507,0.2,2026.0,1,1,0.0,0.00914077,0.00054944,0.00859133,4,5,-1.0,0,0,0.0,0,0,0.0
corrected_vs_heuristic,119507,0.2,2027.0,1,1,0.0,0.00774877,0.00400905,0.00373972,6,8,-2.0,0,1,-1.0,0,0,0.0
corrected_vs_heuristic,119507,0.2,2028.0,1,1,0.0,0.00068178,0.00029008,0.0003917,7,6,1.0,0,0,0.0,0,0,0.0
corrected_vs_heuristic,119507,0.3,2026.0,1,1,0.0,0.00914077,0.00054944,0.00859133,4,5,-1.0,0,0,0.0,0,0,0.0
corrected_vs_heuristic,119507,0.3,2027.0,0,1,-1.0,1.19022032,0.44785298,0.74236734,15,15,0.0,0,1,-1.0,0,0,0.0
corrected_vs_heuristic,119507,0.3,2028.0,1,1,0.0,0.00058704,0.0002884,0.00029864,14,10,4.0,0,1,-1.0,0,0,0.0
corrected_vs_heuristic,119896,0.2,2026.0,1,1,0.0,0.00123605,0.00040094,0.00083511,15,11,4.0,0,1,-1.0,0,0,0.0
corrected_vs_heuristic,119896,0.2,2027.0,1,1,0.0,0.02161311,0.00023775,0.02137536,9,10,-1.0,0,1,-1.0,0,0,0.0
corrected_vs_heuristic,119896,0.2,2028.0,1,1,0.0,0.10958172,0.00013775,0.10944397,15,6,9.0,0,0,0.0,0,0,0.0
corrected_vs_heuristic,119896,0.3,2026.0,1,1,0.0,0.01841532,0.00035141,0.01806391,11,7,4.0,0,0,0.0,0,0,0.0
corrected_vs_heuristic,119896,0.3,2027.0,1,1,0.0,0.02122381,0.00281009,0.01841372,11,9,2.0,0,1,-1.0,0,1,-1.0
corrected_vs_heuristic,119896,0.3,2028.0,1,0,1.0,0.13731522,1.0718827,-0.93456748,15,15,0.0,1,1,0.0,0,1,-1.0
corrected_vs_heuristic,12,0.2,2026.0,0,0,0.0,1.84785719,1.08305037,0.76480682,9,15,-6.0,0,1,-1.0,0,0,0.0
corrected_vs_heuristic,12,0.2,2027.0,1,1,0.0,0.00118337,0.00151052,-0.00032715,6,4,2.0,0,0,0.0,0,0,0.0
corrected_vs_heuristic,12,0.2,2028.0,1,1,0.0,0.00079525,0.00151052,-0.00071527,6,4,2.0,0,0,0.0,0,0,0.0
corrected_vs_heuristic,12,0.3,2026.0,1,1,0.0,0.00076371,0.00118846,-0.00042475,7,6,1.0,0,1,-1.0,0,1,-1.0
corrected_vs_heuristic,12,0.3,2027.0,1,1,0.0,0.00083434,0.00073335,0.00010099,6,5,1.0,0,0,0.0,0,0,0.0
corrected_vs_heuristic,12,0.3,2028.0,1,1,0.0,0.00084675,0.00159753,-0.00075078,6,5,1.0,0,1,-1.0,0,1,-1.0
corrected_vs_heuristic,120617,0.2,2026.0,1,1,0.0,0.02914778,0.00189942,0.02724836,1,6,-5.0,0,0,0.0,0,0,0.0
corrected_vs_heuristic,120617,0.2,2027.0,1,1,0.0,0.02914778,0.00135868,0.0277891,1,6,-5.0,0,0,0.0,0,0,0.0
corrected_vs_heuristic,120617,0.2,2028.0,1,1,0.0,0.02914778,0.01517911,0.01396867,1,11,-10.0,0,1,-1.0,0,0,0.0
corrected_vs_heuristic,120617,0.3,2026.0,1,1,0.0,0.06215323,0.01323377,0.04891946,3,8,-5.0,0,1,-1.0,0,0,0.0
corrected_vs_heuristic,120617,0.3,2027.0,1,1,0.0,0.04521775,0.00349971,0.04171804,8,11,-3.0,1,1,0.0,0,0,0.0
corrected_vs_heuristic,120617,0.3,2028.0,1,1,0.0,0.02914778,0.00171582,0.02743196,1,6,-5.0,0,0,0.0,0,0,0.0
corrected_vs_heuristic,121089,0.2,2026.0,1,1,0.0,0.02945089,0.65646085,-0.62700996,12,15,-3.0,0,0,0.0,0,0,0.0
corrected_vs_heuristic,121089,0.2,2027.0,1,1,0.0,0.02260635,0.00586567,0.01674068,14,10,4.0,1,0,1.0,0,0,0.0
corrected_vs_heuristic,121089,0.2,2028.0,1,0,1.0,0.03848282,1.58700097,-1.54851815,9,15,-6.0,1,1,0.0,0,0,0.0
corrected_vs_heuristic,121089,0.3,2026.0,1,0,1.0,0.83647107,0.73500161,0.10146946,15,15,0.0,0,1,-1.0,0,0,0.0
corrected_vs_heuristic,121089,0.3,2027.0,1,1,0.0,0.06139059,0.42701284,-0.36562225,15,15,0.0,0,1,-1.0,0,0,0.0
corrected_vs_heuristic,121089,0.3,2028.0,1,1,0.0,0.40932722,0.66126672,-0.2519395,15,15,0.0,0,1,-1.0,0,0,0.0
corrected_vs_heuristic,121262,0.2,2026.0,1,1,0.0,0.0069443,0.00012251,0.00682179,3,6,-3.0,0,0,0.0,0,0,0.0
corrected_vs_heuristic,121262,0.2,2027.0,1,1,0.0,0.0069443,0.00164583,0.00529847,3,2,1.0,0,0,0.0,0,0,0.0
corrected_vs_heuristic,121262,0.2,2028.0,1,1,0.0,0.0069443,0.00164583,0.00529847,3,2,1.0,0,0,0.0,0,0,0.0
corrected_vs_heuristic,121262,0.3,2026.0,1,1,0.0,0.0069443,0.0019847,0.0049596,3,12,-9.0,0,1,-1.0,0,0,0.0
corrected_vs_heuristic,121262,0.3,2027.0,1,1,0.0,0.00983361,0.00730211,0.0025315,3,7,-4.0,0,1,-1.0,0,1,-1.0
corrected_vs_heuristic,121262,0.3,2028.0,1,1,0.0,0.00902116,0.00064445,0.00837671,1,3,-2.0,0,0,0.0,0,0,0.0
corrected_vs_heuristic,121307,0.2,2026.0,1,1,0.0,0.00105651,1.764e-05,0.00103887,3,11,-8.0,0,1,-1.0,0,0,0.0
corrected_vs_heuristic,121307,0.2,2027.0,1,1,0.0,0.00105651,7.595e-05,0.00098056,3,6,-3.0,0,0,0.0,0,0,0.0
corrected_vs_heuristic,121307,0.2,2028.0,1,1,0.0,0.00205222,0.65875694,-0.65670472,2,15,-13.0,0,1,-1.0,0,0,0.0
corrected_vs_heuristic,121307,0.3,2026.0,1,0,1.0,0.00112325,1.20446476,-1.20334151,4,15,-11.0,0,1,-1.0,0,0,0.0
corrected_vs_heuristic,121307,0.3,2027.0,1,1,0.0,0.00229061,0.00083857,0.00145204,4,12,-8.0,0,1,-1.0,0,1,-1.0
corrected_vs_heuristic,121307,0.3,2028.0,1,1,0.0,5.863e-05,0.00144538,-0.00138675,5,10,-5.0,0,0,0.0,0,0,0.0
corrected_vs_heuristic,121385,0.2,2026.0,0,1,-1.0,1.74025164,0.00427075,1.73598089,10,10,0.0,0,1,-1.0,0,0,0.0
corrected_vs_heuristic,121385,0.2,2027.0,0,1,-1.0,1.96952406,0.00270344,1.96682062,14,13,1.0,1,1,0.0,0,1,-1.0
corrected_vs_heuristic,121385,0.2,2028.0,1,1,0.0,0.02414201,0.00516523,0.01897678,15,14,1.0,1,1,0.0,0,0,0.0
corrected_vs_heuristic,121385,0.3,2026.0,1,1,0.0,0.78424102,0.09490627,0.68933475,15,15,0.0,0,1,-1.0,0,1,-1.0
corrected_vs_heuristic,121385,0.3,2027.0,0,0,0.0,1.44600258,1.05475783,0.39124475,15,15,0.0,0,1,-1.0,0,0,0.0
corrected_vs_heuristic,121385,0.3,2028.0,0,1,-1.0,0.97831135,0.28930143,0.68900992,15,15,0.0,0,1,-1.0,0,0,0.0
corrected_vs_heuristic,12181,0.2,2026.0,0,1,-1.0,1.91431999,0.22885424,1.68546575,11,15,-4.0,0,1,-1.0,0,1,-1.0
corrected_vs_heuristic,12181,0.2,2027.0,1,0,1.0,0.0272284,1.36537029,-1.33814189,15,15,0.0,0,1,-1.0,0,0,0.0
corrected_vs_heuristic,12181,0.2,2028.0,1,0,1.0,2.473e-05,1.58840044,-1.58837571,14,15,-1.0,0,1,-1.0,0,1,-1.0
corrected_vs_heuristic,12181,0.3,2026.0,1,0,1.0,0.04995189,1.85379514,-1.80384325,15,11,4.0,0,1,-1.0,0,0,0.0
corrected_vs_heuristic,12181,0.3,2027.0,1,1,0.0,0.00644825,0.0001397,0.00630855,11,7,4.0,0,0,0.0,0,0,0.0
corrected_vs_heuristic,12181,0.3,2028.0,1,1,0.0,0.00494086,0.00897923,-0.00403837,11,15,-4.0,0,1,-1.0,0,1,-1.0
corrected_vs_heuristic,122570,0.2,2026.0,0,0,0.0,1.1414427,1.17610078,-0.03465808,15,15,0.0,0,1,-1.0,0,0,0.0
corrected_vs_heuristic,122570,0.2,2027.0,0,0,0.0,0.93814858,0.86195889,0.07618969,15,15,0.0,0,1,-1.0,0,1,-1.0
corrected_vs_heuristic,122570,0.2,2028.0,0,0,0.0,1.90989662,0.97970977,0.93018685,8,15,-7.0,0,1,-1.0,0,1,-1.0
corrected_vs_heuristic,122570,0.3,2026.0,1,1,0.0,0.01226421,0.00077783,0.01148638,8,6,2.0,1,0,1.0,1,0,1.0
corrected_vs_heuristic,122570,0.3,2027.0,0,0,0.0,1.34959645,1.01638659,0.33320986,15,15,0.0,0,1,-1.0,0,1,-1.0
corrected_vs_heuristic,122570,0.3,2028.0,0,0,0.0,0.99865041,1.01369452,-0.01504411,15,15,0.0,0,1,-1.0,0,1,-1.0
corrected_vs_heuristic,122931,0.2,2026.0,1,0,1.0,0.05584783,0.91183867,-0.85599084,15,15,0.0,1,1,0.0,0,1,-1.0
corrected_vs_heuristic,122931,0.2,2027.0,1,1,0.0,0.00162505,0.00026617,0.00135888,15,15,0.0,0,1,-1.0,0,0,0.0
corrected_vs_heuristic,122931,0.2,2028.0,0,0,0.0,0.97486369,1.04095055,-0.06608686,15,15,0.0,0,1,-1.0,0,1,-1.0
corrected_vs_heuristic,122931,0.3,2026.0,0,1,-1.0,1.09592833,0.0071286,1.08879973,15,14,1.0,0,1,-1.0,0,0,0.0
corrected_vs_heuristic,122931,0.3,2027.0,1,1,0.0,0.63125868,0.36623214,0.26502654,15,15,0.0,0,1,-1.0,0,0,0.0
corrected_vs_heuristic,122931,0.3,2028.0,0,1,-1.0,0.94491592,0.03334867,0.91156725,15,15,0.0,0,1,-1.0,0,0,0.0
corrected_vs_heuristic,123544,0.2,2026.0,1,1,0.0,0.00773566,0.00521135,0.00252431,13,13,0.0,0,1,-1.0,0,1,-1.0
corrected_vs_heuristic,123544,0.2,2027.0,1,1,0.0,0.03106747,0.03235907,-0.0012916,10,15,-5.0,1,1,0.0,0,1,-1.0
corrected_vs_heuristic,123544,0.2,2028.0,1,1,0.0,0.00208522,0.01077904,-0.00869382,9,15,-6.0,0,1,-1.0,0,1,-1.0
corrected_vs_heuristic,123544,0.3,2026.0,1,1,0.0,0.00313447,0.00313332,1.15e-06,8,9,-1.0,0,1,-1.0,0,1,-1.0
corrected_vs_heuristic,123544,0.3,2027.0,1,1,0.0,0.00859761,0.00434959,0.00424802,6,9,-3.0,0,1,-1.0,0,1,-1.0
corrected_vs_heuristic,123544,0.3,2028.0,0,1,-1.0,1.92877693,0.37014301,1.55863392,7,15,-8.0,0,1,-1.0,0,0,0.0
corrected_vs_heuristic,12377,0.2,2026.0,1,1,0.0,0.0017767,4.251e-05,0.00173419,4,4,0.0,0,0,0.0,0,0,0.0
corrected_vs_heuristic,12377,0.2,2027.0,1,1,0.0,0.00010413,4.63e-06,9.95e-05,4,5,-1.0,0,0,0.0,0,0,0.0
corrected_vs_heuristic,12377,0.2,2028.0,1,1,0.0,0.00010413,4.251e-05,6.162e-05,4,4,0.0,0,0,0.0,0,0,0.0
corrected_vs_heuristic,12377,0.3,2026.0,1,1,0.0,0.0001042,4.251e-05,6.169e-05,5,4,1.0,0,0,0.0,0,0,0.0
corrected_vs_heuristic,12377,0.3,2027.0,1,0,1.0,7.193e-05,1.05239388,-1.05232195,9,15,-6.0,1,1,0.0,0,1,-1.0
corrected_vs_heuristic,12377,0.3,2028.0,1,0,1.0,0.00177324,1.8883183,-1.88654506,4,2,2.0,0,0,0.0,0,0,0.0
corrected_vs_heuristic,123781,0.2,2026.0,1,1,0.0,0.01568953,0.00824108,0.00744845,9,7,2.0,0,0,0.0,0,0,0.0
corrected_vs_heuristic,123781,0.2,2027.0,1,1,0.0,0.01568953,0.00824108,0.00744845,9,7,2.0,0,0,0.0,0,0,0.0
corrected_vs_heuristic,123781,0.2,2028.0,1,1,0.0,0.01243013,0.00013775,0.01229238,9,6,3.0,0,0,0.0,0,0,0.0
corrected_vs_heuristic,123781,0.3,2026.0,0,0,0.0,1.97502522,1.97090891,0.00411631,6,3,3.0,0,0,0.0,0,0,0.0
corrected_vs_heuristic,123781,0.3,2027.0,1,0,1.0,0.75585728,1.01800279,-0.26214551,15,15,0.0,0,1,-1.0,0,0,0.0
corrected_vs_heuristic,123781,0.3,2028.0,0,0,0.0,0.90887824,1.03069537,-0.12181713,15,15,0.0,0,1,-1.0,0,1,-1.0
corrected_vs_heuristic,123939,0.2,2026.0,1,1,0.0,0.02186933,0.00021536,0.02165397,2,5,-3.0,0,0,0.0,0,0,0.0
corrected_vs_heuristic,123939,0.2,2027.0,1,1,0.0,0.01853659,0.00086299,0.0176736,1,3,-2.0,0,0,0.0,0,0,0.0
corrected_vs_heuristic,123939,0.2,2028.0,1,1,0.0,0.02186933,0.00110963,0.0207597,2,6,-4.0,0,0,0.0,0,0,0.0
corrected_vs_heuristic,123939,0.3,2026.0,1,1,0.0,0.01853659,0.01160668,0.00692991,1,6,-5.0,0,1,-1.0,0,1,-1.0
corrected_vs_heuristic,123939,0.3,2027.0,1,1,0.0,0.02186933,0.00021536,0.02165397,2,5,-3.0,0,0,0.0,0,0,0.0
corrected_vs_heuristic,123939,0.3,2028.0,1,1,0.0,0.01853659,0.00093597,0.01760062,1,4,-3.0,0,0,0.0,0,0,0.0
corrected_vs_heuristic,125147,0.2,2026.0,1,1,0.0,0.00811615,0.0002839,0.00783225,15,7,8.0,0,0,0.0,0,0,0.0
corrected_vs_heuristic,125147,0.2,2027.0,1,1,0.0,0.0079426,0.0002839,0.0076587,13,7,6.0,0,0,0.0,0,0,0.0
corrected_vs_heuristic,125147,0.2,2028.0,1,1,0.0,0.00072652,1.914e-05,0.00070738,11,7,4.0,0,1,-1.0,0,1,-1.0
corrected_vs_heuristic,125147,0.3,2026.0,1,1,0.0,0.0056119,0.00093154,0.00468036,11,11,0.0,0,1,-1.0,0,1,-1.0
corrected_vs_heuristic,125147,0.3,2027.0,0,0,0.0,1.50920509,1.03595792,0.47324717,15,15,0.0,0,1,-1.0,0,1,-1.0
corrected_vs_heuristic,125147,0.3,2028.0,1,1,0.0,0.0056119,0.00319456,0.00241734,12,14,-2.0,1,1,0.0,0,1,-1.0
corrected_vs_heuristic,12568,0.2,2026.0,1,1,0.0,0.00810963,0.00099769,0.00711194,10,6,4.0,0,0,0.0,0,0,0.0
corrected_vs_heuristic,12568,0.2,2027.0,1,1,0.0,0.07484476,0.00150059,0.07334417,5,7,-2.0,0,0,0.0,0,0,0.0
corrected_vs_heuristic,12568,0.2,2028.0,1,1,0.0,0.07484476,0.00150059,0.07334417,5,7,-2.0,0,0,0.0,0,0,0.0
corrected_vs_heuristic,12568,0.3,2026.0,0,1,-1.0,1.21882195,0.16959199,1.04922996,15,15,0.0,0,1,-1.0,0,0,0.0
corrected_vs_heuristic,12568,0.3,2027.0,1,1,0.0,0.04119806,0.01187937,0.02931869,14,7,7.0,0,0,0.0,0,0,0.0
corrected_vs_heuristic,12568,0.3,2028.0,1,1,0.0,0.07484476,0.00638961,0.06845515,5,7,-2.0,0,0,0.0,0,0,0.0
corrected_vs_heuristic,125795,0.2,2026.0,1,1,0.0,0.16684727,0.04346035,0.12338692,15,12,3.0,0,1,-1.0,0,0,0.0
corrected_vs_heuristic,125795,0.2,2027.0,0,1,-1.0,1.8560964,0.03508913,1.82100727,7,15,-8.0,0,1,-1.0,0,0,0.0
corrected_vs_heuristic,125795,0.2,2028.0,0,0,0.0,1.771102,1.08645132,0.68465068,8,15,-7.0,0,0,0.0,0,0,0.0
corrected_vs_heuristic,125795,0.3,2026.0,1,1,0.0,0.14559278,0.06723204,0.07836074,15,15,0.0,0,1,-1.0,0,1,-1.0
corrected_vs_heuristic,125795,0.3,2027.0,0,0,0.0,1.03646862,1.09593367,-0.05946505,15,15,0.0,0,1,-1.0,0,0,0.0
corrected_vs_heuristic,125795,0.3,2028.0,1,1,0.0,0.37027826,0.0784671,0.29181116,15,15,0.0,0,1,-1.0,0,1,-1.0
corrected_vs_heuristic,127331,0.2,2026.0,1,1,0.0,0.00015887,0.00014934,9.53e-06,11,7,4.0,0,0,0.0,0,0,0.0
corrected_vs_heuristic,127331,0.2,2027.0,0,0,0.0,1.00553778,1.05990792,-0.05437014,15,15,0.0,0,1,-1.0,0,1,-1.0
corrected_vs_heuristic,127331,0.2,2028.0,1,1,0.0,0.00309986,0.00253291,0.00056695,13,7,6.0,0,0,0.0,0,0,0.0
corrected_vs_heuristic,127331,0.3,2026.0,0,1,-1.0,0.95196465,4.118e-05,0.95192347,15,10,5.0,0,1,-1.0,0,1,-1.0
corrected_vs_heuristic,127331,0.3,2027.0,0,0,0.0,0.95932484,1.09376955,-0.13444471,15,15,0.0,0,1,-1.0,0,1,-1.0
corrected_vs_heuristic,127331,0.3,2028.0,0,0,0.0,1.01660066,1.00002657,0.01657409,15,15,0.0,1,1,0.0,1,0,1.0
corrected_vs_heuristic,127360,0.2,2026.0,1,1,0.0,0.02648736,0.03899728,-0.01250992,12,12,0.0,1,1,0.0,0,0,0.0
corrected_vs_heuristic,127360,0.2,2027.0,0,1,-1.0,1.84911114,0.02270893,1.82640221,4,12,-8.0,0,1,-1.0,0,1,-1.0
corrected_vs_heuristic,127360,0.2,2028.0,1,1,0.0,0.03792336,0.039567,-0.00164364,10,11,-1.0,0,1,-1.0,0,1,-1.0
corrected_vs_heuristic,127360,0.3,2026.0,0,0,0.0,0.9196956,0.70438547,0.21531013,15,15,0.0,1,1,0.0,1,1,0.0
corrected_vs_heuristic,127360,0.3,2027.0,0,1,-1.0,1.05925773,0.04250962,1.01674811,15,15,0.0,0,1,-1.0,0,0,0.0
corrected_vs_heuristic,127360,0.3,2028.0,1,0,1.0,0.20741752,1.40952282,-1.2021053,15,13,2.0,0,1,-1.0,0,1,-1.0
corrected_vs_heuristic,128863,0.2,2026.0,1,1,0.0,0.00751437,0.00784716,-0.00033279,15,13,2.0,0,1,-1.0,0,1,-1.0
corrected_vs_heuristic,128863,0.2,2027.0,1,1,0.0,0.10210833,0.0035567,0.09855163,15,8,7.0,1,0,1.0,1,0,1.0
corrected_vs_heuristic,128863,0.2,2028.0,1,1,0.0,0.00624961,0.00609722,0.00015239,15,11,4.0,0,0,0.0,0,0,0.0
corrected_vs_heuristic,128863,0.3,2026.0,0,0,0.0,0.76209813,1.01242406,-0.25032593,15,15,0.0,1,1,0.0,1,0,1.0
corrected_vs_heuristic,128863,0.3,2027.0,0,0,0.0,1.19809984,1.2846709,-0.08657106,15,15,0.0,0,1,-1.0,0,0,0.0
corrected_vs_heuristic,128863,0.3,2028.0,0,0,0.0,0.9090456,1.91458822,-1.00554262,15,4,11.0,0,0,0.0,0,0,0.0
corrected_vs_heuristic,130463,0.2,2026.0,1,1,0.0,0.00456193,0.00036676,0.00419517,13,11,2.0,0,1,-1.0,0,1,-1.0
corrected_vs_heuristic,130463,0.2,2027.0,0,1,-1.0,1.8639625,0.00010739,1.86385511,9,9,0.0,1,1,0.0,1,1,0.0
corrected_vs_heuristic,130463,0.2,2028.0,1,1,0.0,0.00239556,0.00244354,-4.798e-05,6,4,2.0,0,0,0.0,0,0,0.0
corrected_vs_heuristic,130463,0.3,2026.0,0,0,0.0,1.05332226,1.08196717,-0.02864491,15,15,0.0,0,0,0.0,0,0,0.0
corrected_vs_heuristic,130463,0.3,2027.0,1,1,0.0,0.00239556,0.00244354,-4.798e-05,6,4,2.0,0,0,0.0,0,0,0.0
corrected_vs_heuristic,130463,0.3,2028.0,1,1,0.0,0.00015062,0.0031367,-0.00298608,11,5,6.0,0,1,-1.0,0,1,-1.0
corrected_vs_heuristic,130883,0.2,2026.0,0,0,0.0,0.91243986,0.72776434,0.18467552,15,15,0.0,0,1,-1.0,0,1,-1.0
corrected_vs_heuristic,130883,0.2,2027.0,1,1,0.0,0.0003729,0.00047183,-9.893e-05,15,12,3.0,0,1,-1.0,0,1,-1.0
corrected_vs_heuristic,130883,0.2,2028.0,0,0,0.0,1.03713284,0.9227992,0.11433364,15,15,0.0,1,1,0.0,1,1,0.0
corrected_vs_heuristic,130883,0.3,2026.0,1,1,0.0,0.00055212,0.00075803,-0.00020591,10,9,1.0,0,1,-1.0,0,1,-1.0
corrected_vs_heuristic,130883,0.3,2027.0,1,1,0.0,0.00047951,0.00064433,-0.00016482,8,7,1.0,0,1,-1.0,0,1,-1.0
corrected_vs_heuristic,130883,0.3,2028.0,0,0,0.0,1.79616677,1.25067841,0.54548836,3,15,-12.0,0,1,-1.0,0,0,0.0
corrected_vs_heuristic,131225,0.2,2026.0,1,1,0.0,0.01297555,0.00286309,0.01011246,1,4,-3.0,0,1,-1.0,0,0,0.0
corrected_vs_heuristic,131225,0.2,2027.0,0,0,0.0,1.01089834,0.86086752,0.15003082,15,15,0.0,0,1,-1.0,0,0,0.0
corrected_vs_heuristic,131225,0.2,2028.0,1,1,0.0,0.0014897,0.0024686,-0.0009789,8,13,-5.0,0,1,-1.0,0,0,0.0
corrected_vs_heuristic,131225,0.3,2026.0,1,1,0.0,0.00088228,0.00082443,5.785e-05,10,11,-1.0,0,1,-1.0,0,1,-1.0
corrected_vs_heuristic,131225,0.3,2027.0,0,0,0.0,1.08423959,1.1036221,-0.01938251,15,15,0.0,1,1,0.0,1,0,1.0
corrected_vs_heuristic,131225,0.3,2028.0,1,0,1.0,0.00097736,1.34345244,-1.34247508,12,15,-3.0,0,1,-1.0,0,0,0.0
corrected_vs_heuristic,131349,0.2,2026.0,0,0,0.0,0.80305257,0.50541636,0.29763621,15,15,0.0,0,1,-1.0,0,0,0.0
corrected_vs_heuristic,131349,0.2,2027.0,0,1,-1.0,1.86061762,0.01291694,1.84770068,8,13,-5.0,0,1,-1.0,0,1,-1.0
corrected_vs_heuristic,131349,0.2,2028.0,0,0,0.0,0.65718506,1.82491893,-1.16773387,15,15,0.0,0,1,-1.0,0,1,-1.0
corrected_vs_heuristic,131349,0.3,2026.0,0,1,-1.0,0.80264464,0.11765498,0.68498966,15,15,0.0,0,1,-1.0,0,1,-1.0
corrected_vs_heuristic,131349,0.3,2027.0,0,0,0.0,0.80110602,1.8679067,-1.06680068,15,15,0.0,0,1,-1.0,0,0,0.0
corrected_vs_heuristic,131349,0.3,2028.0,0,0,0.0,1.96191179,0.62058825,1.34132354,7,15,-8.0,0,1,-1.0,0,1,-1.0
corrected_vs_heuristic,132277,0.2,2026.0,1,1,0.0,0.00982864,0.00015726,0.00967138,11,13,-2.0,0,1,-1.0,0,1,-1.0
corrected_vs_heuristic,132277,0.2,2027.0,0,0,0.0,0.75457015,1.22144621,-0.46687606,15,15,0.0,1,1,0.0,1,1,0.0
corrected_vs_heuristic,132277,0.2,2028.0,0,0,0.0,1.56743818,1.89460167,-0.32716349,7,10,-3.0,0,1,-1.0,0,1,-1.0
corrected_vs_heuristic,132277,0.3,2026.0,0,1,-1.0,1.91301864,0.11304268,1.79997596,13,15,-2.0,0,1,-1.0,0,1,-1.0
corrected_vs_heuristic,132277,0.3,2027.0,0,1,-1.0,1.56743818,0.00495173,1.56248645,7,11,-4.0,0,1,-1.0,0,1,-1.0
corrected_vs_heuristic,132277,0.3,2028.0,1,1,0.0,0.54455008,0.1514564,0.39309368,15,15,0.0,0,1,-1.0,0,1,-1.0
corrected_vs_heuristic,13229,0.2,2026.0,0,1,-1.0,1.01630567,0.00756592,1.00873975,15,14,1.0,0,1,-1.0,0,0,0.0
corrected_vs_heuristic,13229,0.2,2027.0,1,1,0.0,0.00776159,0.00144704,0.00631455,15,10,5.0,0,1,-1.0,0,0,0.0
corrected_vs_heuristic,13229,0.2,2028.0,1,1,0.0,0.51466067,0.00184029,0.51282038,15,12,3.0,0,1,-1.0,0,1,-1.0
corrected_vs_heuristic,13229,0.3,2026.0,1,1,0.0,0.00075333,0.00311186,-0.00235853,11,10,1.0,0,1,-1.0,0,1,-1.0
corrected_vs_heuristic,13229,0.3,2027.0,0,0,0.0,1.05942344,1.12757966,-0.06815622,15,15,0.0,0,1,-1.0,0,1,-1.0
corrected_vs_heuristic,13229,0.3,2028.0,1,1,0.0,0.00102507,0.00187199,-0.00084692,10,9,1.0,0,1,-1.0,0,1,-1.0
corrected_vs_heuristic,13849,0.2,2026.0,1,1,0.0,0.00070501,0.00169656,-0.00099155,6,5,1.0,0,0,0.0,0,0,0.0
corrected_vs_heuristic,13849,0.2,2027.0,1,1,0.0,0.00049251,0.00034355,0.00014896,4,7,-3.0,0,1,-1.0,0,1,-1.0
corrected_vs_heuristic,13849,0.2,2028.0,1,1,0.0,0.00057452,0.0004559,0.00011862,2,4,-2.0,0,0,0.0,0,0,0.0
corrected_vs_heuristic,13849,0.3,2026.0,1,1,0.0,0.00057452,2.639e-05,0.00054813,2,4,-2.0,0,0,0.0,0,0,0.0
corrected_vs_heuristic,13849,0.3,2027.0,1,1,0.0,0.00069116,0.0013511,-0.00065994,4,13,-9.0,0,1,-1.0,0,1,-1.0
corrected_vs_heuristic,13849,0.3,2028.0,1,1,0.0,0.00057452,2.639e-05,0.00054813,2,4,-2.0,0,0,0.0,0,0,0.0
corrected_vs_heuristic,14061,0.2,2026.0,1,1,0.0,0.00057511,6.497e-05,0.00051014,5,10,-5.0,0,1,-1.0,0,1,-1.0
corrected_vs_heuristic,14061,0.2,2027.0,1,0,1.0,0.00071958,1.07123476,-1.07051518,8,15,-7.0,1,1,0.0,0,1,-1.0
corrected_vs_heuristic,14061,0.2,2028.0,1,0,1.0,0.00104586,0.95651401,-0.95546815,6,15,-9.0,0,1,-1.0,0,1,-1.0
corrected_vs_heuristic,14061,0.3,2026.0,0,1,-1.0,1.94531032,0.00068145,1.94462887,8,10,-2.0,1,1,0.0,1,1,0.0
corrected_vs_heuristic,14061,0.3,2027.0,1,1,0.0,0.00041813,5.713e-05,0.000361,5,13,-8.0,0,1,-1.0,0,0,0.0
corrected_vs_heuristic,14061,0.3,2028.0,1,1,0.0,0.00030235,0.01940199,-0.01909964,7,15,-8.0,0,1,-1.0,0,0,0.0
corrected_vs_heuristic,15856,0.2,2026.0,1,0,1.0,0.00064164,0.80332658,-0.80268494,7,15,-8.0,0,1,-1.0,0,1,-1.0
corrected_vs_heuristic,15856,0.2,2027.0,1,1,0.0,0.00064164,0.00150447,-0.00086283,7,6,1.0,0,1,-1.0,0,1,-1.0
corrected_vs_heuristic,15856,0.2,2028.0,1,1,0.0,0.00011546,0.00068954,-0.00057408,7,4,3.0,0,0,0.0,0,0,0.0
corrected_vs_heuristic,15856,0.3,2026.0,1,1,0.0,0.00010388,0.00068954,-0.00058566,7,4,3.0,0,0,0.0,0,0,0.0
corrected_vs_heuristic,15856,0.3,2027.0,1,1,0.0,0.00018968,0.00012037,6.931e-05,5,6,-1.0,0,0,0.0,0,0,0.0
corrected_vs_heuristic,15856,0.3,2028.0,1,1,0.0,0.00149283,0.0099927,-0.00849987,6,6,0.0,0,1,-1.0,0,1,-1.0
corrected_vs_heuristic,16418,0.2,2026.0,1,1,0.0,0.02062172,0.01323566,0.00738606,10,15,-5.0,0,1,-1.0,0,1,-1.0
corrected_vs_heuristic,16418,0.2,2027.0,1,1,0.0,0.0047234,0.0020668,0.0026566,11,15,-4.0,0,1,-1.0,0,1,-1.0
corrected_vs_heuristic,16418,0.2,2028.0,1,1,0.0,0.04505873,0.00712185,0.03793688,12,12,0.0,1,0,1.0,0,0,0.0
corrected_vs_heuristic,16418,0.3,2026.0,1,1,0.0,0.00890294,0.00025481,0.00864813,12,15,-3.0,0,0,0.0,0,0,0.0
corrected_vs_heuristic,16418,0.3,2027.0,1,1,0.0,0.00066889,0.01005926,-0.00939037,11,15,-4.0,0,1,-1.0,0,0,0.0
corrected_vs_heuristic,16418,0.3,2028.0,1,1,0.0,0.00138024,0.00177107,-0.00039083,12,15,-3.0,0,1,-1.0,0,1,-1.0
corrected_vs_heuristic,1651,0.2,2026.0,1,1,0.0,0.0118262,0.00324488,0.00858132,6,7,-1.0,1,1,0.0,0,0,0.0
corrected_vs_heuristic,1651,0.2,2027.0,1,0,1.0,0.20144846,0.88709075,-0.68564229,15,15,0.0,0,1,-1.0,0,0,0.0
corrected_vs_heuristic,1651,0.2,2028.0,1,1,0.0,0.01325455,0.00357328,0.00968127,7,6,1.0,1,1,0.0,0,0,0.0
corrected_vs_heuristic,1651,0.3,2026.0,1,0,1.0,0.90294875,0.89186161,0.01108714,15,15,0.0,0,1,-1.0,0,1,-1.0
corrected_vs_heuristic,1651,0.3,2027.0,1,1,0.0,0.01689809,0.0003926,0.01650549,3,8,-5.0,0,0,0.0,0,0,0.0
corrected_vs_heuristic,1651,0.3,2028.0,1,1,0.0,0.01689809,0.0003926,0.01650549,3,8,-5.0,0,0,0.0,0,0,0.0
corrected_vs_heuristic,17404,0.2,2026.0,1,1,0.0,0.02427328,0.00373812,0.02053516,3,9,-6.0,0,0,0.0,0,0,0.0
corrected_vs_heuristic,17404,0.2,2027.0,1,0,1.0,0.02153556,1.97455073,-1.95301517,3,6,-3.0,0,0,0.0,0,0,0.0
corrected_vs_heuristic,17404,0.2,2028.0,1,1,0.0,0.01514424,0.00303956,0.01210468,2,6,-4.0,0,0,0.0,0,0,0.0
corrected_vs_heuristic,17404,0.3,2026.0,1,1,0.0,0.00216557,0.00285047,-0.0006849,12,14,-2.0,1,1,0.0,0,0,0.0
corrected_vs_heuristic,17404,0.3,2027.0,1,1,0.0,0.01514424,0.00316411,0.01198013,2,7,-5.0,0,0,0.0,0,0,0.0
corrected_vs_heuristic,17404,0.3,2028.0,1,1,0.0,0.01514424,0.00703306,0.00811118,2,8,-6.0,0,1,-1.0,0,0,0.0
corrected_vs_heuristic,19706,0.2,2026.0,1,1,0.0,0.00314648,0.00032944,0.00281704,5,5,0.0,0,0,0.0,0,0,0.0
corrected_vs_heuristic,19706,0.2,2027.0,1,1,0.0,0.00049273,0.00049954,-6.81e-06,13,8,5.0,0,1,-1.0,0,1,-1.0
corrected_vs_heuristic,19706,0.2,2028.0,1,1,0.0,0.00070452,0.00032944,0.00037508,7,5,2.0,0,0,0.0,0,0,0.0
corrected_vs_heuristic,19706,0.3,2026.0,1,1,0.0,0.00314876,5.605e-05,0.00309271,11,10,1.0,0,1,-1.0,0,0,0.0
corrected_vs_heuristic,19706,0.3,2027.0,1,1,0.0,0.00314648,0.00032944,0.00281704,5,5,0.0,0,0,0.0,0,0,0.0
corrected_vs_heuristic,19706,0.3,2028.0,0,0,0.0,0.59225056,1.27957048,-0.68731992,15,15,0.0,0,1,-1.0,0,1,-1.0
corrected_vs_heuristic,20485,0.2,2026.0,1,1,0.0,0.05021262,0.05707078,-0.00685816,15,15,0.0,0,1,-1.0,0,0,0.0
corrected_vs_heuristic,20485,0.2,2027.0,1,1,0.0,0.00271204,0.43372186,-0.43100982,11,15,-4.0,0,1,-1.0,0,0,0.0
corrected_vs_heuristic,20485,0.2,2028.0,0,0,0.0,1.28623644,0.79576606,0.49047038,15,15,0.0,0,0,0.0,0,0,0.0
corrected_vs_heuristic,20485,0.3,2026.0,1,1,0.0,0.77009848,0.00210079,0.76799769,15,14,1.0,0,1,-1.0,0,1,-1.0
corrected_vs_heuristic,20485,0.3,2027.0,1,0,1.0,0.01000151,0.80122528,-0.79122377,13,15,-2.0,0,1,-1.0,0,0,0.0
corrected_vs_heuristic,20485,0.3,2028.0,1,0,1.0,0.21963038,0.83822668,-0.6185963,15,15,0.0,0,1,-1.0,0,0,0.0
corrected_vs_heuristic,20624,0.2,2026.0,1,1,0.0,0.01230917,8.03e-05,0.01222887,4,9,-5.0,0,1,-1.0,0,1,-1.0
corrected_vs_heuristic,20624,0.2,2027.0,1,1,0.0,0.00526281,0.00526281,0.0,3,3,0.0,0,0,0.0,0,0,0.0
corrected_vs_heuristic,20624,0.2,2028.0,1,1,0.0,0.01230917,0.00656691,0.00574226,4,5,-1.0,0,1,-1.0,0,1,-1.0
corrected_vs_heuristic,20624,0.3,2026.0,1,1,0.0,0.00125758,0.0002983,0.00095928,4,6,-2.0,0,1,-1.0,0,0,0.0
corrected_vs_heuristic,20624,0.3,2027.0,1,1,0.0,0.00526281,0.00526281,0.0,3,3,0.0,0,0,0.0,0,0,0.0
corrected_vs_heuristic,20624,0.3,2028.0,1,1,0.0,0.00169739,0.00077436,0.00092303,3,5,-2.0,0,1,-1.0,0,1,-1.0
corrected_vs_heuristic,20761,0.2,2026.0,1,1,0.0,0.00124959,0.00027255,0.00097704,7,8,-1.0,0,1,-1.0,0,1,-1.0
corrected_vs_heuristic,20761,0.2,2027.0,0,0,0.0,1.73350003,1.00098477,0.73251526,8,15,-7.0,0,1,-1.0,0,1,-1.0
corrected_vs_heuristic,20761,0.2,2028.0,1,1,0.0,0.39382973,0.39382973,0.0,15,14,1.0,1,1,0.0,1,1,0.0
corrected_vs_heuristic,20761,0.3,2026.0,1,1,0.0,0.39237262,0.39382973,-0.00145711,15,14,1.0,1,1,0.0,1,1,0.0
corrected_vs_heuristic,20761,0.3,2027.0,0,0,0.0,1.60451454,1.54587774,0.0586368,9,10,-1.0,0,0,0.0,0,0,0.0
corrected_vs_heuristic,20761,0.3,2028.0,0,0,0.0,1.16200617,1.57265507,-0.4106489,15,15,0.0,0,1,-1.0,0,0,0.0
corrected_vs_heuristic,20791,0.2,2026.0,1,1,0.0,0.15641499,0.00807449,0.1483405,15,13,2.0,1,1,0.0,0,1,-1.0
corrected_vs_heuristic,20791,0.2,2027.0,1,1,0.0,0.00733663,0.00164583,0.0056908,5,2,3.0,0,0,0.0,0,0,0.0
corrected_vs_heuristic,20791,0.2,2028.0,1,1,0.0,0.00089737,0.00164583,-0.00074846,7,2,5.0,0,0,0.0,0,0,0.0
corrected_vs_heuristic,20791,0.3,2026.0,1,1,0.0,0.00902116,0.00627514,0.00274602,1,4,-3.0,0,1,-1.0,0,0,0.0
corrected_vs_heuristic,20791,0.3,2027.0,1,1,0.0,0.00037419,0.00164583,-0.00127164,6,2,4.0,0,0,0.0,0,0,0.0
corrected_vs_heuristic,20791,0.3,2028.0,1,1,0.0,0.00089737,0.00164583,-0.00074846,7,2,5.0,0,0,0.0,0,0,0.0
corrected_vs_heuristic,20855,0.2,2026.0,0,0,0.0,1.90586226,1.89558007,0.01028219,4,3,1.0,0,0,0.0,0,0,0.0
corrected_vs_heuristic,20855,0.2,2027.0,1,1,0.0,0.00287048,0.0006646,0.00220588,5,6,-1.0,0,0,0.0,0,0,0.0
corrected_vs_heuristic,20855,0.2,2028.0,1,1,0.0,0.00142454,0.00097175,0.00045279,7,8,-1.0,1,1,0.0,1,0,1.0
corrected_vs_heuristic,20855,0.3,2026.0,1,1,0.0,0.00275686,0.00090022,0.00185664,8,7,1.0,0,0,0.0,0,0,0.0
corrected_vs_heuristic,20855,0.3,2027.0,1,1,0.0,0.00353501,0.737691,-0.73415599,6,15,-9.0,0,1,-1.0,0,0,0.0
corrected_vs_heuristic,20855,0.3,2028.0,1,1,0.0,0.0194776,0.00011567,0.01936193,5,10,-5.0,0,0,0.0,0,0,0.0
corrected_vs_heuristic,21,0.2,2026.0,1,1,0.0,0.01340021,0.01202923,0.00137098,13,14,-1.0,0,1,-1.0,0,0,0.0
corrected_vs_heuristic,21,0.2,2027.0,1,1,0.0,0.03524856,0.00175902,0.03348954,1,3,-2.0,0,0,0.0,0,0,0.0
corrected_vs_heuristic,21,0.2,2028.0,1,1,0.0,0.08082303,0.00698316,0.07383987,15,8,7.0,0,0,0.0,0,0,0.0
corrected_vs_heuristic,21,0.3,2026.0,1,1,0.0,0.02074077,0.01497983,0.00576094,15,14,1.0,0,0,0.0,0,0,0.0
corrected_vs_heuristic,21,0.3,2027.0,1,1,0.0,0.03845694,0.00565751,0.03279943,4,8,-4.0,0,0,0.0,0,0,0.0
corrected_vs_heuristic,21,0.3,2028.0,1,1,0.0,0.19668308,0.00813045,0.18855263,15,13,2.0,1,1,0.0,0,1,-1.0
corrected_vs_heuristic,21018,0.2,2026.0,1,1,0.0,0.00913542,8.337e-05,0.00905205,7,12,-5.0,0,1,-1.0,0,1,-1.0
corrected_vs_heuristic,21018,0.2,2027.0,1,0,1.0,0.01455778,1.67879889,-1.66424111,15,15,0.0,0,1,-1.0,0,0,0.0
corrected_vs_heuristic,21018,0.2,2028.0,1,1,0.0,0.00231231,0.00455154,-0.00223923,7,12,-5.0,0,1,-1.0,0,1,-1.0
corrected_vs_heuristic,21018,0.3,2026.0,1,1,0.0,0.00913542,0.00130644,0.00782898,7,12,-5.0,0,1,-1.0,0,1,-1.0
corrected_vs_heuristic,21018,0.3,2027.0,1,0,1.0,0.00072181,0.87725487,-0.87653306,15,15,0.0,0,0,0.0,0,0,0.0
corrected_vs_heuristic,21018,0.3,2028.0,1,1,0.0,0.00761035,0.73925317,-0.73164282,10,15,-5.0,0,1,-1.0,0,0,0.0
corrected_vs_heuristic,217,0.2,2026.0,1,1,0.0,0.00974915,0.00361861,0.00613054,4,8,-4.0,0,0,0.0,0,0,0.0
corrected_vs_heuristic,217,0.2,2027.0,1,1,0.0,0.00274174,0.00221265,0.00052909,8,6,2.0,0,0,0.0,0,0,0.0
corrected_vs_heuristic,217,0.2,2028.0,1,1,0.0,0.00290223,0.26330521,-0.26040298,5,15,-10.0,0,0,0.0,0,0,0.0
corrected_vs_heuristic,217,0.3,2026.0,0,1,-1.0,1.70261533,0.00414568,1.69846965,6,8,-2.0,0,1,-1.0,0,0,0.0
corrected_vs_heuristic,217,0.3,2027.0,1,1,0.0,0.00379059,0.00370591,8.468e-05,3,6,-3.0,0,0,0.0,0,0,0.0
corrected_vs_heuristic,217,0.3,2028.0,1,1,0.0,0.00024971,0.00049445,-0.00024474,3,8,-5.0,0,1,-1.0,0,0,0.0
corrected_vs_heuristic,22238,0.2,2026.0,1,0,1.0,0.02595677,1.85429446,-1.82833769,11,14,-3.0,0,1,-1.0,0,0,0.0
corrected_vs_heuristic,22238,0.2,2027.0,0,1,-1.0,1.86949728,0.00012297,1.86937431,8,11,-3.0,1,1,0.0,1,1,0.0
corrected_vs_heuristic,22238,0.2,2028.0,1,0,1.0,0.27666933,0.91465729,-0.63798796,15,15,0.0,0,1,-1.0,0,0,0.0
corrected_vs_heuristic,22238,0.3,2026.0,0,1,-1.0,1.90366537,0.63056213,1.27310324,12,15,-3.0,0,1,-1.0,0,1,-1.0
corrected_vs_heuristic,22238,0.3,2027.0,1,1,0.0,0.00023404,5.873e-05,0.00017531,14,13,1.0,0,1,-1.0,0,0,0.0
corrected_vs_heuristic,22238,0.3,2028.0,0,1,-1.0,1.88931595,0.62680388,1.26251207,3,15,-12.0,0,1,-1.0,0,1,-1.0
corrected_vs_heuristic,22391,0.2,2026.0,1,1,0.0,0.0045091,9.644e-05,0.00441266,8,7,1.0,0,1,-1.0,0,1,-1.0
corrected_vs_heuristic,22391,0.2,2027.0,1,1,0.0,0.00426122,0.00468744,-0.00042622,8,5,3.0,0,0,0.0,0,0,0.0
corrected_vs_heuristic,22391,0.2,2028.0,1,1,0.0,0.00286614,0.0093952,-0.00652906,11,15,-4.0,1,1,0.0,0,1,-1.0
corrected_vs_heuristic,22391,0.3,2026.0,1,1,0.0,0.00060552,0.00016008,0.00044544,8,7,1.0,0,1,-1.0,0,1,-1.0
corrected_vs_heuristic,22391,0.3,2027.0,1,1,0.0,0.00510884,0.0056127,-0.00050386,14,7,7.0,0,1,-1.0,0,1,-1.0
corrected_vs_heuristic,22391,0.3,2028.0,0,1,-1.0,1.88211048,0.00548986,1.87662062,5,6,-1.0,0,1,-1.0,0,0,0.0
corrected_vs_heuristic,23837,0.2,2026.0,1,1,0.0,0.00074876,0.00031177,0.00043699,6,8,-2.0,0,1,-1.0,0,1,-1.0
corrected_vs_heuristic,23837,0.2,2027.0,1,0,1.0,0.00074876,1.8327107,-1.83196194,6,11,-5.0,0,1,-1.0,0,1,-1.0
corrected_vs_heuristic,23837,0.2,2028.0,1,1,0.0,0.00117024,0.00246224,-0.001292,3,14,-11.0,0,1,-1.0,0,1,-1.0
corrected_vs_heuristic,23837,0.3,2026.0,1,1,0.0,0.0021852,0.0021852,0.0,2,2,0.0,0,0,0.0,0,0,0.0
corrected_vs_heuristic,23837,0.3,2027.0,1,1,0.0,0.0021852,0.0021852,0.0,2,2,0.0,0,0,0.0,0,0,0.0
corrected_vs_heuristic,23837,0.3,2028.0,1,1,0.0,0.0021852,0.0021852,0.0,2,2,0.0,0,0,0.0,0,0,0.0
corrected_vs_heuristic,25573,0.2,2026.0,1,1,0.0,0.00080057,0.00135728,-0.00055671,3,3,0.0,0,0,0.0,0,0,0.0
corrected_vs_heuristic,25573,0.2,2027.0,1,1,0.0,0.00035007,0.00035007,0.0,3,4,-1.0,0,1,-1.0,0,1,-1.0
corrected_vs_heuristic,25573,0.2,2028.0,1,1,0.0,0.00035007,0.00035007,0.0,3,4,-1.0,0,1,-1.0,0,1,-1.0
corrected_vs_heuristic,25573,0.3,2026.0,1,1,0.0,0.00135728,0.00135728,0.0,4,3,1.0,0,0,0.0,0,0,0.0
corrected_vs_heuristic,25573,0.3,2027.0,1,1,0.0,0.00035007,0.00035007,0.0,3,4,-1.0,0,1,-1.0,0,1,-1.0
corrected_vs_heuristic,25573,0.3,2028.0,1,1,0.0,0.00080057,0.00135728,-0.00055671,3,3,0.0,0,0,0.0,0,0,0.0
corrected_vs_heuristic,2586,0.2,2026.0,1,0,1.0,0.00111149,1.1368527,-1.13574121,9,15,-6.0,0,1,-1.0,0,1,-1.0
corrected_vs_heuristic,2586,0.2,2027.0,0,1,-1.0,1.05019178,4.736e-05,1.05014442,15,9,6.0,0,0,0.0,0,0,0.0
corrected_vs_heuristic,2586,0.2,2028.0,0,1,-1.0,1.05014125,4.777e-05,1.05009348,15,11,4.0,0,1,-1.0,0,1,-1.0
corrected_vs_heuristic,2586,0.3,2026.0,0,0,0.0,1.02556391,1.85913262,-0.83356871,15,10,5.0,0,1,-1.0,0,1,-1.0
corrected_vs_heuristic,2586,0.3,2027.0,0,1,-1.0,1.05329805,0.00083611,1.05246194,15,6,9.0,0,0,0.0,0,0,0.0
corrected_vs_heuristic,2586,0.3,2028.0,1,1,0.0,0.01073684,4.736e-05,0.01068948,12,9,3.0,1,0,1.0,1,0,1.0
corrected_vs_heuristic,26303,0.2,2026.0,1,1,0.0,0.00318987,0.00318987,0.0,2,3,-1.0,0,0,0.0,0,0,0.0
corrected_vs_heuristic,26303,0.2,2027.0,1,1,0.0,0.00318987,0.00108077,0.0021091,2,11,-9.0,0,1,-1.0,0,1,-1.0
corrected_vs_heuristic,26303,0.2,2028.0,1,1,0.0,0.00318987,0.00318987,0.0,2,3,-1.0,0,0,0.0,0,0,0.0
corrected_vs_heuristic,26303,0.3,2026.0,1,1,0.0,0.00318987,0.68957874,-0.68638887,2,15,-13.0,0,1,-1.0,0,0,0.0
corrected_vs_heuristic,26303,0.3,2027.0,1,1,0.0,0.00318987,0.00314254,4.733e-05,2,12,-10.0,0,1,-1.0,0,0,0.0
corrected_vs_heuristic,26303,0.3,2028.0,1,0,1.0,0.00199785,1.02036497,-1.01836712,5,15,-10.0,1,1,0.0,0,0,0.0
corrected_vs_heuristic,26335,0.2,2026.0,1,1,0.0,0.03813038,0.00696984,0.03116054,1,15,-14.0,0,1,-1.0,0,0,0.0
corrected_vs_heuristic,26335,0.2,2027.0,1,1,0.0,0.03813038,0.03998289,-0.00185251,1,12,-11.0,0,1,-1.0,0,1,-1.0
corrected_vs_heuristic,26335,0.2,2028.0,1,1,0.0,0.70204204,0.00600743,0.69603461,15,8,7.0,0,0,0.0,0,0,0.0
corrected_vs_heuristic,26335,0.3,2026.0,1,1,0.0,0.03813038,0.00655407,0.03157631,1,11,-10.0,0,0,0.0,0,0,0.0
corrected_vs_heuristic,26335,0.3,2027.0,1,1,0.0,0.03813038,0.49613825,-0.45800787,1,15,-14.0,0,1,-1.0,0,0,0.0
corrected_vs_heuristic,26335,0.3,2028.0,0,1,-1.0,0.92724895,0.01773118,0.90951777,15,11,4.0,0,1,-1.0,0,1,-1.0
corrected_vs_heuristic,27432,0.2,2026.0,1,1,0.0,0.00252307,0.00492096,-0.00239789,8,6,2.0,0,0,0.0,0,0,0.0
corrected_vs_heuristic,27432,0.2,2027.0,1,0,1.0,0.04795429,0.88283488,-0.83488059,15,15,0.0,1,1,0.0,0,0,0.0
corrected_vs_heuristic,27432,0.2,2028.0,1,1,0.0,0.5465708,0.00164462,0.54492618,15,9,6.0,0,1,-1.0,0,0,0.0
corrected_vs_heuristic,27432,0.3,2026.0,1,1,0.0,0.27087528,0.00824082,0.26263446,15,9,6.0,0,1,-1.0,0,1,-1.0
corrected_vs_heuristic,27432,0.3,2027.0,1,1,0.0,0.01196816,0.00572731,0.00624085,15,8,7.0,0,1,-1.0,0,0,0.0
corrected_vs_heuristic,27432,0.3,2028.0,0,1,-1.0,1.08649392,0.29024512,0.7962488,15,15,0.0,0,1,-1.0,0,0,0.0
corrected_vs_heuristic,27519,0.2,2026.0,0,1,-1.0,0.6094707,0.00102541,0.60844529,15,12,3.0,0,1,-1.0,0,1,-1.0
corrected_vs_heuristic,27519,0.2,2027.0,0,1,-1.0,1.01357212,0.81173252,0.2018396,15,15,0.0,0,1,-1.0,0,0,0.0
corrected_vs_heuristic,27519,0.2,2028.0,0,0,0.0,1.05804589,0.8968313,0.16121459,15,15,0.0,0,1,-1.0,0,1,-1.0
corrected_vs_heuristic,27519,0.3,2026.0,0,1,-1.0,1.23417173,0.00969471,1.22447702,15,15,0.0,1,1,0.0,1,1,0.0
corrected_vs_heuristic,27519,0.3,2027.0,1,0,1.0,0.1002769,0.89868612,-0.79840922,15,15,0.0,0,1,-1.0,0,1,-1.0
corrected_vs_heuristic,27519,0.3,2028.0,0,0,0.0,0.82241219,0.82397506,-0.00156287,15,15,0.0,0,1,-1.0,0,1,-1.0
corrected_vs_heuristic,27936,0.2,2026.0,1,0,1.0,0.03569194,0.71936085,-0.68366891,9,15,-6.0,1,1,0.0,1,1,0.0
corrected_vs_heuristic,27936,0.2,2027.0,0,0,0.0,0.9314013,1.06230246,-0.13090116,15,15,0.0,0,1,-1.0,0,0,0.0
corrected_vs_heuristic,27936,0.2,2028.0,0,1,-1.0,1.72285743,0.21513018,1.50772725,8,15,-7.0,0,1,-1.0,0,1,-1.0
corrected_vs_heuristic,27936,0.3,2026.0,0,1,-1.0,0.98094234,0.66218055,0.31876179,15,15,0.0,0,1,-1.0,0,1,-1.0
corrected_vs_heuristic,27936,0.3,2027.0,1,0,1.0,0.02309553,0.70955257,-0.68645704,3,15,-12.0,0,1,-1.0,0,1,-1.0
corrected_vs_heuristic,27936,0.3,2028.0,1,1,0.0,0.04774506,0.28337409,-0.23562903,10,15,-5.0,1,1,0.0,1,1,0.0
corrected_vs_heuristic,28316,0.2,2026.0,0,1,-1.0,1.02873234,1.581e-05,1.02871653,15,9,6.0,0,1,-1.0,0,1,-1.0
corrected_vs_heuristic,28316,0.2,2027.0,0,1,-1.0,0.89948059,4.499e-05,0.8994356,15,12,3.0,0,1,-1.0,0,0,0.0
corrected_vs_heuristic,28316,0.2,2028.0,0,1,-1.0,1.0884546,0.00086981,1.08758479,15,7,8.0,0,0,0.0,0,0,0.0
corrected_vs_heuristic,28316,0.3,2026.0,0,0,0.0,0.98120544,1.44991216,-0.46870672,15,15,0.0,0,1,-1.0,0,1,-1.0
corrected_vs_heuristic,28316,0.3,2027.0,0,1,-1.0,1.34408314,0.00109339,1.34298975,15,8,7.0,0,1,-1.0,0,1,-1.0
corrected_vs_heuristic,28316,0.3,2028.0,1,1,0.0,0.00038321,5.85e-05,0.00032471,15,11,4.0,0,0,0.0,0,0,0.0
corrected_vs_heuristic,28829,0.2,2026.0,1,1,0.0,0.01046296,0.00079982,0.00966314,1,5,-4.0,0,1,-1.0,0,1,-1.0
corrected_vs_heuristic,28829,0.2,2027.0,1,1,0.0,0.00246021,0.63554344,-0.63308323,3,15,-12.0,0,0,0.0,0,0,0.0
corrected_vs_heuristic,28829,0.2,2028.0,1,1,0.0,0.01046296,0.00398473,0.00647823,1,4,-3.0,0,0,0.0,0,0,0.0
corrected_vs_heuristic,28829,0.3,2026.0,1,1,0.0,0.01046296,0.005257,0.00520596,1,5,-4.0,0,1,-1.0,0,0,0.0
corrected_vs_heuristic,28829,0.3,2027.0,1,1,0.0,0.01046296,0.00391456,0.0065484,1,4,-3.0,0,0,0.0,0,0,0.0
corrected_vs_heuristic,28829,0.3,2028.0,1,1,0.0,0.01046296,4.399e-05,0.01041897,1,4,-3.0,0,1,-1.0,0,1,-1.0
corrected_vs_heuristic,28939,0.2,2026.0,1,1,0.0,0.00214413,5.753e-05,0.0020866,2,3,-1.0,0,0,0.0,0,0,0.0
corrected_vs_heuristic,28939,0.2,2027.0,1,1,0.0,0.00214413,1.291e-05,0.00213122,2,13,-11.0,0,1,-1.0,0,0,0.0
corrected_vs_heuristic,28939,0.2,2028.0,1,1,0.0,0.02394788,0.00662956,0.01731832,3,4,-1.0,0,0,0.0,0,0,0.0
corrected_vs_heuristic,28939,0.3,2026.0,0,0,0.0,1.01207032,0.9940975,0.01797282,15,15,0.0,0,1,-1.0,0,0,0.0
corrected_vs_heuristic,28939,0.3,2027.0,1,1,0.0,0.02248366,0.00011072,0.02237294,4,6,-2.0,0,0,0.0,0,0,0.0
corrected_vs_heuristic,28939,0.3,2028.0,1,1,0.0,0.01319288,0.00347109,0.00972179,3,5,-2.0,0,1,-1.0,0,1,-1.0
corrected_vs_heuristic,297,0.2,2026.0,0,0,0.0,0.99655594,0.87393573,0.12262021,15,15,0.0,0,1,-1.0,0,1,-1.0
corrected_vs_heuristic,297,0.2,2027.0,1,1,0.0,0.00015535,0.00054802,-0.00039267,7,3,4.0,0,0,0.0,0,0,0.0
corrected_vs_heuristic,297,0.2,2028.0,0,1,-1.0,1.06723166,0.00614799,1.06108367,15,7,8.0,0,0,0.0,0,0,0.0
corrected_vs_heuristic,297,0.3,2026.0,1,1,0.0,0.00071693,0.00063442,8.251e-05,10,12,-2.0,0,1,-1.0,0,1,-1.0
corrected_vs_heuristic,297,0.3,2027.0,1,1,0.0,0.00015535,0.00054802,-0.00039267,7,3,4.0,0,0,0.0,0,0,0.0
corrected_vs_heuristic,297,0.3,2028.0,1,1,0.0,0.0004248,0.00054802,-0.00012322,8,3,5.0,0,0,0.0,0,0,0.0
corrected_vs_heuristic,29740,0.2,2026.0,1,1,0.0,0.00981931,0.01313636,-0.00331705,12,14,-2.0,0,1,-1.0,0,1,-1.0
corrected_vs_heuristic,29740,0.2,2027.0,0,0,0.0,1.04335451,1.06379765,-0.02044314,15,15,0.0,0,1,-1.0,0,1,-1.0
corrected_vs_heuristic,29740,0.2,2028.0,0,0,0.0,1.32846486,1.16475759,0.16370727,15,15,0.0,0,1,-1.0,0,1,-1.0
corrected_vs_heuristic,29740,0.3,2026.0,0,0,0.0,1.78622778,1.457426,0.32880178,15,15,0.0,0,1,-1.0,0,0,0.0
corrected_vs_heuristic,29740,0.3,2027.0,1,1,0.0,0.01767984,0.0008938,0.01678604,13,13,0.0,0,1,-1.0,0,1,-1.0
corrected_vs_heuristic,29740,0.3,2028.0,1,1,0.0,0.00265019,0.0950466,-0.09239641,10,15,-5.0,0,1,-1.0,0,1,-1.0
corrected_vs_heuristic,298,0.2,2026.0,1,0,1.0,0.00024544,0.92254435,-0.92229891,6,15,-9.0,0,0,0.0,0,0,0.0
corrected_vs_heuristic,298,0.2,2027.0,1,1,0.0,0.00024544,0.00022624,1.92e-05,6,7,-1.0,0,0,0.0,0,0,0.0
corrected_vs_heuristic,298,0.2,2028.0,1,1,0.0,0.0049358,0.00031059,0.00462521,10,8,2.0,0,0,0.0,0,0,0.0
corrected_vs_heuristic,298,0.3,2026.0,1,1,0.0,0.00030308,2.496e-05,0.00027812,6,9,-3.0,0,1,-1.0,0,0,0.0
corrected_vs_heuristic,298,0.3,2027.0,0,1,-1.0,1.86427764,0.00042557,1.86385207,8,12,-4.0,0,1,-1.0,0,0,0.0
corrected_vs_heuristic,298,0.3,2028.0,0,1,-1.0,1.8907591,0.00039086,1.89036824,8,9,-1.0,0,1,-1.0,0,0,0.0
corrected_vs_heuristic,29925,0.2,2026.0,0,0,0.0,1.86869762,1.87256973,-0.00387211,6,6,0.0,0,1,-1.0,0,0,0.0
corrected_vs_heuristic,29925,0.2,2027.0,1,1,0.0,0.00365941,0.00252511,0.0011343,8,7,1.0,0,0,0.0,0,0,0.0
corrected_vs_heuristic,29925,0.2,2028.0,1,0,1.0,0.00066727,0.80412315,-0.80345588,12,15,-3.0,1,1,0.0,0,1,-1.0
corrected_vs_heuristic,29925,0.3,2026.0,0,0,0.0,0.89583705,0.73133679,0.16450026,15,15,0.0,0,1,-1.0,0,0,0.0
corrected_vs_heuristic,29925,0.3,2027.0,0,0,0.0,1.76914827,1.76913233,1.594e-05,8,6,2.0,0,0,0.0,0,0,0.0
corrected_vs_heuristic,29925,0.3,2028.0,1,1,0.0,0.01280558,0.00199336,0.01081222,10,11,-1.0,0,1,-1.0,0,1,-1.0
corrected_vs_heuristic,30065,0.2,2026.0,0,0,0.0,1.02480487,0.97795024,0.04685463,15,15,0.0,0,1,-1.0,0,0,0.0
corrected_vs_heuristic,30065,0.2,2027.0,0,1,-1.0,1.7779682,0.00091979,1.77704841,10,12,-2.0,0,1,-1.0,0,1,-1.0
corrected_vs_heuristic,30065,0.2,2028.0,1,1,0.0,0.01505671,6.43e-06,0.01505028,9,10,-1.0,0,1,-1.0,0,1,-1.0
corrected_vs_heuristic,30065,0.3,2026.0,0,1,-1.0,1.9036462,0.00632628,1.89731992,9,12,-3.0,1,1,0.0,1,0,1.0
corrected_vs_heuristic,30065,0.3,2027.0,1,1,0.0,0.00366943,0.00252511,0.00114432,8,7,1.0,0,0,0.0,0,0,0.0
corrected_vs_heuristic,30065,0.3,2028.0,0,1,-1.0,0.87343304,0.57671639,0.29671665,15,15,0.0,0,0,0.0,0,0,0.0
corrected_vs_heuristic,30073,0.2,2026.0,0,0,0.0,1.07028797,1.05435202,0.01593595,15,15,0.0,0,1,-1.0,0,1,-1.0
corrected_vs_heuristic,30073,0.2,2027.0,0,0,0.0,1.06389689,1.06601147,-0.00211458,15,15,0.0,0,1,-1.0,0,1,-1.0
corrected_vs_heuristic,30073,0.2,2028.0,0,0,0.0,0.94886803,0.96324837,-0.01438034,15,15,0.0,0,1,-1.0,0,1,-1.0
corrected_vs_heuristic,30073,0.3,2026.0,0,0,0.0,1.12113344,0.94945974,0.1716737,15,15,0.0,0,1,-1.0,0,1,-1.0
corrected_vs_heuristic,30073,0.3,2027.0,0,0,0.0,1.81824793,1.81297401,0.00527392,12,15,-3.0,0,1,-1.0,0,0,0.0
corrected_vs_heuristic,30073,0.3,2028.0,0,0,0.0,1.03709841,1.06620024,-0.02910183,15,15,0.0,0,1,-1.0,0,1,-1.0
corrected_vs_heuristic,3040,0.2,2026.0,1,1,0.0,0.00742784,0.00067062,0.00675722,8,11,-3.0,0,1,-1.0,0,1,-1.0
corrected_vs_heuristic,3040,0.2,2027.0,1,1,0.0,0.0022301,0.36466813,-0.36243803,10,15,-5.0,0,1,-1.0,0,1,-1.0
corrected_vs_heuristic,3040,0.2,2028.0,1,1,0.0,0.00945335,0.0016111,0.00784225,7,12,-5.0,0,1,-1.0,0,1,-1.0
corrected_vs_heuristic,3040,0.3,2026.0,1,1,0.0,0.00607807,0.00814965,-0.00207158,13,11,2.0,0,1,-1.0,0,1,-1.0
corrected_vs_heuristic,3040,0.3,2027.0,1,1,0.0,0.04040062,0.00091087,0.03948975,10,13,-3.0,0,1,-1.0,0,1,-1.0
corrected_vs_heuristic,3040,0.3,2028.0,1,0,1.0,0.01186491,1.87339711,-1.8615322,9,12,-3.0,0,1,-1.0,0,0,0.0
corrected_vs_heuristic,31111,0.2,2026.0,1,1,0.0,0.00103842,0.00099976,3.866e-05,8,10,-2.0,0,1,-1.0,0,1,-1.0
corrected_vs_heuristic,31111,0.2,2027.0,0,0,0.0,0.96025417,1.93565035,-0.97539618,15,7,8.0,1,0,1.0,1,0,1.0
corrected_vs_heuristic,31111,0.2,2028.0,0,0,0.0,1.00026365,1.15930911,-0.15904546,15,15,0.0,1,0,1.0,1,0,1.0
corrected_vs_heuristic,31111,0.3,2026.0,1,1,0.0,0.00843239,0.00668994,0.00174245,6,11,-5.0,0,1,-1.0,0,1,-1.0
corrected_vs_heuristic,31111,0.3,2027.0,1,0,1.0,0.12814019,1.20996095,-1.08182076,15,15,0.0,0,1,-1.0,0,0,0.0
corrected_vs_heuristic,31111,0.3,2028.0,1,1,0.0,0.01027467,0.01184744,-0.00157277,12,11,1.0,0,1,-1.0,0,1,-1.0
corrected_vs_heuristic,31351,0.2,2026.0,1,1,0.0,0.01224339,9.815e-05,0.01214524,4,8,-4.0,0,0,0.0,0,0,0.0
corrected_vs_heuristic,31351,0.2,2027.0,1,1,0.0,0.00517018,0.00033892,0.00483126,5,6,-1.0,0,0,0.0,0,0,0.0
corrected_vs_heuristic,31351,0.2,2028.0,0,1,-1.0,0.87579427,0.11736569,0.75842858,15,15,0.0,0,1,-1.0,0,1,-1.0
corrected_vs_heuristic,31351,0.3,2026.0,0,0,0.0,0.99906302,1.36478943,-0.36572641,15,15,0.0,1,1,0.0,1,1,0.0
corrected_vs_heuristic,31351,0.3,2027.0,1,1,0.0,0.00053088,4.017e-05,0.00049071,6,7,-1.0,0,0,0.0,0,0,0.0
corrected_vs_heuristic,31351,0.3,2028.0,1,1,0.0,0.00010761,8.019e-05,2.742e-05,10,10,0.0,0,1,-1.0,0,0,0.0
corrected_vs_heuristic,3287,0.2,2026.0,1,1,0.0,0.00160032,0.00494327,-0.00334295,13,12,1.0,0,1,-1.0,0,1,-1.0
corrected_vs_heuristic,3287,0.2,2027.0,1,1,0.0,0.00014655,0.00052165,-0.0003751,10,8,2.0,0,0,0.0,0,0,0.0
corrected_vs_heuristic,3287,0.2,2028.0,1,1,0.0,0.00418816,0.00062049,0.00356767,5,9,-4.0,0,1,-1.0,0,1,-1.0
corrected_vs_heuristic,3287,0.3,2026.0,0,1,-1.0,0.89783966,0.35435923,0.54348043,15,15,0.0,0,1,-1.0,0,0,0.0
corrected_vs_heuristic,3287,0.3,2027.0,1,1,0.0,0.00010322,0.00035019,-0.00024697,11,10,1.0,0,1,-1.0,0,1,-1.0
corrected_vs_heuristic,3287,0.3,2028.0,1,1,0.0,0.07952802,0.00247235,0.07705567,15,12,3.0,0,1,-1.0,0,1,-1.0
corrected_vs_heuristic,32891,0.2,2026.0,1,1,0.0,0.00108038,6.399e-05,0.00101639,6,7,-1.0,0,0,0.0,0,0,0.0
corrected_vs_heuristic,32891,0.2,2027.0,1,1,0.0,0.40786657,0.10858544,0.29928113,15,15,0.0,0,1,-1.0,0,1,-1.0
corrected_vs_heuristic,32891,0.2,2028.0,1,1,0.0,0.00759034,0.00039145,0.00719889,6,8,-2.0,0,0,0.0,0,0,0.0
corrected_vs_heuristic,32891,0.3,2026.0,1,1,0.0,0.06892688,0.00057277,0.06835411,15,9,6.0,0,1,-1.0,0,0,0.0
corrected_vs_heuristic,32891,0.3,2027.0,1,1,0.0,0.79401375,0.69498046,0.09903329,15,15,0.0,0,1,-1.0,0,0,0.0
corrected_vs_heuristic,32891,0.3,2028.0,1,1,0.0,0.00108038,6.399e-05,0.00101639,6,7,-1.0,0,0,0.0,0,0,0.0
corrected_vs_heuristic,33471,0.2,2026.0,1,1,0.0,0.01046296,0.00666384,0.00379912,1,4,-3.0,0,1,-1.0,0,1,-1.0
corrected_vs_heuristic,33471,0.2,2027.0,1,1,0.0,0.01046296,0.00135723,0.00910573,1,4,-3.0,0,0,0.0,0,0,0.0
corrected_vs_heuristic,33471,0.2,2028.0,1,1,0.0,0.01046296,0.0062392,0.00422376,1,3,-2.0,0,0,0.0,0,0,0.0
corrected_vs_heuristic,33471,0.3,2026.0,1,1,0.0,0.01046296,0.00154555,0.00891741,1,4,-3.0,0,0,0.0,0,0,0.0
corrected_vs_heuristic,33471,0.3,2027.0,1,1,0.0,0.45159589,0.00390234,0.44769355,15,10,5.0,0,0,0.0,0,0,0.0
corrected_vs_heuristic,33471,0.3,2028.0,1,1,0.0,0.01209004,0.00158573,0.01050431,2,5,-3.0,0,0,0.0,0,0,0.0
corrected_vs_heuristic,33587,0.2,2026.0,1,1,0.0,0.01966267,0.17183852,-0.15217585,15,15,0.0,0,1,-1.0,0,1,-1.0
corrected_vs_heuristic,33587,0.2,2027.0,1,1,0.0,8.084e-05,7.406e-05,6.78e-06,13,8,5.0,0,1,-1.0,0,1,-1.0
corrected_vs_heuristic,33587,0.2,2028.0,1,1,0.0,0.01518087,7.406e-05,0.01510681,15,8,7.0,0,1,-1.0,0,1,-1.0
corrected_vs_heuristic,33587,0.3,2026.0,0,1,-1.0,1.06132404,0.01855956,1.04276448,15,10,5.0,0,1,-1.0,0,0,0.0
corrected_vs_heuristic,33587,0.3,2027.0,0,1,-1.0,0.89999419,0.71339582,0.18659837,15,15,0.0,0,1,-1.0,0,0,0.0
corrected_vs_heuristic,33587,0.3,2028.0,0,1,-1.0,0.93698007,0.03542093,0.90155914,15,15,0.0,0,1,-1.0,0,1,-1.0
corrected_vs_heuristic,33863,0.2,2026.0,1,1,0.0,0.01935059,0.00518563,0.01416496,6,6,0.0,0,0,0.0,0,0,0.0
corrected_vs_heuristic,33863,0.2,2027.0,1,1,0.0,0.00759214,0.0120381,-0.00444596,12,14,-2.0,0,1,-1.0,0,0,0.0
corrected_vs_heuristic,33863,0.2,2028.0,0,0,0.0,1.90691053,1.91336527,-0.00645474,9,7,2.0,0,1,-1.0,0,0,0.0
corrected_vs_heuristic,33863,0.3,2026.0,1,1,0.0,0.0098684,0.00021089,0.00965751,12,14,-2.0,0,1,-1.0,0,0,0.0
corrected_vs_heuristic,33863,0.3,2027.0,1,1,0.0,0.00044319,0.0053694,-0.00492621,10,9,1.0,0,1,-1.0,0,1,-1.0
corrected_vs_heuristic,33863,0.3,2028.0,1,1,0.0,0.04383081,0.00019593,0.04363488,15,14,1.0,0,0,0.0,0,0,0.0
corrected_vs_heuristic,34898,0.2,2026.0,0,0,0.0,0.86281295,0.94748986,-0.08467691,15,15,0.0,0,1,-1.0,0,1,-1.0
corrected_vs_heuristic,34898,0.2,2027.0,1,1,0.0,0.00453411,0.00127498,0.00325913,4,4,0.0,0,0,0.0,0,0,0.0
corrected_vs_heuristic,34898,0.2,2028.0,0,1,-1.0,0.83444111,0.16487338,0.66956773,15,15,0.0,0,1,-1.0,0,0,0.0
corrected_vs_heuristic,34898,0.3,2026.0,1,1,0.0,0.00453411,0.00127498,0.00325913,4,4,0.0,0,0,0.0,0,0,0.0
corrected_vs_heuristic,34898,0.3,2027.0,1,1,0.0,0.00053968,0.00061007,-7.039e-05,12,10,2.0,0,1,-1.0,0,1,-1.0
corrected_vs_heuristic,34898,0.3,2028.0,1,0,1.0,0.58111455,0.93171449,-0.35059994,15,15,0.0,1,1,0.0,1,0,1.0
corrected_vs_heuristic,34997,0.2,2026.0,0,0,0.0,1.00184213,1.2085317,-0.20668957,15,15,0.0,0,1,-1.0,0,1,-1.0
corrected_vs_heuristic,34997,0.2,2027.0,1,1,0.0,0.00927927,0.00685935,0.00241992,15,10,5.0,0,1,-1.0,0,0,0.0
corrected_vs_heuristic,34997,0.2,2028.0,0,1,-1.0,1.01765665,0.00698097,1.01067568,15,14,1.0,0,1,-1.0,0,1,-1.0
corrected_vs_heuristic,34997,0.3,2026.0,0,1,-1.0,0.88947459,0.00627681,0.88319778,15,11,4.0,0,1,-1.0,0,1,-1.0
corrected_vs_heuristic,34997,0.3,2027.0,0,0,0.0,1.01278661,1.08544647,-0.07265986,15,15,0.0,0,1,-1.0,0,1,-1.0
corrected_vs_heuristic,34997,0.3,2028.0,0,1,-1.0,1.90776017,0.47628747,1.4314727,15,15,0.0,0,1,-1.0,0,0,0.0
corrected_vs_heuristic,35866,0.2,2026.0,1,1,0.0,0.00014165,0.00056634,-0.00042469,15,6,9.0,0,1,-1.0,0,0,0.0
corrected_vs_heuristic,35866,0.2,2027.0,1,1,0.0,0.0004248,0.00054802,-0.00012322,8,3,5.0,0,0,0.0,0,0,0.0
corrected_vs_heuristic,35866,0.2,2028.0,0,0,0.0,0.98369011,1.02452157,-0.04083146,15,15,0.0,0,1,-1.0,0,1,-1.0
corrected_vs_heuristic,35866,0.3,2026.0,1,1,0.0,0.00015535,0.00054802,-0.00039267,7,3,4.0,0,0,0.0,0,0,0.0
corrected_vs_heuristic,35866,0.3,2027.0,1,1,0.0,0.00015622,0.00054802,-0.0003918,7,3,4.0,0,0,0.0,0,0,0.0
corrected_vs_heuristic,35866,0.3,2028.0,0,0,0.0,0.99607274,0.97588772,0.02018502,15,15,0.0,0,1,-1.0,0,1,-1.0
corrected_vs_heuristic,36874,0.2,2026.0,0,1,-1.0,1.68741561,0.00444283,1.68297278,6,14,-8.0,0,1,-1.0,0,0,0.0
corrected_vs_heuristic,36874,0.2,2027.0,1,0,1.0,0.0034444,0.97055239,-0.96710799,8,15,-7.0,1,1,0.0,0,1,-1.0
corrected_vs_heuristic,36874,0.2,2028.0,1,1,0.0,0.0363059,0.00017632,0.03612958,4,9,-5.0,0,1,-1.0,0,1,-1.0
corrected_vs_heuristic,36874,0.3,2026.0,1,1,0.0,0.00401418,0.0042882,-0.00027402,5,11,-6.0,0,1,-1.0,0,1,-1.0
corrected_vs_heuristic,36874,0.3,2027.0,1,0,1.0,0.00448816,1.83998391,-1.83549575,7,13,-6.0,0,1,-1.0,0,0,0.0
corrected_vs_heuristic,36874,0.3,2028.0,1,1,0.0,0.01028701,0.00361268,0.00667433,3,13,-10.0,0,1,-1.0,0,0,0.0
corrected_vs_heuristic,37203,0.2,2026.0,1,1,0.0,0.01054056,0.00370686,0.0068337,15,13,2.0,0,1,-1.0,0,1,-1.0
corrected_vs_heuristic,37203,0.2,2027.0,1,1,0.0,0.00235627,0.00314105,-0.00078478,7,9,-2.0,0,1,-1.0,0,1,-1.0
corrected_vs_heuristic,37203,0.2,2028.0,1,1,0.0,0.00235627,0.00065038,0.00170589,7,14,-7.0,0,1,-1.0,0,0,0.0
corrected_vs_heuristic,37203,0.3,2026.0,0,0,0.0,1.76435438,1.85776737,-0.09341299,13,10,3.0,0,1,-1.0,0,1,-1.0
corrected_vs_heuristic,37203,0.3,2027.0,0,0,0.0,1.75560103,1.01520349,0.74039754,14,15,-1.0,1,0,1.0,0,0,0.0
corrected_vs_heuristic,37203,0.3,2028.0,1,1,0.0,0.0023634,0.00314105,-0.00077765,8,9,-1.0,0,1,-1.0,0,1,-1.0
corrected_vs_heuristic,37266,0.2,2026.0,1,1,0.0,0.00711975,0.00345018,0.00366957,6,12,-6.0,0,1,-1.0,0,1,-1.0
corrected_vs_heuristic,37266,0.2,2027.0,1,1,0.0,0.00173285,0.00173285,0.0,3,3,0.0,0,0,0.0,0,0,0.0
corrected_vs_heuristic,37266,0.2,2028.0,1,1,0.0,0.00173285,0.00173285,0.0,3,3,0.0,0,0,0.0,0,0,0.0
corrected_vs_heuristic,37266,0.3,2026.0,1,1,0.0,0.0408993,0.00157173,0.03932757,15,6,9.0,0,0,0.0,0,0,0.0
corrected_vs_heuristic,37266,0.3,2027.0,1,1,0.0,0.00173285,0.00173285,0.0,3,3,0.0,0,0,0.0,0,0,0.0
corrected_vs_heuristic,37266,0.3,2028.0,1,1,0.0,0.00212322,0.00068085,0.00144237,3,10,-7.0,0,1,-1.0,0,1,-1.0
corrected_vs_heuristic,37629,0.2,2026.0,1,1,0.0,0.01576265,0.00500539,0.01075726,9,11,-2.0,0,0,0.0,0,0,0.0
corrected_vs_heuristic,37629,0.2,2027.0,0,1,-1.0,1.48796949,0.0331422,1.45482729,15,15,0.0,0,1,-1.0,0,1,-1.0
corrected_vs_heuristic,37629,0.2,2028.0,1,1,0.0,0.01576265,0.01112764,0.00463501,9,11,-2.0,0,1,-1.0,0,1,-1.0
corrected_vs_heuristic,37629,0.3,2026.0,0,1,-1.0,0.82339297,0.46548233,0.35791064,15,15,0.0,0,0,0.0,0,0,0.0
corrected_vs_heuristic,37629,0.3,2027.0,0,0,0.0,1.77340792,1.15859021,0.61481771,10,15,-5.0,0,1,-1.0,0,0,0.0
corrected_vs_heuristic,37629,0.3,2028.0,1,1,0.0,0.01394351,0.00266742,0.01127609,7,11,-4.0,0,1,-1.0,0,1,-1.0
corrected_vs_heuristic,37733,0.2,2026.0,0,0,0.0,1.02391171,1.00728781,0.0166239,15,15,0.0,0,1,-1.0,0,1,-1.0
corrected_vs_heuristic,37733,0.2,2027.0,0,0,0.0,1.12159834,1.2360977,-0.11449936,15,15,0.0,1,1,0.0,1,1,0.0
corrected_vs_heuristic,37733,0.2,2028.0,0,0,0.0,1.02281994,0.87638958,0.14643036,15,15,0.0,0,1,-1.0,0,1,-1.0
corrected_vs_heuristic,37733,0.3,2026.0,0,0,0.0,0.99595337,0.88658278,0.10937059,15,15,0.0,0,1,-1.0,0,1,-1.0
corrected_vs_heuristic,37733,0.3,2027.0,0,0,0.0,1.79956322,0.84929775,0.95026547,14,15,-1.0,1,1,0.0,1,0,1.0
corrected_vs_heuristic,37733,0.3,2028.0,0,0,0.0,1.05891274,1.04892086,0.00999188,15,15,0.0,0,1,-1.0,0,1,-1.0
corrected_vs_heuristic,37924,0.2,2026.0,1,1,0.0,0.10187299,0.0039203,0.09795269,15,13,2.0,0,1,-1.0,0,1,-1.0
corrected_vs_heuristic,37924,0.2,2027.0,0,0,0.0,1.04412327,1.85687804,-0.81275477,15,11,4.0,0,1,-1.0,0,1,-1.0
corrected_vs_heuristic,37924,0.2,2028.0,0,0,0.0,1.08010376,1.0157505,0.06435326,15,15,0.0,0,1,-1.0,0,1,-1.0
corrected_vs_heuristic,37924,0.3,2026.0,0,1,-1.0,0.91289027,0.00033209,0.91255818,15,13,2.0,0,1,-1.0,0,1,-1.0
corrected_vs_heuristic,37924,0.3,2027.0,0,0,0.0,0.98667479,0.81319346,0.17348133,15,15,0.0,0,1,-1.0,0,0,0.0
corrected_vs_heuristic,37924,0.3,2028.0,0,1,-1.0,1.85320384,0.47940851,1.37379533,14,15,-1.0,0,1,-1.0,0,0,0.0
corrected_vs_heuristic,38083,0.2,2026.0,1,1,0.0,0.00028467,0.00010975,0.00017492,4,5,-1.0,0,0,0.0,0,0,0.0
corrected_vs_heuristic,38083,0.2,2027.0,1,1,0.0,0.00028467,0.00012894,0.00015573,4,7,-3.0,0,1,-1.0,0,1,-1.0
corrected_vs_heuristic,38083,0.2,2028.0,1,1,0.0,0.00028467,0.00010975,0.00017492,4,5,-1.0,0,0,0.0,0,0,0.0
corrected_vs_heuristic,38083,0.3,2026.0,1,1,0.0,0.00028467,0.00010975,0.00017492,4,5,-1.0,0,0,0.0,0,0,0.0
corrected_vs_heuristic,38083,0.3,2027.0,1,1,0.0,0.00354444,0.00106394,0.0024805,5,7,-2.0,0,1,-1.0,0,1,-1.0
corrected_vs_heuristic,38083,0.3,2028.0,1,1,0.0,0.0002769,9.723e-05,0.00017967,9,10,-1.0,0,1,-1.0,0,0,0.0
corrected_vs_heuristic,39136,0.2,2026.0,1,1,0.0,0.01135076,0.00195373,0.00939703,15,7,8.0,0,0,0.0,0,0,0.0
corrected_vs_heuristic,39136,0.2,2027.0,1,1,0.0,0.00581355,0.00063599,0.00517756,11,6,5.0,0,0,0.0,0,0,0.0
corrected_vs_heuristic,39136,0.2,2028.0,1,0,1.0,0.32333378,0.83709911,-0.51376533,15,15,0.0,0,1,-1.0,0,1,-1.0
corrected_vs_heuristic,39136,0.3,2026.0,0,0,0.0,1.26732347,1.14502342,0.12230005,15,15,0.0,0,1,-1.0,0,0,0.0
corrected_vs_heuristic,39136,0.3,2027.0,0,0,0.0,1.83128606,1.18588351,0.64540255,7,15,-8.0,0,1,-1.0,0,0,0.0
corrected_vs_heuristic,39136,0.3,2028.0,1,0,1.0,0.00148796,1.09630145,-1.09481349,15,15,0.0,0,1,-1.0,0,1,-1.0
corrected_vs_heuristic,39846,0.2,2026.0,0,0,0.0,1.77440941,1.02482797,0.74958144,2,15,-13.0,0,1,-1.0,0,0,0.0
corrected_vs_heuristic,39846,0.2,2027.0,0,0,0.0,1.81626631,1.87828808,-0.06202177,3,8,-5.0,0,0,0.0,0,0,0.0
corrected_vs_heuristic,39846,0.2,2028.0,0,0,0.0,1.77440941,0.96624717,0.80816224,2,15,-13.0,0,1,-1.0,0,1,-1.0
corrected_vs_heuristic,39846,0.3,2026.0,0,0,0.0,1.77440941,1.22928844,0.54512097,2,15,-13.0,0,1,-1.0,0,0,0.0
corrected_vs_heuristic,39846,0.3,2027.0,0,0,0.0,1.77440941,0.97413463,0.80027478,2,15,-13.0,0,1,-1.0,0,1,-1.0
corrected_vs_heuristic,39846,0.3,2028.0,1,0,1.0,0.00055313,1.15979266,-1.15923953,11,15,-4.0,0,1,-1.0,0,1,-1.0
corrected_vs_heuristic,40335,0.2,2026.0,1,1,0.0,0.00048533,0.00048533,0.0,5,5,0.0,0,0,0.0,0,0,0.0
corrected_vs_heuristic,40335,0.2,2027.0,0,1,-1.0,0.84078953,0.00041103,0.8403785,15,7,8.0,0,0,0.0,0,0,0.0
corrected_vs_heuristic,40335,0.2,2028.0,1,1,0.0,0.00020088,0.00018323,1.765e-05,9,5,4.0,1,0,1.0,0,0,0.0
corrected_vs_heuristic,40335,0.3,2026.0,1,1,0.0,0.00048533,0.00048533,0.0,5,5,0.0,0,0,0.0,0,0,0.0
corrected_vs_heuristic,40335,0.3,2027.0,1,1,0.0,0.00076636,0.00076636,0.0,7,7,0.0,1,1,0.0,0,0,0.0
corrected_vs_heuristic,40335,0.3,2028.0,1,1,0.0,0.00048533,0.00048533,0.0,5,5,0.0,0,0,0.0,0,0,0.0
corrected_vs_heuristic,4070,0.2,2026.0,1,1,0.0,0.00283516,0.00094552,0.00188964,3,3,0.0,0,0,0.0,0,0,0.0
corrected_vs_heuristic,4070,0.2,2027.0,1,1,0.0,0.00283516,0.00094552,0.00188964,3,3,0.0,0,0,0.0,0,0,0.0
corrected_vs_heuristic,4070,0.2,2028.0,1,1,0.0,0.00283516,0.00094552,0.00188964,3,3,0.0,0,0,0.0,0,0,0.0
corrected_vs_heuristic,4070,0.3,2026.0,0,0,0.0,1.93978405,1.93978405,0.0,4,4,0.0,0,0,0.0,0,0,0.0
corrected_vs_heuristic,4070,0.3,2027.0,1,1,0.0,0.00300953,0.21346727,-0.21045774,12,15,-3.0,1,1,0.0,0,0,0.0
corrected_vs_heuristic,4070,0.3,2028.0,0,1,-1.0,1.82535341,0.00010037,1.82525304,4,11,-7.0,0,1,-1.0,0,0,0.0
corrected_vs_heuristic,40802,0.2,2026.0,1,1,0.0,0.01144587,0.0054223,0.00602357,15,15,0.0,1,1,0.0,0,0,0.0
corrected_vs_heuristic,40802,0.2,2027.0,1,1,0.0,0.07691504,0.06984916,0.00706588,15,15,0.0,0,1,-1.0,0,1,-1.0
corrected_vs_heuristic,40802,0.2,2028.0,0,1,-1.0,0.86788166,0.00024946,0.8676322,15,13,2.0,0,1,-1.0,0,0,0.0
corrected_vs_heuristic,40802,0.3,2026.0,0,1,-1.0,1.46186622,0.01070239,1.45116383,10,12,-2.0,0,1,-1.0,0,1,-1.0
corrected_vs_heuristic,40802,0.3,2027.0,0,0,0.0,1.80061161,1.49627921,0.3043324,15,15,0.0,0,1,-1.0,0,0,0.0
corrected_vs_heuristic,40802,0.3,2028.0,0,1,-1.0,1.51334929,0.0086624,1.50468689,9,15,-6.0,0,1,-1.0,0,0,0.0
corrected_vs_heuristic,41077,0.2,2026.0,0,0,0.0,0.92095473,0.80691802,0.11403671,15,15,0.0,0,1,-1.0,0,0,0.0
corrected_vs_heuristic,41077,0.2,2027.0,1,0,1.0,0.00102466,0.84699494,-0.84597028,11,15,-4.0,0,1,-1.0,0,0,0.0
corrected_vs_heuristic,41077,0.2,2028.0,1,0,1.0,0.00178306,0.86318492,-0.86140186,9,15,-6.0,0,1,-1.0,0,1,-1.0
corrected_vs_heuristic,41077,0.3,2026.0,1,1,0.0,0.00097006,0.00430546,-0.0033354,8,12,-4.0,0,1,-1.0,0,1,-1.0
corrected_vs_heuristic,41077,0.3,2027.0,1,1,0.0,0.03863492,0.02926981,0.00936511,15,15,0.0,0,1,-1.0,0,1,-1.0
corrected_vs_heuristic,41077,0.3,2028.0,1,1,0.0,0.00876934,0.0046079,0.00416144,8,12,-4.0,0,1,-1.0,0,1,-1.0
corrected_vs_heuristic,41220,0.2,2026.0,0,1,-1.0,0.9537332,0.00601451,0.94771869,15,13,2.0,0,1,-1.0,0,1,-1.0
corrected_vs_heuristic,41220,0.2,2027.0,0,1,-1.0,0.84288161,0.32058657,0.52229504,15,15,0.0,0,1,-1.0,0,0,0.0
corrected_vs_heuristic,41220,0.2,2028.0,0,0,0.0,0.85708043,1.89310251,-1.03602208,15,5,10.0,0,0,0.0,0,0,0.0
corrected_vs_heuristic,41220,0.3,2026.0,1,0,1.0,0.61618737,1.27631916,-0.66013179,15,15,0.0,0,1,-1.0,0,0,0.0
corrected_vs_heuristic,41220,0.3,2027.0,0,1,-1.0,1.27691893,0.00176327,1.27515566,15,11,4.0,0,1,-1.0,0,0,0.0
corrected_vs_heuristic,41220,0.3,2028.0,1,1,0.0,0.0563878,0.00583729,0.05055051,15,10,5.0,0,1,-1.0,0,1,-1.0
corrected_vs_heuristic,41820,0.2,2026.0,1,1,0.0,0.00055722,0.00149483,-0.00093761,7,4,3.0,0,0,0.0,0,0,0.0
corrected_vs_heuristic,41820,0.2,2027.0,1,1,0.0,0.08541441,0.45929961,-0.3738852,15,15,0.0,0,1,-1.0,0,1,-1.0
corrected_vs_heuristic,41820,0.2,2028.0,1,1,0.0,0.06378286,0.00060851,0.06317435,7,14,-7.0,0,1,-1.0,0,1,-1.0
corrected_vs_heuristic,41820,0.3,2026.0,1,1,0.0,0.00136622,0.00149483,-0.00012861,7,4,3.0,0,0,0.0,0,0,0.0
corrected_vs_heuristic,41820,0.3,2027.0,0,0,0.0,0.9528231,0.96231862,-0.00949552,15,15,0.0,0,1,-1.0,0,1,-1.0
corrected_vs_heuristic,41820,0.3,2028.0,1,1,0.0,0.00055722,0.00149483,-0.00093761,7,4,3.0,0,0,0.0,0,0,0.0
corrected_vs_heuristic,41998,0.2,2026.0,1,1,0.0,0.02023171,0.00477875,0.01545296,2,5,-3.0,0,0,0.0,0,0,0.0
corrected_vs_heuristic,41998,0.2,2027.0,1,1,0.0,0.02023171,0.00477875,0.01545296,2,5,-3.0,0,0,0.0,0,0,0.0
corrected_vs_heuristic,41998,0.2,2028.0,1,1,0.0,0.02023171,0.00477875,0.01545296,2,5,-3.0,0,0,0.0,0,0,0.0
corrected_vs_heuristic,41998,0.3,2026.0,0,1,-1.0,1.12349995,0.39360199,0.72989796,15,15,0.0,1,1,0.0,1,0,1.0
corrected_vs_heuristic,41998,0.3,2027.0,1,1,0.0,0.01527662,0.00511682,0.0101598,5,5,0.0,1,0,1.0,0,0,0.0
corrected_vs_heuristic,41998,0.3,2028.0,1,1,0.0,0.02023171,0.00391113,0.01632058,2,6,-4.0,0,0,0.0,0,0,0.0
corrected_vs_heuristic,4251,0.2,2026.0,1,1,0.0,0.00120141,0.00011169,0.00108972,4,8,-4.0,0,0,0.0,0,0,0.0
corrected_vs_heuristic,4251,0.2,2027.0,0,0,0.0,1.77599196,1.90894168,-0.13294972,1,3,-2.0,0,0,0.0,0,0,0.0
corrected_vs_heuristic,4251,0.2,2028.0,1,1,0.0,0.00120141,0.00011169,0.00108972,4,8,-4.0,0,0,0.0,0,0,0.0
corrected_vs_heuristic,4251,0.3,2026.0,1,1,0.0,0.00120141,0.00099195,0.00020946,4,8,-4.0,0,1,-1.0,0,1,-1.0
corrected_vs_heuristic,4251,0.3,2027.0,1,1,0.0,0.00120141,0.0288865,-0.02768509,4,15,-11.0,0,1,-1.0,0,1,-1.0
corrected_vs_heuristic,4251,0.3,2028.0,0,0,0.0,1.12232458,1.26307037,-0.14074579,15,15,0.0,0,1,-1.0,0,0,0.0
corrected_vs_heuristic,43637,0.2,2026.0,1,0,1.0,0.1243935,1.41871542,-1.29432192,15,15,0.0,0,1,-1.0,0,0,0.0
corrected_vs_heuristic,43637,0.2,2027.0,0,0,0.0,0.98580379,1.94261586,-0.95681207,15,10,5.0,0,1,-1.0,0,0,0.0
corrected_vs_heuristic,43637,0.2,2028.0,1,0,1.0,0.05788251,1.49685444,-1.43897193,15,15,0.0,0,1,-1.0,0,0,0.0
corrected_vs_heuristic,43637,0.3,2026.0,0,0,0.0,1.41576014,1.53327192,-0.11751178,15,15,0.0,1,1,0.0,0,0,0.0
corrected_vs_heuristic,43637,0.3,2027.0,0,0,0.0,1.10456129,0.95626868,0.14829261,15,15,0.0,0,0,0.0,0,0,0.0
corrected_vs_heuristic,43637,0.3,2028.0,1,1,0.0,0.25001391,0.03704461,0.2129693,15,15,0.0,1,1,0.0,1,1,0.0
corrected_vs_heuristic,44332,0.2,2026.0,0,0,0.0,1.74914338,1.27510353,0.47403985,15,15,0.0,0,1,-1.0,0,0,0.0
corrected_vs_heuristic,44332,0.2,2027.0,1,1,0.0,0.0021852,0.0021852,0.0,2,2,0.0,0,0,0.0,0,0,0.0
corrected_vs_heuristic,44332,0.2,2028.0,1,1,0.0,0.0021852,0.0021852,0.0,2,2,0.0,0,0,0.0,0,0,0.0
corrected_vs_heuristic,44332,0.3,2026.0,1,1,0.0,0.0021852,0.0021852,0.0,2,2,0.0,0,0,0.0,0,0,0.0
corrected_vs_heuristic,44332,0.3,2027.0,1,1,0.0,0.0021852,0.0021852,0.0,2,2,0.0,0,0,0.0,0,0,0.0
corrected_vs_heuristic,44332,0.3,2028.0,0,1,-1.0,1.89369937,0.00888887,1.8848105,11,12,-1.0,0,1,-1.0,0,0,0.0
corrected_vs_heuristic,44571,0.2,2026.0,1,1,0.0,0.01227201,0.00754089,0.00473112,7,7,0.0,0,1,-1.0,0,1,-1.0
corrected_vs_heuristic,44571,0.2,2027.0,1,0,1.0,0.00314648,0.82699087,-0.82384439,5,15,-10.0,0,1,-1.0,0,1,-1.0
corrected_vs_heuristic,44571,0.2,2028.0,1,0,1.0,0.00216792,1.86681627,-1.86464835,8,14,-6.0,0,1,-1.0,0,0,0.0
corrected_vs_heuristic,44571,0.3,2026.0,1,1,0.0,0.00022352,0.00022452,-1e-06,6,7,-1.0,0,1,-1.0,0,1,-1.0
corrected_vs_heuristic,44571,0.3,2027.0,0,1,-1.0,0.98953681,0.56753056,0.42200625,15,15,0.0,0,1,-1.0,0,1,-1.0
corrected_vs_heuristic,44571,0.3,2028.0,1,1,0.0,0.00314648,0.00719517,-0.00404869,5,10,-5.0,0,1,-1.0,0,1,-1.0
corrected_vs_heuristic,46098,0.2,2026.0,0,1,-1.0,0.80650086,0.00065891,0.80584195,15,5,10.0,0,0,0.0,0,0,0.0
corrected_vs_heuristic,46098,0.2,2027.0,1,1,0.0,0.01227201,0.00255787,0.00971414,7,8,-1.0,0,1,-1.0,0,1,-1.0
corrected_vs_heuristic,46098,0.2,2028.0,1,1,0.0,3.374e-05,0.00032944,-0.0002957,11,5,6.0,1,0,1.0,0,0,0.0
corrected_vs_heuristic,46098,0.3,2026.0,1,0,1.0,0.67374641,0.93267096,-0.25892455,15,15,0.0,0,1,-1.0,0,1,-1.0
corrected_vs_heuristic,46098,0.3,2027.0,1,1,0.0,0.00070431,0.00039951,0.0003048,7,5,2.0,0,0,0.0,0,0,0.0
corrected_vs_heuristic,46098,0.3,2028.0,1,1,0.0,0.00228975,0.00107278,0.00121697,15,5,10.0,1,0,1.0,0,0,0.0
corrected_vs_heuristic,46753,0.2,2026.0,1,0,1.0,0.00025544,0.96599492,-0.96573948,8,15,-7.0,0,1,-1.0,0,1,-1.0
corrected_vs_heuristic,46753,0.2,2027.0,1,0,1.0,0.00351323,1.04783149,-1.04431826,8,15,-7.0,0,1,-1.0,0,1,-1.0
corrected_vs_heuristic,46753,0.2,2028.0,1,1,0.0,0.00023353,0.80046585,-0.80023232,8,15,-7.0,0,1,-1.0,0,1,-1.0
corrected_vs_heuristic,46753,0.3,2026.0,1,1,0.0,0.00589609,0.00191798,0.00397811,15,10,5.0,0,1,-1.0,0,0,0.0
corrected_vs_heuristic,46753,0.3,2027.0,1,0,1.0,0.00091026,0.85133304,-0.85042278,15,15,0.0,0,1,-1.0,0,0,0.0
corrected_vs_heuristic,46753,0.3,2028.0,1,0,1.0,0.00219877,0.96208801,-0.95988924,11,15,-4.0,0,1,-1.0,0,1,-1.0
corrected_vs_heuristic,48102,0.2,2026.0,0,1,-1.0,0.96248012,0.01952827,0.94295185,15,15,0.0,0,1,-1.0,0,1,-1.0
corrected_vs_heuristic,48102,0.2,2027.0,0,0,0.0,1.01318234,1.39420845,-0.38102611,15,15,0.0,0,1,-1.0,0,1,-1.0
corrected_vs_heuristic,48102,0.2,2028.0,0,0,0.0,1.03943497,1.00405708,0.03537789,15,15,0.0,0,1,-1.0,0,1,-1.0
corrected_vs_heuristic,48102,0.3,2026.0,0,0,0.0,1.75713932,1.8484775,-0.09133818,2,5,-3.0,0,0,0.0,0,0,0.0
corrected_vs_heuristic,48102,0.3,2027.0,1,1,0.0,0.00020873,0.77902149,-0.77881276,14,15,-1.0,0,0,0.0,0,0,0.0
corrected_vs_heuristic,48102,0.3,2028.0,1,1,0.0,0.00137216,0.00046526,0.0009069,6,9,-3.0,0,1,-1.0,0,1,-1.0
corrected_vs_heuristic,4830,0.2,2026.0,1,1,0.0,0.00181698,0.00181698,0.0,2,2,0.0,0,0,0.0,0,0,0.0
corrected_vs_heuristic,4830,0.2,2027.0,1,1,0.0,0.00181698,0.00181698,0.0,2,2,0.0,0,0,0.0,0,0,0.0
corrected_vs_heuristic,4830,0.2,2028.0,1,1,0.0,0.00181698,0.00181698,0.0,2,2,0.0,0,0,0.0,0,0,0.0
corrected_vs_heuristic,4830,0.3,2026.0,1,0,1.0,0.00259421,1.58826368,-1.58566947,13,15,-2.0,1,1,0.0,0,1,-1.0
corrected_vs_heuristic,4830,0.3,2027.0,1,1,0.0,0.00646433,0.01878585,-0.01232152,9,15,-6.0,0,1,-1.0,0,1,-1.0
corrected_vs_heuristic,4830,0.3,2028.0,1,1,0.0,0.00181698,0.00181698,0.0,2,2,0.0,0,0,0.0,0,0,0.0
corrected_vs_heuristic,49420,0.2,2026.0,1,1,0.0,0.00205509,0.00279467,-0.00073958,11,9,2.0,0,0,0.0,0,0,0.0
corrected_vs_heuristic,49420,0.2,2027.0,1,1,0.0,0.00187708,5.966e-05,0.00181742,11,11,0.0,0,1,-1.0,0,1,-1.0
corrected_vs_heuristic,49420,0.2,2028.0,1,1,0.0,0.00433366,0.00085935,0.00347431,12,9,3.0,0,0,0.0,0,0,0.0
corrected_vs_heuristic,49420,0.3,2026.0,0,0,0.0,1.98410286,1.8597289,0.12437396,11,14,-3.0,1,1,0.0,1,0,1.0
corrected_vs_heuristic,49420,0.3,2027.0,0,0,0.0,1.06966502,1.18414704,-0.11448202,15,15,0.0,1,1,0.0,1,0,1.0
corrected_vs_heuristic,49420,0.3,2028.0,1,1,0.0,0.0023579,2.043e-05,0.00233747,13,13,0.0,0,1,-1.0,0,0,0.0
corrected_vs_heuristic,49933,0.2,2026.0,1,1,0.0,0.75225377,0.39861649,0.35363728,15,15,0.0,0,1,-1.0,0,1,-1.0
corrected_vs_heuristic,49933,0.2,2027.0,1,1,0.0,0.25915331,0.01765041,0.2415029,15,9,6.0,0,1,-1.0,0,1,-1.0
corrected_vs_heuristic,49933,0.2,2028.0,1,0,1.0,0.79004103,1.34652769,-0.55648666,15,15,0.0,0,1,-1.0,0,1,-1.0
corrected_vs_heuristic,49933,0.3,2026.0,1,1,0.0,0.00092953,0.01046101,-0.00953148,11,10,1.0,0,1,-1.0,0,1,-1.0
corrected_vs_heuristic,49933,0.3,2027.0,1,1,0.0,0.087849,0.00310993,0.08473907,15,10,5.0,1,1,0.0,1,0,1.0
corrected_vs_heuristic,49933,0.3,2028.0,0,0,0.0,1.8842476,1.93105193,-0.04680433,6,12,-6.0,1,1,0.0,1,1,0.0
corrected_vs_heuristic,4996,0.2,2026.0,0,0,0.0,0.89490096,1.03315506,-0.1382541,15,15,0.0,0,1,-1.0,0,0,0.0
corrected_vs_heuristic,4996,0.2,2027.0,1,1,0.0,0.14951061,0.00704665,0.14246396,15,9,6.0,0,1,-1.0,0,1,-1.0
corrected_vs_heuristic,4996,0.2,2028.0,1,1,0.0,0.10529703,0.01385464,0.09144239,15,14,1.0,0,1,-1.0,0,1,-1.0
corrected_vs_heuristic,4996,0.3,2026.0,1,1,0.0,0.157507,0.01047319,0.14703381,15,11,4.0,0,1,-1.0,0,1,-1.0
corrected_vs_heuristic,4996,0.3,2027.0,1,1,0.0,0.35864429,0.42944392,-0.07079963,15,15,0.0,0,1,-1.0,0,1,-1.0
corrected_vs_heuristic,4996,0.3,2028.0,0,1,-1.0,0.6361094,0.01849572,0.61761368,15,13,2.0,0,1,-1.0,0,1,-1.0
corrected_vs_heuristic,50606,0.2,2026.0,1,1,0.0,0.00104565,0.00249994,-0.00145429,8,5,3.0,0,1,-1.0,0,1,-1.0
corrected_vs_heuristic,50606,0.2,2027.0,1,1,0.0,0.00120957,0.00014591,0.00106366,2,3,-1.0,0,0,0.0,0,0,0.0
corrected_vs_heuristic,50606,0.2,2028.0,1,1,0.0,0.00120957,0.00014591,0.00106366,2,3,-1.0,0,0,0.0,0,0,0.0
corrected_vs_heuristic,50606,0.3,2026.0,1,1,0.0,0.00587957,0.00587957,0.0,2,4,-2.0,0,1,-1.0,0,1,-1.0
corrected_vs_heuristic,50606,0.3,2027.0,1,1,0.0,0.0002976,0.00088368,-0.00058608,4,13,-9.0,1,1,0.0,0,1,-1.0
corrected_vs_heuristic,50606,0.3,2028.0,1,1,0.0,0.01319205,0.00011044,0.01308161,4,5,-1.0,0,1,-1.0,0,1,-1.0
corrected_vs_heuristic,51161,0.2,2026.0,1,1,0.0,0.03312231,0.01495389,0.01816842,6,7,-1.0,0,0,0.0,0,0,0.0
corrected_vs_heuristic,51161,0.2,2027.0,1,0,1.0,0.03716024,0.66969237,-0.63253213,8,13,-5.0,1,1,0.0,0,1,-1.0
corrected_vs_heuristic,51161,0.2,2028.0,1,1,0.0,0.01774707,0.01495389,0.00279318,7,7,0.0,0,0,0.0,0,0,0.0
corrected_vs_heuristic,51161,0.3,2026.0,1,1,0.0,0.03312231,0.01495389,0.01816842,6,7,-1.0,0,0,0.0,0,0,0.0
corrected_vs_heuristic,51161,0.3,2027.0,1,1,0.0,0.01251718,0.01622414,-0.00370696,8,11,-3.0,0,0,0.0,0,0,0.0
corrected_vs_heuristic,51161,0.3,2028.0,1,1,0.0,0.0232307,0.02347722,-0.00024652,11,14,-3.0,0,1,-1.0,0,1,-1.0
corrected_vs_heuristic,51278,0.2,2026.0,1,1,0.0,0.00465718,0.00376517,0.00089201,9,12,-3.0,0,1,-1.0,0,0,0.0
corrected_vs_heuristic,51278,0.2,2027.0,1,1,0.0,0.00383864,0.00144985,0.00238879,7,8,-1.0,0,1,-1.0,0,1,-1.0
corrected_vs_heuristic,51278,0.2,2028.0,1,1,0.0,0.00383864,0.00144985,0.00238879,7,8,-1.0,0,1,-1.0,0,1,-1.0
corrected_vs_heuristic,51278,0.3,2026.0,1,1,0.0,0.0028896,0.00501742,-0.00212782,15,8,7.0,1,1,0.0,1,1,0.0
corrected_vs_heuristic,51278,0.3,2027.0,1,1,0.0,0.09554644,0.0048502,0.09069624,15,15,0.0,1,1,0.0,1,0,1.0
corrected_vs_heuristic,51278,0.3,2028.0,1,1,0.0,0.00383864,0.00461634,-0.0007777,7,10,-3.0,0,1,-1.0,0,1,-1.0
corrected_vs_heuristic,51400,0.2,2026.0,0,1,-1.0,1.89593176,0.00055883,1.89537293,5,6,-1.0,0,0,0.0,0,0,0.0
corrected_vs_heuristic,51400,0.2,2027.0,1,1,0.0,0.01136244,7.138e-05,0.01129106,6,5,1.0,0,1,-1.0,0,1,-1.0
corrected_vs_heuristic,51400,0.2,2028.0,1,1,0.0,0.01396508,4.936e-05,0.01391572,5,4,1.0,0,0,0.0,0,0,0.0
corrected_vs_heuristic,51400,0.3,2026.0,1,1,0.0,0.00454553,4.885e-05,0.00449668,15,7,8.0,0,1,-1.0,0,0,0.0
corrected_vs_heuristic,51400,0.3,2027.0,0,0,0.0,1.97378988,1.96884718,0.0049427,12,6,6.0,0,1,-1.0,0,0,0.0
corrected_vs_heuristic,51400,0.3,2028.0,1,1,0.0,0.00591583,0.0002645,0.00565133,9,12,-3.0,1,1,0.0,0,1,-1.0
corrected_vs_heuristic,51712,0.2,2026.0,1,1,0.0,0.04106461,0.01362391,0.0274407,5,8,-3.0,0,1,-1.0,0,1,-1.0
corrected_vs_heuristic,51712,0.2,2027.0,1,1,0.0,0.0213479,0.00748103,0.01386687,4,5,-1.0,0,0,0.0,0,0,0.0
corrected_vs_heuristic,51712,0.2,2028.0,1,1,0.0,0.02252177,0.01444208,0.00807969,9,9,0.0,0,0,0.0,0,0,0.0
corrected_vs_heuristic,51712,0.3,2026.0,0,0,0.0,1.81866172,1.76623965,0.05242207,7,14,-7.0,1,1,0.0,1,0,1.0
corrected_vs_heuristic,51712,0.3,2027.0,1,1,0.0,0.00399674,0.00399674,0.0,4,4,0.0,0,0,0.0,0,0,0.0
corrected_vs_heuristic,51712,0.3,2028.0,0,1,-1.0,0.97700871,0.16372173,0.81328698,15,15,0.0,0,1,-1.0,0,1,-1.0
corrected_vs_heuristic,51886,0.2,2026.0,1,1,0.0,0.01294483,0.00549483,0.00745,9,8,1.0,0,1,-1.0,0,1,-1.0
corrected_vs_heuristic,51886,0.2,2027.0,1,1,0.0,0.01236865,0.00383233,0.00853632,14,9,5.0,1,0,1.0,1,0,1.0
corrected_vs_heuristic,51886,0.2,2028.0,1,1,0.0,0.0017548,0.00024476,0.00151004,8,11,-3.0,0,1,-1.0,0,0,0.0
corrected_vs_heuristic,51886,0.3,2026.0,1,1,0.0,0.00504269,0.00029033,0.00475236,7,7,0.0,0,1,-1.0,0,1,-1.0
corrected_vs_heuristic,51886,0.3,2027.0,1,1,0.0,0.00146342,0.0005182,0.00094522,12,9,3.0,0,1,-1.0,0,1,-1.0
corrected_vs_heuristic,51886,0.3,2028.0,0,1,-1.0,1.90012571,0.00154704,1.89857867,10,11,-1.0,1,1,0.0,1,1,0.0
corrected_vs_heuristic,52374,0.2,2026.0,0,1,-1.0,0.91301367,0.74992431,0.16308936,15,15,0.0,0,1,-1.0,0,0,0.0
corrected_vs_heuristic,52374,0.2,2027.0,1,1,0.0,0.0052002,0.04060431,-0.03540411,15,15,0.0,0,1,-1.0,0,1,-1.0
corrected_vs_heuristic,52374,0.2,2028.0,1,1,0.0,0.45599627,0.25032158,0.20567469,15,15,0.0,0,1,-1.0,0,1,-1.0
corrected_vs_heuristic,52374,0.3,2026.0,0,1,-1.0,1.22492323,0.3551473,0.86977593,15,15,0.0,0,1,-1.0,0,0,0.0
corrected_vs_heuristic,52374,0.3,2027.0,0,1,-1.0,0.85815343,0.25471571,0.60343772,15,15,0.0,0,1,-1.0,0,1,-1.0
corrected_vs_heuristic,52374,0.3,2028.0,0,0,0.0,1.03042293,1.05767797,-0.02725504,15,15,0.0,0,1,-1.0,0,0,0.0
corrected_vs_heuristic,52585,0.2,2026.0,1,1,0.0,0.01483189,0.00172349,0.0131084,15,9,6.0,0,1,-1.0,0,1,-1.0
corrected_vs_heuristic,52585,0.2,2027.0,1,1,0.0,0.01397343,0.00256542,0.01140801,9,6,3.0,0,0,0.0,0,0,0.0
corrected_vs_heuristic,52585,0.2,2028.0,1,0,1.0,0.50756868,1.17123448,-0.6636658,15,15,0.0,1,1,0.0,1,0,1.0
corrected_vs_heuristic,52585,0.3,2026.0,1,0,1.0,0.53643585,1.33925568,-0.80281983,15,15,0.0,0,1,-1.0,0,0,0.0
corrected_vs_heuristic,52585,0.3,2027.0,0,0,0.0,1.81563152,1.13156347,0.68406805,13,15,-2.0,0,1,-1.0,0,0,0.0
corrected_vs_heuristic,52585,0.3,2028.0,1,1,0.0,0.09100317,0.03517922,0.05582395,15,15,0.0,0,1,-1.0,0,1,-1.0
corrected_vs_heuristic,52811,0.2,2026.0,1,1,0.0,0.01160499,0.00021689,0.0113881,2,2,0.0,0,0,0.0,0,0,0.0
corrected_vs_heuristic,52811,0.2,2027.0,1,1,0.0,0.0008748,0.0008748,0.0,2,2,0.0,0,0,0.0,0,0,0.0
corrected_vs_heuristic,52811,0.2,2028.0,1,1,0.0,0.01313429,0.00182704,0.01130725,2,9,-7.0,0,1,-1.0,0,0,0.0
corrected_vs_heuristic,52811,0.3,2026.0,1,1,0.0,0.0008748,0.0008748,0.0,2,2,0.0,0,0,0.0,0,0,0.0
corrected_vs_heuristic,52811,0.3,2027.0,1,1,0.0,0.01160499,0.00021689,0.0113881,2,2,0.0,0,0,0.0,0,0,0.0
corrected_vs_heuristic,52811,0.3,2028.0,1,1,0.0,0.01160499,0.00021689,0.0113881,2,2,0.0,0,0,0.0,0,0,0.0
corrected_vs_heuristic,53079,0.2,2026.0,1,1,0.0,0.00811177,0.00228755,0.00582422,2,4,-2.0,0,0,0.0,0,0,0.0
corrected_vs_heuristic,53079,0.2,2027.0,1,1,0.0,0.00811177,0.00220392,0.00590785,2,3,-1.0,0,0,0.0,0,0,0.0
corrected_vs_heuristic,53079,0.2,2028.0,1,1,0.0,0.00811177,0.00220392,0.00590785,2,3,-1.0,0,0,0.0,0,0,0.0
corrected_vs_heuristic,53079,0.3,2026.0,1,1,0.0,0.00811177,0.00220392,0.00590785,2,3,-1.0,0,0,0.0,0,0,0.0
corrected_vs_heuristic,53079,0.3,2027.0,1,0,1.0,0.00130561,0.71330084,-0.71199523,5,15,-10.0,0,1,-1.0,0,0,0.0
corrected_vs_heuristic,53079,0.3,2028.0,1,1,0.0,0.00012934,0.00281558,-0.00268624,4,5,-1.0,1,1,0.0,0,0,0.0
corrected_vs_heuristic,53377,0.2,2026.0,1,1,0.0,0.01707959,0.00917562,0.00790397,3,7,-4.0,0,1,-1.0,0,1,-1.0
corrected_vs_heuristic,53377,0.2,2027.0,0,0,0.0,1.86361951,1.89928882,-0.03566931,3,7,-4.0,0,1,-1.0,0,1,-1.0
corrected_vs_heuristic,53377,0.2,2028.0,0,1,-1.0,1.78519507,0.06285958,1.72233549,9,15,-6.0,0,1,-1.0,0,1,-1.0
corrected_vs_heuristic,53377,0.3,2026.0,1,1,0.0,0.01943088,0.00010724,0.01932364,2,9,-7.0,0,1,-1.0,0,0,0.0
corrected_vs_heuristic,53377,0.3,2027.0,1,1,0.0,0.01943088,0.01031801,0.00911287,2,6,-4.0,0,1,-1.0,0,0,0.0
corrected_vs_heuristic,53377,0.3,2028.0,1,0,1.0,0.01707959,0.6025173,-0.58543771,3,15,-12.0,0,1,-1.0,0,1,-1.0
corrected_vs_heuristic,53395,0.2,2026.0,1,1,0.0,0.00107392,0.00182883,-0.00075491,7,11,-4.0,0,0,0.0,0,0,0.0
corrected_vs_heuristic,53395,0.2,2027.0,1,1,0.0,0.01483717,0.00172659,0.01311058,7,12,-5.0,0,1,-1.0,0,0,0.0
corrected_vs_heuristic,53395,0.2,2028.0,1,1,0.0,0.00107406,0.00247013,-0.00139607,8,13,-5.0,0,1,-1.0,0,1,-1.0
corrected_vs_heuristic,53395,0.3,2026.0,1,1,0.0,0.02207198,0.00877456,0.01329742,13,15,-2.0,1,1,0.0,1,1,0.0
corrected_vs_heuristic,53395,0.3,2027.0,1,1,0.0,0.0136705,0.00195071,0.01171979,8,14,-6.0,0,0,0.0,0,0,0.0
corrected_vs_heuristic,53395,0.3,2028.0,1,1,0.0,0.01073483,0.00022725,0.01050758,7,13,-6.0,0,1,-1.0,0,1,-1.0
corrected_vs_heuristic,5447,0.2,2026.0,0,1,-1.0,1.05014125,2.486e-05,1.05011639,15,14,1.0,0,1,-1.0,0,0,0.0
corrected_vs_heuristic,5447,0.2,2027.0,0,0,0.0,1.70417552,0.98401092,0.7201646,15,15,0.0,1,1,0.0,0,1,-1.0
corrected_vs_heuristic,5447,0.2,2028.0,0,0,0.0,1.03568439,1.06130013,-0.02561574,15,15,0.0,0,1,-1.0,0,1,-1.0
corrected_vs_heuristic,5447,0.3,2026.0,0,0,0.0,1.19626338,1.01397412,0.18228926,15,15,0.0,0,1,-1.0,0,1,-1.0
corrected_vs_heuristic,5447,0.3,2027.0,0,1,-1.0,1.05000056,0.00083611,1.04916445,15,6,9.0,0,0,0.0,0,0,0.0
corrected_vs_heuristic,5447,0.3,2028.0,0,0,0.0,1.06447583,0.99957398,0.06490185,15,15,0.0,0,1,-1.0,0,0,0.0
corrected_vs_heuristic,54787,0.2,2026.0,1,1,0.0,0.00738355,0.00078369,0.00659986,4,6,-2.0,0,1,-1.0,0,1,-1.0
corrected_vs_heuristic,54787,0.2,2027.0,1,1,0.0,0.00629478,0.0003261,0.00596868,4,7,-3.0,0,1,-1.0,0,1,-1.0
corrected_vs_heuristic,54787,0.2,2028.0,1,1,0.0,0.00629478,0.00032068,0.0059741,4,5,-1.0,0,0,0.0,0,0,0.0
corrected_vs_heuristic,54787,0.3,2026.0,1,1,0.0,0.00629478,6.799e-05,0.00622679,4,7,-3.0,0,1,-1.0,0,0,0.0
corrected_vs_heuristic,54787,0.3,2027.0,1,1,0.0,0.00629478,0.00032068,0.0059741,4,5,-1.0,0,0,0.0,0,0,0.0
corrected_vs_heuristic,54787,0.3,2028.0,1,1,0.0,0.00890135,0.00148406,0.00741729,6,12,-6.0,0,1,-1.0,0,1,-1.0
corrected_vs_heuristic,54948,0.2,2026.0,0,0,0.0,1.77397955,0.97911918,0.79486037,9,15,-6.0,0,1,-1.0,0,0,0.0
corrected_vs_heuristic,54948,0.2,2027.0,0,0,0.0,0.97594854,1.85615213,-0.88020359,15,14,1.0,0,1,-1.0,0,0,0.0
corrected_vs_heuristic,54948,0.2,2028.0,0,1,-1.0,0.94809127,0.71108853,0.23700274,15,15,0.0,0,1,-1.0,0,1,-1.0
corrected_vs_heuristic,54948,0.3,2026.0,0,0,0.0,1.45531319,0.87359403,0.58171916,15,15,0.0,0,1,-1.0,0,0,0.0
corrected_vs_heuristic,54948,0.3,2027.0,0,0,0.0,1.2319552,1.06828816,0.16366704,15,15,0.0,0,1,-1.0,0,0,0.0
corrected_vs_heuristic,54948,0.3,2028.0,1,1,0.0,0.0321986,0.00773559,0.02446301,7,9,-2.0,0,0,0.0,0,0,0.0
corrected_vs_heuristic,54952,0.2,2026.0,1,1,0.0,0.00032895,0.00039892,-6.997e-05,3,6,-3.0,0,0,0.0,0,0,0.0
corrected_vs_heuristic,54952,0.2,2027.0,1,1,0.0,0.00032895,0.00027978,4.917e-05,3,6,-3.0,0,0,0.0,0,0,0.0
corrected_vs_heuristic,54952,0.2,2028.0,0,1,-1.0,0.86658088,0.00136714,0.86521374,15,13,2.0,0,1,-1.0,0,1,-1.0
corrected_vs_heuristic,54952,0.3,2026.0,1,1,0.0,0.00069818,7.781e-05,0.00062037,2,6,-4.0,0,0,0.0,0,0,0.0
corrected_vs_heuristic,54952,0.3,2027.0,1,1,0.0,0.00441088,0.00398038,0.0004305,3,6,-3.0,0,0,0.0,0,0,0.0
corrected_vs_heuristic,54952,0.3,2028.0,1,1,0.0,0.01559612,0.00342116,0.01217496,3,7,-4.0,0,0,0.0,0,0,0.0
corrected_vs_heuristic,55433,0.2,2026.0,1,1,0.0,0.01092356,0.00172421,0.00919935,2,4,-2.0,0,0,0.0,0,0,0.0
corrected_vs_heuristic,55433,0.2,2027.0,1,1,0.0,0.01042459,0.00169038,0.00873421,1,3,-2.0,0,0,0.0,0,0,0.0
corrected_vs_heuristic,55433,0.2,2028.0,1,1,0.0,0.01042459,0.00164045,0.00878414,1,3,-2.0,0,0,0.0,0,0,0.0
corrected_vs_heuristic,55433,0.3,2026.0,1,1,0.0,0.01042459,0.00215081,0.00827378,1,8,-7.0,0,1,-1.0,0,0,0.0
corrected_vs_heuristic,55433,0.3,2027.0,1,1,0.0,0.01042459,0.00397986,0.00644473,1,4,-3.0,0,1,-1.0,0,1,-1.0
corrected_vs_heuristic,55433,0.3,2028.0,1,1,0.0,0.01042459,0.00164045,0.00878414,1,3,-2.0,0,0,0.0,0,0,0.0
corrected_vs_heuristic,56328,0.2,2026.0,1,1,0.0,0.00126276,3.153e-05,0.00123123,4,10,-6.0,0,0,0.0,0,0,0.0
corrected_vs_heuristic,56328,0.2,2027.0,1,1,0.0,0.00063815,0.00048793,0.00015022,15,10,5.0,0,0,0.0,0,0,0.0
corrected_vs_heuristic,56328,0.2,2028.0,1,1,0.0,0.00565102,3.153e-05,0.00561949,7,10,-3.0,0,0,0.0,0,0,0.0
corrected_vs_heuristic,56328,0.3,2026.0,1,1,0.0,0.001304,0.0024528,-0.0011488,6,5,1.0,0,0,0.0,0,0,0.0
corrected_vs_heuristic,56328,0.3,2027.0,1,1,0.0,0.00155632,0.00096668,0.00058964,7,12,-5.0,0,0,0.0,0,0,0.0
corrected_vs_heuristic,56328,0.3,2028.0,1,1,0.0,0.00229246,0.00010372,0.00218874,7,8,-1.0,0,1,-1.0,0,1,-1.0
corrected_vs_heuristic,5640,0.2,2026.0,1,1,0.0,0.00059368,0.00011147,0.00048221,3,3,0.0,0,0,0.0,0,0,0.0
corrected_vs_heuristic,5640,0.2,2027.0,1,1,0.0,0.00059368,0.00011147,0.00048221,3,3,0.0,0,0,0.0,0,0,0.0
corrected_vs_heuristic,5640,0.2,2028.0,1,1,0.0,0.00059368,0.00044799,0.00014569,3,4,-1.0,0,0,0.0,0,0,0.0
corrected_vs_heuristic,5640,0.3,2026.0,1,1,0.0,0.00074019,0.00403583,-0.00329564,12,13,-1.0,1,1,0.0,0,1,-1.0
corrected_vs_heuristic,5640,0.3,2027.0,1,0,1.0,0.37793663,1.0342632,-0.65632657,15,15,0.0,0,1,-1.0,0,0,0.0
corrected_vs_heuristic,5640,0.3,2028.0,1,1,0.0,0.00872661,0.00177665,0.00694996,3,3,0.0,0,0,0.0,0,0,0.0
corrected_vs_heuristic,57078,0.2,2026.0,1,1,0.0,0.00102728,0.00164583,-0.00061855,4,2,2.0,0,0,0.0,0,0,0.0
corrected_vs_heuristic,57078,0.2,2027.0,0,1,-1.0,1.79141717,0.00164583,1.78977134,5,2,3.0,0,0,0.0,0,0,0.0
corrected_vs_heuristic,57078,0.2,2028.0,1,1,0.0,0.00275127,0.00024048,0.00251079,15,13,2.0,0,1,-1.0,0,1,-1.0
corrected_vs_heuristic,57078,0.3,2026.0,1,1,0.0,0.00102728,0.00164583,-0.00061855,4,2,2.0,0,0,0.0,0,0,0.0
corrected_vs_heuristic,57078,0.3,2027.0,1,1,0.0,0.00021392,0.25044203,-0.25022811,6,15,-9.0,0,1,-1.0,0,1,-1.0
corrected_vs_heuristic,57078,0.3,2028.0,1,1,0.0,0.29305732,0.00084337,0.29221395,15,4,11.0,1,1,0.0,1,0,1.0
corrected_vs_heuristic,57298,0.2,2026.0,1,1,0.0,0.0214106,0.00669864,0.01471196,5,3,2.0,0,0,0.0,0,0,0.0
corrected_vs_heuristic,57298,0.2,2027.0,1,1,0.0,0.00511082,0.00669864,-0.00158782,3,3,0.0,0,0,0.0,0,0,0.0
corrected_vs_heuristic,57298,0.2,2028.0,1,1,0.0,0.00573518,0.00743434,-0.00169916,3,4,-1.0,0,1,-1.0,0,1,-1.0
corrected_vs_heuristic,57298,0.3,2026.0,1,1,0.0,0.0187322,0.00669864,0.01203356,7,3,4.0,0,0,0.0,0,0,0.0
corrected_vs_heuristic,57298,0.3,2027.0,1,1,0.0,0.0165396,0.00030434,0.01623526,3,10,-7.0,0,1,-1.0,0,1,-1.0
corrected_vs_heuristic,57298,0.3,2028.0,1,1,0.0,0.00669864,0.00669864,0.0,6,3,3.0,0,0,0.0,0,0,0.0
corrected_vs_heuristic,57703,0.2,2026.0,1,1,0.0,0.01224339,0.00134313,0.01090026,4,5,-1.0,0,0,0.0,0,0,0.0
corrected_vs_heuristic,57703,0.2,2027.0,1,1,0.0,0.00030384,0.00436432,-0.00406048,6,10,-4.0,0,1,-1.0,0,0,0.0
corrected_vs_heuristic,57703,0.2,2028.0,1,1,0.0,0.00054572,0.00710452,-0.0065588,10,13,-3.0,1,1,0.0,1,0,1.0
corrected_vs_heuristic,57703,0.3,2026.0,1,1,0.0,0.00050697,4.846e-05,0.00045851,3,7,-4.0,0,0,0.0,0,0,0.0
corrected_vs_heuristic,57703,0.3,2027.0,1,1,0.0,0.00215749,0.00214986,7.63e-06,4,5,-1.0,0,0,0.0,0,0,0.0
corrected_vs_heuristic,57703,0.3,2028.0,1,1,0.0,0.00779558,0.00726368,0.0005319,7,8,-1.0,0,1,-1.0,0,1,-1.0
corrected_vs_heuristic,5803,0.2,2026.0,1,1,0.0,0.00839327,0.011607,-0.00321373,6,5,1.0,0,0,0.0,0,0,0.0
corrected_vs_heuristic,5803,0.2,2027.0,1,1,0.0,0.07484476,0.00069768,0.07414708,5,6,-1.0,0,0,0.0,0,0,0.0
corrected_vs_heuristic,5803,0.2,2028.0,1,1,0.0,0.07484476,0.00069768,0.07414708,5,6,-1.0,0,0,0.0,0,0,0.0
corrected_vs_heuristic,5803,0.3,2026.0,1,1,0.0,0.01366297,0.00923501,0.00442796,9,7,2.0,1,1,0.0,0,0,0.0
corrected_vs_heuristic,5803,0.3,2027.0,1,1,0.0,0.02113123,0.01053147,0.01059976,7,15,-8.0,0,1,-1.0,0,0,0.0
corrected_vs_heuristic,5803,0.3,2028.0,1,1,0.0,0.03110944,0.00648259,0.02462685,7,12,-5.0,0,1,-1.0,0,1,-1.0
corrected_vs_heuristic,58290,0.2,2026.0,1,1,0.0,0.00839327,0.011607,-0.00321373,6,5,1.0,0,0,0.0,0,0,0.0
corrected_vs_heuristic,58290,0.2,2027.0,1,1,0.0,0.07484476,0.00090192,0.07394284,5,6,-1.0,0,0,0.0,0,0,0.0
corrected_vs_heuristic,58290,0.2,2028.0,1,1,0.0,0.07484476,0.0080849,0.06675986,5,7,-2.0,0,0,0.0,0,0,0.0
corrected_vs_heuristic,58290,0.3,2026.0,1,1,0.0,0.07484476,0.00069768,0.07414708,5,6,-1.0,0,0,0.0,0,0,0.0
corrected_vs_heuristic,58290,0.3,2027.0,1,1,0.0,0.07484476,0.00069768,0.07414708,5,6,-1.0,0,0,0.0,0,0,0.0
corrected_vs_heuristic,58290,0.3,2028.0,1,1,0.0,0.00839327,0.00102377,0.0073695,6,6,0.0,0,0,0.0,0,0,0.0
corrected_vs_heuristic,59603,0.2,2026.0,1,0,1.0,0.00260929,0.75650498,-0.75389569,13,15,-2.0,0,1,-1.0,0,0,0.0
corrected_vs_heuristic,59603,0.2,2027.0,1,1,0.0,0.00013358,0.00391145,-0.00377787,13,11,2.0,0,1,-1.0,0,1,-1.0
corrected_vs_heuristic,59603,0.2,2028.0,1,1,0.0,0.00015032,0.42855478,-0.42840446,10,15,-5.0,0,1,-1.0,0,0,0.0
corrected_vs_heuristic,59603,0.3,2026.0,1,1,0.0,0.00015056,0.00460482,-0.00445426,12,14,-2.0,0,1,-1.0,0,1,-1.0
corrected_vs_heuristic,59603,0.3,2027.0,1,0,1.0,0.00015194,1.06033942,-1.06018748,11,15,-4.0,0,1,-1.0,0,1,-1.0
corrected_vs_heuristic,59603,0.3,2028.0,1,1,0.0,0.00161259,0.37665359,-0.375041,12,15,-3.0,0,1,-1.0,0,0,0.0
corrected_vs_heuristic,59747,0.2,2026.0,1,1,0.0,0.00048475,7.523e-05,0.00040952,2,3,-1.0,0,0,0.0,0,0,0.0
corrected_vs_heuristic,59747,0.2,2027.0,1,1,0.0,0.00048475,8.102e-05,0.00040373,2,3,-1.0,0,0,0.0,0,0,0.0
corrected_vs_heuristic,59747,0.2,2028.0,1,1,0.0,0.00360776,0.00371982,-0.00011206,11,10,1.0,0,1,-1.0,0,1,-1.0
corrected_vs_heuristic,59747,0.3,2026.0,1,1,0.0,0.00034262,0.00068369,-0.00034107,4,5,-1.0,0,0,0.0,0,0,0.0
corrected_vs_heuristic,59747,0.3,2027.0,1,1,0.0,0.00048475,7.523e-05,0.00040952,2,3,-1.0,0,0,0.0,0,0,0.0
corrected_vs_heuristic,59747,0.3,2028.0,1,1,0.0,0.00048475,7.523e-05,0.00040952,2,3,-1.0,0,0,0.0,0,0,0.0
corrected_vs_heuristic,60118,0.2,2026.0,1,1,0.0,0.01514424,0.00288428,0.01225996,2,6,-4.0,0,0,0.0,0,0,0.0
corrected_vs_heuristic,60118,0.2,2027.0,1,1,0.0,0.0006737,0.00567061,-0.00499691,4,9,-5.0,0,1,-1.0,0,0,0.0
corrected_vs_heuristic,60118,0.2,2028.0,1,1,0.0,0.01514424,0.00296954,0.0121747,2,6,-4.0,0,0,0.0,0,0,0.0
corrected_vs_heuristic,60118,0.3,2026.0,1,1,0.0,0.01514424,0.00288428,0.01225996,2,6,-4.0,0,0,0.0,0,0,0.0
corrected_vs_heuristic,60118,0.3,2027.0,1,1,0.0,0.01514424,0.00288428,0.01225996,2,6,-4.0,0,0,0.0,0,0,0.0
corrected_vs_heuristic,60118,0.3,2028.0,1,1,0.0,0.39393945,0.76175729,-0.36781784,15,15,0.0,0,1,-1.0,0,0,0.0
corrected_vs_heuristic,60326,0.2,2026.0,1,1,0.0,0.01853659,0.00352073,0.01501586,1,5,-4.0,0,1,-1.0,0,0,0.0
corrected_vs_heuristic,60326,0.2,2027.0,1,1,0.0,0.01311348,0.00925502,0.00385846,13,8,5.0,0,0,0.0,0,0,0.0
corrected_vs_heuristic,60326,0.2,2028.0,1,1,0.0,0.01853659,0.00067787,0.01785872,1,3,-2.0,0,0,0.0,0,0,0.0
corrected_vs_heuristic,60326,0.3,2026.0,1,1,0.0,0.02186933,0.00030833,0.021561,2,5,-3.0,0,0,0.0,0,0,0.0
corrected_vs_heuristic,60326,0.3,2027.0,1,1,0.0,0.01853659,0.00798438,0.01055221,1,5,-4.0,0,1,-1.0,0,1,-1.0
corrected_vs_heuristic,60326,0.3,2028.0,1,1,0.0,0.01853659,0.00067787,0.01785872,1,3,-2.0,0,0,0.0,0,0,0.0
corrected_vs_heuristic,60577,0.2,2026.0,1,1,0.0,0.0002246,8.318e-05,0.00014142,4,7,-3.0,0,1,-1.0,0,0,0.0
corrected_vs_heuristic,60577,0.2,2027.0,1,1,0.0,5.691e-05,5.691e-05,0.0,6,6,0.0,0,0,0.0,0,0,0.0
corrected_vs_heuristic,60577,0.2,2028.0,1,1,0.0,0.00061818,0.00061818,0.0,4,4,0.0,0,0,0.0,0,0,0.0
corrected_vs_heuristic,60577,0.3,2026.0,1,0,1.0,2.18e-05,1.91337424,-1.91335244,8,4,4.0,1,0,1.0,0,0,0.0
corrected_vs_heuristic,60577,0.3,2027.0,1,0,1.0,0.00422426,0.91164958,-0.90742532,7,15,-8.0,0,1,-1.0,0,1,-1.0
corrected_vs_heuristic,60577,0.3,2028.0,0,1,-1.0,1.16833241,5.065e-05,1.16828176,15,12,3.0,0,1,-1.0,0,1,-1.0
corrected_vs_heuristic,61232,0.2,2026.0,1,1,0.0,0.03524856,0.00018337,0.03506519,1,4,-3.0,0,0,0.0,0,0,0.0
corrected_vs_heuristic,61232,0.2,2027.0,1,1,0.0,0.03524856,0.00065167,0.03459689,1,4,-3.0,0,0,0.0,0,0,0.0
corrected_vs_heuristic,61232,0.2,2028.0,1,1,0.0,0.03524856,0.00018337,0.03506519,1,4,-3.0,0,0,0.0,0,0,0.0
corrected_vs_heuristic,61232,0.3,2026.0,1,1,0.0,0.03524856,0.00018337,0.03506519,1,4,-3.0,0,0,0.0,0,0,0.0
corrected_vs_heuristic,61232,0.3,2027.0,1,1,0.0,0.03524856,0.0003153,0.03493326,1,4,-3.0,0,0,0.0,0,0,0.0
corrected_vs_heuristic,61232,0.3,2028.0,1,1,0.0,0.03524856,0.00226244,0.03298612,1,4,-3.0,0,0,0.0,0,0,0.0
corrected_vs_heuristic,61497,0.2,2026.0,1,1,0.0,0.03175748,0.00035349,0.03140399,11,10,1.0,1,1,0.0,0,0,0.0
corrected_vs_heuristic,61497,0.2,2027.0,1,1,0.0,0.00621901,0.00831357,-0.00209456,8,5,3.0,0,1,-1.0,0,1,-1.0
corrected_vs_heuristic,61497,0.2,2028.0,1,1,0.0,0.01243013,0.00013775,0.01229238,9,6,3.0,0,0,0.0,0,0,0.0
corrected_vs_heuristic,61497,0.3,2026.0,0,0,0.0,1.17010919,1.94064049,-0.7705313,15,10,5.0,1,1,0.0,1,0,1.0
corrected_vs_heuristic,61497,0.3,2027.0,0,0,0.0,1.78261263,1.87133065,-0.08871802,2,7,-5.0,0,1,-1.0,0,0,0.0
corrected_vs_heuristic,61497,0.3,2028.0,1,1,0.0,0.05088134,0.00070067,0.05018067,9,7,2.0,0,0,0.0,0,0,0.0
corrected_vs_heuristic,61737,0.2,2026.0,1,1,0.0,0.00218806,0.00634416,-0.0041561,6,3,3.0,0,0,0.0,0,0,0.0
corrected_vs_heuristic,61737,0.2,2027.0,1,1,0.0,8.505e-05,0.00133374,-0.00124869,6,9,-3.0,0,0,0.0,0,0,0.0
corrected_vs_heuristic,61737,0.2,2028.0,1,1,0.0,0.00161616,0.00073828,0.00087788,6,9,-3.0,0,1,-1.0,0,1,-1.0
corrected_vs_heuristic,61737,0.3,2026.0,1,1,0.0,0.00139906,0.00392338,-0.00252432,11,8,3.0,0,1,-1.0,0,1,-1.0
corrected_vs_heuristic,61737,0.3,2027.0,1,1,0.0,0.00238623,2.41e-05,0.00236213,6,12,-6.0,0,1,-1.0,0,1,-1.0
corrected_vs_heuristic,61737,0.3,2028.0,1,1,0.0,0.00014469,0.00054575,-0.00040106,9,6,3.0,0,0,0.0,0,0,0.0
corrected_vs_heuristic,61848,0.2,2026.0,1,0,1.0,0.00763356,1.23285179,-1.22521823,7,15,-8.0,0,1,-1.0,0,0,0.0
corrected_vs_heuristic,61848,0.2,2027.0,0,1,-1.0,0.8935474,0.00286907,0.89067833,15,11,4.0,1,1,0.0,1,1,0.0
corrected_vs_heuristic,61848,0.2,2028.0,1,0,1.0,0.00031131,1.02707952,-1.02676821,6,15,-9.0,0,1,-1.0,0,0,0.0
corrected_vs_heuristic,61848,0.3,2026.0,1,0,1.0,0.00042669,0.95318553,-0.95275884,14,15,-1.0,1,1,0.0,1,0,1.0
corrected_vs_heuristic,61848,0.3,2027.0,1,0,1.0,0.00270019,1.02966362,-1.02696343,11,15,-4.0,0,1,-1.0,0,1,-1.0
corrected_vs_heuristic,61848,0.3,2028.0,1,1,0.0,0.00030021,0.00174109,-0.00144088,8,14,-6.0,0,1,-1.0,0,1,-1.0
corrected_vs_heuristic,64748,0.2,2026.0,0,0,0.0,1.01292222,1.11409944,-0.10117722,15,15,0.0,1,1,0.0,0,0,0.0
corrected_vs_heuristic,64748,0.2,2027.0,0,0,0.0,1.03909244,1.24268056,-0.20358812,15,15,0.0,0,1,-1.0,0,1,-1.0
corrected_vs_heuristic,64748,0.2,2028.0,0,1,-1.0,1.19059513,0.00098183,1.1896133,15,10,5.0,0,1,-1.0,0,0,0.0
corrected_vs_heuristic,64748,0.3,2026.0,1,1,0.0,0.00294517,4.887e-05,0.0028963,13,12,1.0,0,1,-1.0,0,1,-1.0
corrected_vs_heuristic,64748,0.3,2027.0,0,0,0.0,1.19444175,1.02071698,0.17372477,15,15,0.0,0,1,-1.0,0,1,-1.0
corrected_vs_heuristic,64748,0.3,2028.0,0,1,-1.0,1.20057145,0.0007514,1.19982005,15,11,4.0,1,1,0.0,1,1,0.0
corrected_vs_heuristic,67430,0.2,2026.0,0,0,0.0,1.02652162,1.54586569,-0.51934407,15,15,0.0,0,0,0.0,0,0,0.0
corrected_vs_heuristic,67430,0.2,2027.0,0,1,-1.0,1.01449214,0.00205802,1.01243412,15,6,9.0,0,1,-1.0,0,1,-1.0
corrected_vs_heuristic,67430,0.2,2028.0,1,1,0.0,0.00192282,0.00103603,0.00088679,9,12,-3.0,0,1,-1.0,0,1,-1.0
corrected_vs_heuristic,67430,0.3,2026.0,0,0,0.0,1.80164952,1.80449343,-0.00284391,9,10,-1.0,0,1,-1.0,0,1,-1.0
corrected_vs_heuristic,67430,0.3,2027.0,1,1,0.0,0.00346274,0.00304139,0.00042135,9,12,-3.0,1,1,0.0,0,1,-1.0
corrected_vs_heuristic,67430,0.3,2028.0,1,1,0.0,0.00235818,0.00156648,0.0007917,6,5,1.0,0,0,0.0,0,0,0.0
corrected_vs_heuristic,67557,0.2,2026.0,0,1,-1.0,1.02713636,0.00013318,1.02700318,15,14,1.0,0,1,-1.0,0,0,0.0
corrected_vs_heuristic,67557,0.2,2027.0,1,1,0.0,0.00228762,9.512e-05,0.0021925,12,10,2.0,1,1,0.0,0,0,0.0
corrected_vs_heuristic,67557,0.2,2028.0,1,1,0.0,0.00050982,0.00063814,-0.00012832,13,8,5.0,0,0,0.0,0,0,0.0
corrected_vs_heuristic,67557,0.3,2026.0,1,1,0.0,0.01713831,0.00711308,0.01002523,15,10,5.0,0,1,-1.0,0,1,-1.0
corrected_vs_heuristic,67557,0.3,2027.0,1,1,0.0,0.00866058,0.00540334,0.00325724,13,9,4.0,0,1,-1.0,0,1,-1.0
corrected_vs_heuristic,67557,0.3,2028.0,0,1,-1.0,1.95154973,0.0009456,1.95060413,7,11,-4.0,0,1,-1.0,0,1,-1.0
corrected_vs_heuristic,6756,0.2,2026.0,0,1,-1.0,0.76436888,0.00287382,0.76149506,15,13,2.0,0,0,0.0,0,0,0.0
corrected_vs_heuristic,6756,0.2,2027.0,1,1,0.0,0.43327824,0.00337216,0.42990608,15,15,0.0,0,1,-1.0,0,0,0.0
corrected_vs_heuristic,6756,0.2,2028.0,0,0,0.0,1.08089905,0.8755384,0.20536065,15,15,0.0,0,1,-1.0,0,1,-1.0
corrected_vs_heuristic,6756,0.3,2026.0,1,0,1.0,0.00879335,1.06639675,-1.0576034,15,15,0.0,0,1,-1.0,0,1,-1.0
corrected_vs_heuristic,6756,0.3,2027.0,0,0,0.0,0.95006535,1.3279585,-0.37789315,15,15,0.0,0,1,-1.0,0,1,-1.0
corrected_vs_heuristic,6756,0.3,2028.0,0,0,0.0,1.9677277,1.09491894,0.87280876,14,15,-1.0,0,1,-1.0,0,0,0.0
corrected_vs_heuristic,67646,0.2,2026.0,1,1,0.0,0.00419528,0.0047877,-0.00059242,3,8,-5.0,0,0,0.0,0,0,0.0
corrected_vs_heuristic,67646,0.2,2027.0,1,1,0.0,0.01566177,0.00861268,0.00704909,5,5,0.0,0,0,0.0,0,0,0.0
corrected_vs_heuristic,67646,0.2,2028.0,1,0,1.0,0.01112761,0.894523,-0.88339539,5,15,-10.0,0,0,0.0,0,0,0.0
corrected_vs_heuristic,67646,0.3,2026.0,1,1,0.0,0.0050265,0.41862204,-0.41359554,4,15,-11.0,0,1,-1.0,0,0,0.0
corrected_vs_heuristic,67646,0.3,2027.0,1,1,0.0,0.00015777,0.00030862,-0.00015085,11,11,0.0,0,0,0.0,0,0,0.0
corrected_vs_heuristic,67646,0.3,2028.0,1,0,1.0,0.00419528,1.34693782,-1.34274254,3,15,-12.0,0,1,-1.0,0,1,-1.0
corrected_vs_heuristic,681,0.2,2026.0,0,1,-1.0,1.01646855,0.49816223,0.51830632,15,15,0.0,0,1,-1.0,0,1,-1.0
corrected_vs_heuristic,681,0.2,2027.0,0,1,-1.0,1.06380004,0.00782915,1.05597089,15,13,2.0,1,1,0.0,1,0,1.0
corrected_vs_heuristic,681,0.2,2028.0,0,1,-1.0,1.73995599,0.14998187,1.58997412,15,15,0.0,0,1,-1.0,0,0,0.0
corrected_vs_heuristic,681,0.3,2026.0,0,0,0.0,1.40026176,1.65649622,-0.25623446,15,15,0.0,0,1,-1.0,0,1,-1.0
corrected_vs_heuristic,681,0.3,2027.0,0,0,0.0,1.08146503,1.10363439,-0.02216936,15,15,0.0,0,1,-1.0,0,1,-1.0
corrected_vs_heuristic,681,0.3,2028.0,0,0,0.0,1.86581264,1.06672441,0.79908823,8,15,-7.0,0,1,-1.0,0,0,0.0
corrected_vs_heuristic,68624,0.2,2026.0,1,1,0.0,0.00044494,0.3559548,-0.35550986,11,15,-4.0,1,1,0.0,0,1,-1.0
corrected_vs_heuristic,68624,0.2,2027.0,1,1,0.0,0.0134996,0.00070922,0.01279038,9,11,-2.0,0,1,-1.0,0,1,-1.0
corrected_vs_heuristic,68624,0.2,2028.0,1,1,0.0,0.17006244,0.00438077,0.16568167,15,12,3.0,1,1,0.0,0,0,0.0
corrected_vs_heuristic,68624,0.3,2026.0,1,1,0.0,0.00042481,0.00648671,-0.0060619,9,13,-4.0,0,1,-1.0,0,1,-1.0
corrected_vs_heuristic,68624,0.3,2027.0,1,1,0.0,8.387e-05,0.00284087,-0.002757,12,13,-1.0,1,1,0.0,0,0,0.0
corrected_vs_heuristic,68624,0.3,2028.0,0,0,0.0,1.04838735,1.18596673,-0.13757938,15,15,0.0,0,1,-1.0,0,0,0.0
corrected_vs_heuristic,68974,0.2,2026.0,0,1,-1.0,0.97630803,0.00053273,0.9757753,15,15,0.0,0,1,-1.0,0,1,-1.0
corrected_vs_heuristic,68974,0.2,2027.0,1,0,1.0,0.00196817,0.99049518,-0.98852701,14,15,-1.0,1,1,0.0,0,1,-1.0
corrected_vs_heuristic,68974,0.2,2028.0,1,1,0.0,0.00011562,0.00027822,-0.0001626,6,7,-1.0,0,0,0.0,0,0,0.0
corrected_vs_heuristic,68974,0.3,2026.0,0,1,-1.0,1.0450222,0.00056148,1.04446072,15,12,3.0,0,1,-1.0,0,1,-1.0
corrected_vs_heuristic,68974,0.3,2027.0,1,1,0.0,0.00437418,0.00045087,0.00392331,10,9,1.0,0,0,0.0,0,0,0.0
corrected_vs_heuristic,68974,0.3,2028.0,1,1,0.0,0.60601117,0.00050499,0.60550618,15,14,1.0,0,1,-1.0,0,0,0.0
corrected_vs_heuristic,69372,0.2,2026.0,0,1,-1.0,1.88212436,1.736e-05,1.882107,3,6,-3.0,0,1,-1.0,0,0,0.0
corrected_vs_heuristic,69372,0.2,2027.0,1,1,0.0,0.0002246,3.921e-05,0.00018539,4,4,0.0,0,0,0.0,0,0,0.0
corrected_vs_heuristic,69372,0.2,2028.0,0,0,0.0,0.98636592,1.0852385,-0.09887258,15,15,0.0,0,1,-1.0,0,0,0.0
corrected_vs_heuristic,69372,0.3,2026.0,1,1,0.0,6.101e-05,6.101e-05,0.0,4,4,0.0,0,0,0.0,0,0,0.0
corrected_vs_heuristic,69372,0.3,2027.0,1,1,0.0,3.921e-05,3.921e-05,0.0,6,4,2.0,1,0,1.0,0,0,0.0
corrected_vs_heuristic,69372,0.3,2028.0,0,1,-1.0,0.92832072,0.46648737,0.46183335,15,15,0.0,0,1,-1.0,0,0,0.0
corrected_vs_heuristic,69402,0.2,2026.0,1,1,0.0,0.00914077,0.0052137,0.00392707,4,6,-2.0,0,1,-1.0,0,0,0.0
corrected_vs_heuristic,69402,0.2,2027.0,1,1,0.0,0.00968801,0.00442998,0.00525803,7,6,1.0,0,0,0.0,0,0,0.0
corrected_vs_heuristic,69402,0.2,2028.0,1,1,0.0,0.00914077,0.0052137,0.00392707,4,6,-2.0,0,1,-1.0,0,0,0.0
corrected_vs_heuristic,69402,0.3,2026.0,1,1,0.0,0.00914077,0.00079868,0.00834209,4,7,-3.0,0,1,-1.0,0,1,-1.0
corrected_vs_heuristic,69402,0.3,2027.0,1,1,0.0,0.00102672,0.00054951,0.00047721,7,6,1.0,0,0,0.0,0,0,0.0
corrected_vs_heuristic,69402,0.3,2028.0,0,1,-1.0,1.0132978,0.00013509,1.01316271,15,12,3.0,0,1,-1.0,0,0,0.0
corrected_vs_heuristic,70085,0.2,2026.0,1,1,0.0,0.00626476,0.00031732,0.00594744,4,7,-3.0,0,1,-1.0,0,0,0.0
corrected_vs_heuristic,70085,0.2,2027.0,1,1,0.0,1.216e-05,0.00427834,-0.00426618,4,2,2.0,0,0,0.0,0,0,0.0
corrected_vs_heuristic,70085,0.2,2028.0,1,1,0.0,1.216e-05,0.00427834,-0.00426618,4,2,2.0,0,0,0.0,0,0,0.0
corrected_vs_heuristic,70085,0.3,2026.0,1,1,0.0,1.216e-05,0.00427834,-0.00426618,4,2,2.0,0,0,0.0,0,0,0.0
corrected_vs_heuristic,70085,0.3,2027.0,1,1,0.0,0.00245568,0.00143372,0.00102196,4,6,-2.0,0,0,0.0,0,0,0.0
corrected_vs_heuristic,70085,0.3,2028.0,1,1,0.0,1.25e-05,0.00427834,-0.00426584,4,2,2.0,0,0,0.0,0,0,0.0
corrected_vs_heuristic,7013,0.2,2026.0,0,0,0.0,1.77716986,1.88096141,-0.10379155,8,14,-6.0,0,1,-1.0,0,1,-1.0
corrected_vs_heuristic,7013,0.2,2027.0,0,0,0.0,1.00431324,0.85630124,0.148012,15,15,0.0,0,1,-1.0,0,1,-1.0
corrected_vs_heuristic,7013,0.2,2028.0,0,1,-1.0,1.02604652,0.00020458,1.02584194,15,14,1.0,0,0,0.0,0,0,0.0
corrected_vs_heuristic,7013,0.3,2026.0,0,0,0.0,1.0280219,1.22414437,-0.19612247,15,15,0.0,0,1,-1.0,0,1,-1.0
corrected_vs_heuristic,7013,0.3,2027.0,0,0,0.0,1.09217939,1.1880965,-0.09591711,15,15,0.0,0,0,0.0,0,0,0.0
corrected_vs_heuristic,7013,0.3,2028.0,0,0,0.0,1.73296327,1.17115627,0.561807,7,15,-8.0,0,1,-1.0,0,0,0.0
corrected_vs_heuristic,71249,0.2,2026.0,1,1,0.0,0.00456375,0.00528268,-0.00071893,5,5,0.0,0,1,-1.0,0,1,-1.0
corrected_vs_heuristic,71249,0.2,2027.0,1,1,0.0,0.00257782,0.00314396,-0.00056614,5,3,2.0,0,0,0.0,0,0,0.0
corrected_vs_heuristic,71249,0.2,2028.0,1,1,0.0,0.00343451,0.00415807,-0.00072356,7,7,0.0,0,1,-1.0,0,1,-1.0
corrected_vs_heuristic,71249,0.3,2026.0,1,1,0.0,0.05966729,0.00146729,0.0582,15,4,11.0,1,0,1.0,0,0,0.0
corrected_vs_heuristic,71249,0.3,2027.0,1,1,0.0,0.00706127,0.00918459,-0.00212332,15,12,3.0,0,1,-1.0,0,1,-1.0
corrected_vs_heuristic,71249,0.3,2028.0,0,0,0.0,0.98757331,1.03351773,-0.04594442,15,15,0.0,0,1,-1.0,0,0,0.0
corrected_vs_heuristic,71499,0.2,2026.0,1,1,0.0,0.00123218,0.00069768,0.0005345,9,6,3.0,0,0,0.0,0,0,0.0
corrected_vs_heuristic,71499,0.2,2027.0,1,1,0.0,0.06359876,0.00090192,0.06269684,6,6,0.0,0,0,0.0,0,0,0.0
corrected_vs_heuristic,71499,0.2,2028.0,1,0,1.0,0.06359876,0.7429036,-0.67930484,6,15,-9.0,0,1,-1.0,0,1,-1.0
corrected_vs_heuristic,71499,0.3,2026.0,1,1,0.0,0.01817087,0.00793942,0.01023145,6,12,-6.0,0,1,-1.0,0,1,-1.0
corrected_vs_heuristic,71499,0.3,2027.0,0,1,-1.0,1.85920712,0.00109518,1.85811194,9,7,2.0,0,1,-1.0,0,0,0.0
corrected_vs_heuristic,71499,0.3,2028.0,1,1,0.0,0.00839327,0.00108646,0.00730681,6,9,-3.0,0,1,-1.0,0,0,0.0
corrected_vs_heuristic,7169,0.2,2026.0,1,1,0.0,0.00215005,0.00215005,0.0,4,4,0.0,0,0,0.0,0,0,0.0
corrected_vs_heuristic,7169,0.2,2027.0,1,1,0.0,0.03854053,0.0032957,0.03524483,2,8,-6.0,0,0,0.0,0,0,0.0
corrected_vs_heuristic,7169,0.2,2028.0,1,1,0.0,0.00215005,0.00215005,0.0,4,4,0.0,0,0,0.0,0,0,0.0
corrected_vs_heuristic,7169,0.3,2026.0,1,1,0.0,0.00265998,0.00265998,0.0,3,3,0.0,0,0,0.0,0,0,0.0
corrected_vs_heuristic,7169,0.3,2027.0,1,1,0.0,0.00700915,0.00921508,-0.00220593,10,10,0.0,1,0,1.0,0,0,0.0
corrected_vs_heuristic,7169,0.3,2028.0,1,1,0.0,0.00236958,0.00236958,0.0,6,5,1.0,1,1,0.0,0,0,0.0
corrected_vs_heuristic,72012,0.2,2026.0,1,1,0.0,0.0037733,0.00383549,-6.219e-05,3,2,1.0,0,0,0.0,0,0,0.0
corrected_vs_heuristic,72012,0.2,2027.0,1,1,0.0,0.0037733,0.00383549,-6.219e-05,3,2,1.0,0,0,0.0,0,0,0.0
corrected_vs_heuristic,72012,0.2,2028.0,1,1,0.0,0.0037733,0.00383549,-6.219e-05,3,2,1.0,0,0,0.0,0,0,0.0
corrected_vs_heuristic,72012,0.3,2026.0,1,1,0.0,0.00378188,0.00383549,-5.361e-05,3,2,1.0,0,0,0.0,0,0,0.0
corrected_vs_heuristic,72012,0.3,2027.0,0,0,0.0,1.06298146,1.45825365,-0.39527219,15,15,0.0,0,0,0.0,0,0,0.0
corrected_vs_heuristic,72012,0.3,2028.0,0,0,0.0,1.02042203,1.06657069,-0.04614866,15,15,0.0,0,1,-1.0,0,0,0.0
corrected_vs_heuristic,72058,0.2,2026.0,0,0,0.0,0.84431616,1.03955437,-0.19523821,15,15,0.0,0,1,-1.0,0,0,0.0
corrected_vs_heuristic,72058,0.2,2027.0,0,1,-1.0,1.12079519,0.00825715,1.11253804,15,14,1.0,0,1,-1.0,0,0,0.0
corrected_vs_heuristic,72058,0.2,2028.0,1,0,1.0,0.00199156,0.87183962,-0.86984806,15,15,0.0,0,0,0.0,0,0,0.0
corrected_vs_heuristic,72058,0.3,2026.0,0,0,0.0,1.78190331,0.93546729,0.84643602,12,15,-3.0,0,0,0.0,0,0,0.0
corrected_vs_heuristic,72058,0.3,2027.0,0,0,0.0,0.86405348,0.97152482,-0.10747134,15,15,0.0,0,0,0.0,0,0,0.0
corrected_vs_heuristic,72058,0.3,2028.0,0,0,0.0,0.92957298,0.90692742,0.02264556,15,15,0.0,0,1,-1.0,0,0,0.0
corrected_vs_heuristic,72546,0.2,2026.0,1,1,0.0,0.00883543,0.00326902,0.00556641,3,5,-2.0,0,0,0.0,0,0,0.0
corrected_vs_heuristic,72546,0.2,2027.0,1,1,0.0,0.00549748,0.00250383,0.00299365,3,4,-1.0,0,0,0.0,0,0,0.0
corrected_vs_heuristic,72546,0.2,2028.0,1,1,0.0,0.00883543,0.00407971,0.00475572,3,5,-2.0,0,0,0.0,0,0,0.0
corrected_vs_heuristic,72546,0.3,2026.0,1,1,0.0,0.00549748,0.00250383,0.00299365,3,4,-1.0,0,0,0.0,0,0,0.0
corrected_vs_heuristic,72546,0.3,2027.0,1,1,0.0,0.00131967,0.00473251,-0.00341284,7,7,0.0,1,1,0.0,0,0,0.0
corrected_vs_heuristic,72546,0.3,2028.0,1,1,0.0,0.00254543,0.00054289,0.00200254,4,6,-2.0,0,0,0.0,0,0,0.0
corrected_vs_heuristic,73295,0.2,2026.0,1,1,0.0,0.00018857,0.00055623,-0.00036766,6,4,2.0,0,0,0.0,0,0,0.0
corrected_vs_heuristic,73295,0.2,2027.0,1,1,0.0,0.00372178,5.312e-05,0.00366866,7,8,-1.0,0,1,-1.0,0,0,0.0
corrected_vs_heuristic,73295,0.2,2028.0,1,1,0.0,0.00018857,0.00055623,-0.00036766,6,4,2.0,0,0,0.0,0,0,0.0
corrected_vs_heuristic,73295,0.3,2026.0,1,1,0.0,0.00046995,0.00055623,-8.628e-05,5,4,1.0,0,0,0.0,0,0,0.0
corrected_vs_heuristic,73295,0.3,2027.0,0,1,-1.0,1.04256128,0.00061471,1.04194657,15,14,1.0,0,1,-1.0,0,0,0.0
corrected_vs_heuristic,73295,0.3,2028.0,0,1,-1.0,1.73268534,0.00323356,1.72945178,5,9,-4.0,0,1,-1.0,0,1,-1.0
corrected_vs_heuristic,74885,0.2,2026.0,0,1,-1.0,0.96048936,0.45364241,0.50684695,15,15,0.0,0,1,-1.0,0,1,-1.0
corrected_vs_heuristic,74885,0.2,2027.0,0,0,0.0,0.92643993,1.02952755,-0.10308762,15,15,0.0,0,1,-1.0,0,0,0.0
corrected_vs_heuristic,74885,0.2,2028.0,0,0,0.0,0.97256299,0.90142572,0.07113727,15,15,0.0,0,0,0.0,0,0,0.0
corrected_vs_heuristic,74885,0.3,2026.0,0,0,0.0,0.98404068,0.88701521,0.09702547,15,15,0.0,0,1,-1.0,0,0,0.0
corrected_vs_heuristic,74885,0.3,2027.0,0,0,0.0,1.19701934,1.03822559,0.15879375,15,15,0.0,0,1,-1.0,0,0,0.0
corrected_vs_heuristic,74885,0.3,2028.0,0,1,-1.0,1.00472241,0.0008716,1.00385081,15,12,3.0,1,1,0.0,0,0,0.0
corrected_vs_heuristic,74916,0.2,2026.0,0,0,0.0,1.87444026,1.9613731,-0.08693284,9,11,-2.0,0,0,0.0,0,0,0.0
corrected_vs_heuristic,74916,0.2,2027.0,0,1,-1.0,0.87501847,0.47732742,0.39769105,15,15,0.0,0,1,-1.0,0,0,0.0
corrected_vs_heuristic,74916,0.2,2028.0,1,1,0.0,0.09532127,0.28067139,-0.18535012,15,15,0.0,0,1,-1.0,0,0,0.0
corrected_vs_heuristic,74916,0.3,2026.0,0,1,-1.0,1.81805019,0.63862175,1.17942844,12,15,-3.0,1,1,0.0,1,0,1.0
corrected_vs_heuristic,74916,0.3,2027.0,1,1,0.0,0.76671671,0.65790157,0.10881514,15,15,0.0,0,1,-1.0,0,1,-1.0
corrected_vs_heuristic,74916,0.3,2028.0,0,0,0.0,1.27123324,0.74874014,0.5224931,15,15,0.0,1,1,0.0,1,0,1.0
corrected_vs_heuristic,7571,0.2,2026.0,1,1,0.0,0.11281712,0.00016299,0.11265413,15,10,5.0,1,1,0.0,0,0,0.0
corrected_vs_heuristic,7571,0.2,2027.0,1,1,0.0,0.00252802,0.00252802,0.0,2,2,0.0,0,0,0.0,0,0,0.0
corrected_vs_heuristic,7571,0.2,2028.0,1,1,0.0,0.00193896,0.00193896,0.0,2,2,0.0,0,0,0.0,0,0,0.0
corrected_vs_heuristic,7571,0.3,2026.0,1,1,0.0,0.00193896,0.00193896,0.0,2,2,0.0,0,0,0.0,0,0,0.0
corrected_vs_heuristic,7571,0.3,2027.0,1,1,0.0,0.00614722,0.00148769,0.00465953,3,3,0.0,0,0,0.0,0,0,0.0
corrected_vs_heuristic,7571,0.3,2028.0,1,1,0.0,0.00215602,0.00215602,0.0,2,2,0.0,0,0,0.0,0,0,0.0
corrected_vs_heuristic,75733,0.2,2026.0,1,1,0.0,0.02663848,0.0005237,0.02611478,2,8,-6.0,0,1,-1.0,0,0,0.0
corrected_vs_heuristic,75733,0.2,2027.0,1,1,0.0,0.02663848,0.00373936,0.02289912,2,5,-3.0,0,0,0.0,0,0,0.0
corrected_vs_heuristic,75733,0.2,2028.0,1,1,0.0,0.0248572,0.0005353,0.0243219,3,11,-8.0,0,1,-1.0,0,1,-1.0
corrected_vs_heuristic,75733,0.3,2026.0,1,1,0.0,0.02663848,0.00050672,0.02613176,2,6,-4.0,0,0,0.0,0,0,0.0
corrected_vs_heuristic,75733,0.3,2027.0,1,1,0.0,0.02663848,0.00172046,0.02491802,2,6,-4.0,0,0,0.0,0,0,0.0
corrected_vs_heuristic,75733,0.3,2028.0,1,1,0.0,0.0060455,0.00097016,0.00507534,14,9,5.0,0,0,0.0,0,0,0.0
corrected_vs_heuristic,75760,0.2,2026.0,0,1,-1.0,1.77575378,0.00030408,1.7754497,9,8,1.0,0,1,-1.0,0,0,0.0
corrected_vs_heuristic,75760,0.2,2027.0,0,1,-1.0,0.70457815,0.00398035,0.7005978,15,3,12.0,0,0,0.0,0,0,0.0
corrected_vs_heuristic,75760,0.2,2028.0,1,1,0.0,0.00327696,0.00398035,-0.00070339,11,3,8.0,0,0,0.0,0,0,0.0
corrected_vs_heuristic,75760,0.3,2026.0,1,1,0.0,7.3e-05,0.00398035,-0.00390735,10,3,7.0,0,0,0.0,0,0,0.0
corrected_vs_heuristic,75760,0.3,2027.0,1,1,0.0,0.07736848,0.00412797,0.07324051,15,5,10.0,0,1,-1.0,0,1,-1.0
corrected_vs_heuristic,75760,0.3,2028.0,1,1,0.0,0.00372449,0.00398035,-0.00025586,8,3,5.0,1,0,1.0,0,0,0.0
corrected_vs_heuristic,76630,0.2,2026.0,1,1,0.0,0.00193838,0.00193838,0.0,3,4,-1.0,0,1,-1.0,0,1,-1.0
corrected_vs_heuristic,76630,0.2,2027.0,1,1,0.0,0.00267317,0.00141796,0.00125521,11,6,5.0,1,1,0.0,1,1,0.0
corrected_vs_heuristic,76630,0.2,2028.0,1,1,0.0,0.00155706,0.00155706,0.0,3,3,0.0,0,0,0.0,0,0,0.0
corrected_vs_heuristic,76630,0.3,2026.0,1,1,0.0,0.00155706,0.00155706,0.0,3,3,0.0,0,0,0.0,0,0,0.0
corrected_vs_heuristic,76630,0.3,2027.0,1,1,0.0,0.00155706,0.00155706,0.0,3,3,0.0,0,0,0.0,0,0,0.0
corrected_vs_heuristic,76630,0.3,2028.0,1,1,0.0,0.00033731,0.00011834,0.00021897,7,6,1.0,1,1,0.0,1,0,1.0
corrected_vs_heuristic,77351,0.2,2026.0,1,1,0.0,0.00284678,0.00054552,0.00230126,6,8,-2.0,0,0,0.0,0,0,0.0
corrected_vs_heuristic,77351,0.2,2027.0,1,1,0.0,0.01092356,0.00456013,0.00636343,2,7,-5.0,0,1,-1.0,0,1,-1.0
corrected_vs_heuristic,77351,0.2,2028.0,1,1,0.0,0.00058032,3.732e-05,0.000543,8,8,0.0,0,1,-1.0,0,1,-1.0
corrected_vs_heuristic,77351,0.3,2026.0,1,0,1.0,0.00259171,0.93769305,-0.93510134,12,15,-3.0,0,1,-1.0,0,0,0.0
corrected_vs_heuristic,77351,0.3,2027.0,1,0,1.0,0.00284678,0.97902042,-0.97617364,6,15,-9.0,0,1,-1.0,0,1,-1.0
corrected_vs_heuristic,77351,0.3,2028.0,1,1,0.0,0.00021211,3.692e-05,0.00017519,6,9,-3.0,0,1,-1.0,0,1,-1.0
corrected_vs_heuristic,77455,0.2,2026.0,0,1,-1.0,1.13484776,0.41827145,0.71657631,15,15,0.0,0,1,-1.0,0,0,0.0
corrected_vs_heuristic,77455,0.2,2027.0,1,1,0.0,0.00049985,0.00488567,-0.00438582,10,12,-2.0,0,1,-1.0,0,0,0.0
corrected_vs_heuristic,77455,0.2,2028.0,0,0,0.0,1.91440032,1.88480813,0.02959219,12,3,9.0,0,0,0.0,0,0,0.0
corrected_vs_heuristic,77455,0.3,2026.0,0,1,-1.0,1.96579445,0.00373289,1.96206156,6,14,-8.0,0,1,-1.0,0,0,0.0
corrected_vs_heuristic,77455,0.3,2027.0,1,1,0.0,0.00051506,0.00085247,-0.00033741,6,11,-5.0,0,1,-1.0,0,1,-1.0
corrected_vs_heuristic,77455,0.3,2028.0,0,0,0.0,1.8816595,1.81418967,0.06746983,3,11,-8.0,0,1,-1.0,0,0,0.0
corrected_vs_heuristic,77692,0.2,2026.0,0,1,-1.0,1.87340557,0.00580749,1.86759808,8,5,3.0,0,0,0.0,0,0,0.0
corrected_vs_heuristic,77692,0.2,2027.0,1,1,0.0,0.01086031,0.01086463,-4.32e-06,11,12,-1.0,0,1,-1.0,0,1,-1.0
corrected_vs_heuristic,77692,0.2,2028.0,1,1,0.0,0.00725584,0.00665829,0.00059755,13,13,0.0,0,1,-1.0,0,1,-1.0
corrected_vs_heuristic,77692,0.3,2026.0,0,1,-1.0,0.94887012,0.01040736,0.93846276,15,12,3.0,0,1,-1.0,0,1,-1.0
corrected_vs_heuristic,77692,0.3,2027.0,1,1,0.0,0.01109849,0.00865007,0.00244842,14,7,7.0,0,1,-1.0,0,1,-1.0
corrected_vs_heuristic,77692,0.3,2028.0,0,1,-1.0,1.04649842,0.00657087,1.03992755,15,6,9.0,1,1,0.0,1,1,0.0
corrected_vs_heuristic,78017,0.2,2026.0,1,0,1.0,0.00312238,0.99124722,-0.98812484,7,15,-8.0,0,1,-1.0,0,1,-1.0
corrected_vs_heuristic,78017,0.2,2027.0,1,1,0.0,0.00858735,0.0031647,0.00542265,7,7,0.0,0,0,0.0,0,0,0.0
corrected_vs_heuristic,78017,0.2,2028.0,1,1,0.0,0.0001875,0.0031647,-0.0029772,5,7,-2.0,0,0,0.0,0,0,0.0
corrected_vs_heuristic,78017,0.3,2026.0,1,1,0.0,0.0001875,0.0031647,-0.0029772,5,7,-2.0,0,0,0.0,0,0,0.0
corrected_vs_heuristic,78017,0.3,2027.0,1,1,0.0,0.00448156,0.0031647,0.00131686,6,7,-1.0,0,0,0.0,0,0,0.0
corrected_vs_heuristic,78017,0.3,2028.0,1,1,0.0,0.00486942,0.00381774,0.00105168,9,8,1.0,0,1,-1.0,0,1,-1.0
corrected_vs_heuristic,78162,0.2,2026.0,0,1,-1.0,1.03525046,0.7573501,0.27790036,15,15,0.0,0,1,-1.0,0,0,0.0
corrected_vs_heuristic,78162,0.2,2027.0,0,0,0.0,0.8877839,1.06944768,-0.18166378,15,15,0.0,0,0,0.0,0,0,0.0
corrected_vs_heuristic,78162,0.2,2028.0,0,0,0.0,0.97925549,1.05419621,-0.07494072,15,15,0.0,0,1,-1.0,0,0,0.0
corrected_vs_heuristic,78162,0.3,2026.0,0,0,0.0,1.1341438,1.12464167,0.00950213,15,15,0.0,0,1,-1.0,0,0,0.0
corrected_vs_heuristic,78162,0.3,2027.0,0,0,0.0,1.91539031,0.96870552,0.94668479,13,15,-2.0,0,0,0.0,0,0,0.0
corrected_vs_heuristic,78162,0.3,2028.0,0,0,0.0,1.57891788,0.96735821,0.61155967,15,15,0.0,0,1,-1.0,0,1,-1.0
corrected_vs_heuristic,78207,0.2,2026.0,1,1,0.0,0.00059368,0.00011147,0.00048221,3,3,0.0,0,0,0.0,0,0,0.0
corrected_vs_heuristic,78207,0.2,2027.0,1,1,0.0,0.00073987,7.91e-05,0.00066077,11,10,1.0,1,1,0.0,0,1,-1.0
corrected_vs_heuristic,78207,0.2,2028.0,1,1,0.0,0.00059368,0.00011147,0.00048221,3,3,0.0,0,0,0.0,0,0,0.0
corrected_vs_heuristic,78207,0.3,2026.0,1,1,0.0,0.00059368,0.00011147,0.00048221,3,3,0.0,0,0,0.0,0,0,0.0
corrected_vs_heuristic,78207,0.3,2027.0,0,1,-1.0,1.85987736,0.00011147,1.85976589,7,3,4.0,1,0,1.0,1,0,1.0
corrected_vs_heuristic,78207,0.3,2028.0,1,1,0.0,0.00059368,0.00016195,0.00043173,3,4,-1.0,0,1,-1.0,0,1,-1.0
corrected_vs_heuristic,78225,0.2,2026.0,1,1,0.0,0.00459349,0.0064496,-0.00185611,9,12,-3.0,0,1,-1.0,0,1,-1.0
corrected_vs_heuristic,78225,0.2,2027.0,1,1,0.0,0.0020388,0.00221525,-0.00017645,5,6,-1.0,0,1,-1.0,0,1,-1.0
corrected_vs_heuristic,78225,0.2,2028.0,1,1,0.0,0.003828,0.003828,0.0,3,4,-1.0,0,1,-1.0,0,1,-1.0
corrected_vs_heuristic,78225,0.3,2026.0,1,1,0.0,0.00134824,0.00134824,0.0,3,3,0.0,0,0,0.0,0,0,0.0
corrected_vs_heuristic,78225,0.3,2027.0,1,1,0.0,0.01259944,0.0040421,0.00855734,4,5,-1.0,0,1,-1.0,0,1,-1.0
corrected_vs_heuristic,78225,0.3,2028.0,1,1,0.0,0.00148994,0.00137484,0.0001151,10,5,5.0,0,1,-1.0,0,0,0.0
corrected_vs_heuristic,78369,0.2,2026.0,1,1,0.0,0.00320247,0.00168843,0.00151404,5,11,-6.0,0,1,-1.0,0,0,0.0
corrected_vs_heuristic,78369,0.2,2027.0,0,0,0.0,0.94741634,0.92833694,0.0190794,15,15,0.0,0,1,-1.0,0,1,-1.0
corrected_vs_heuristic,78369,0.2,2028.0,1,1,0.0,0.00539858,0.00812289,-0.00272431,6,8,-2.0,0,0,0.0,0,0,0.0
corrected_vs_heuristic,78369,0.3,2026.0,1,1,0.0,0.00320247,0.00186908,0.00133339,5,9,-4.0,0,0,0.0,0,0,0.0
corrected_vs_heuristic,78369,0.3,2027.0,1,1,0.0,0.00031611,0.00014695,0.00016916,9,6,3.0,0,1,-1.0,0,1,-1.0
corrected_vs_heuristic,78369,0.3,2028.0,1,1,0.0,0.00134539,0.00725645,-0.00591106,8,10,-2.0,0,1,-1.0,0,1,-1.0
corrected_vs_heuristic,7861,0.2,2026.0,1,1,0.0,0.00370761,0.00026098,0.00344663,6,15,-9.0,0,1,-1.0,0,1,-1.0
corrected_vs_heuristic,7861,0.2,2027.0,1,1,0.0,0.00427051,0.00933988,-0.00506937,7,11,-4.0,0,1,-1.0,0,1,-1.0
corrected_vs_heuristic,7861,0.2,2028.0,1,1,0.0,0.83191701,0.63927048,0.19264653,15,15,0.0,0,1,-1.0,0,0,0.0
corrected_vs_heuristic,7861,0.3,2026.0,1,1,0.0,0.73047459,0.01343948,0.71703511,15,15,0.0,0,1,-1.0,0,1,-1.0
corrected_vs_heuristic,7861,0.3,2027.0,1,0,1.0,0.8923694,1.61814187,-0.72577247,15,15,0.0,0,1,-1.0,0,0,0.0
corrected_vs_heuristic,7861,0.3,2028.0,1,1,0.0,0.010878,0.01184464,-0.00096664,6,7,-1.0,0,1,-1.0,0,0,0.0
corrected_vs_heuristic,80212,0.2,2026.0,0,1,-1.0,1.77362511,0.00011087,1.77351424,4,8,-4.0,0,1,-1.0,0,1,-1.0
corrected_vs_heuristic,80212,0.2,2027.0,1,1,0.0,0.00874114,0.00103795,0.00770319,7,8,-1.0,0,1,-1.0,0,1,-1.0
corrected_vs_heuristic,80212,0.2,2028.0,1,1,0.0,0.00241334,0.00015062,0.00226272,5,5,0.0,0,0,0.0,0,0,0.0
corrected_vs_heuristic,80212,0.3,2026.0,1,1,0.0,0.00408806,0.00271205,0.00137601,10,6,4.0,0,0,0.0,0,0,0.0
corrected_vs_heuristic,80212,0.3,2027.0,0,1,-1.0,1.77775167,9.051e-05,1.77766116,10,11,-1.0,0,1,-1.0,0,1,-1.0
corrected_vs_heuristic,80212,0.3,2028.0,1,1,0.0,0.00810725,0.00357907,0.00452818,8,8,0.0,0,1,-1.0,0,0,0.0
corrected_vs_heuristic,80277,0.2,2026.0,1,1,0.0,0.00385067,0.00221018,0.00164049,7,7,0.0,0,1,-1.0,0,1,-1.0
corrected_vs_heuristic,80277,0.2,2027.0,1,1,0.0,3.97e-05,0.00102252,-0.00098282,5,4,1.0,0,0,0.0,0,0,0.0
corrected_vs_heuristic,80277,0.2,2028.0,1,1,0.0,3.972e-05,0.00102252,-0.0009828,6,4,2.0,0,0,0.0,0,0,0.0
corrected_vs_heuristic,80277,0.3,2026.0,1,1,0.0,0.00571327,0.00477568,0.00093759,11,11,0.0,1,1,0.0,0,1,-1.0
corrected_vs_heuristic,80277,0.3,2027.0,0,0,0.0,1.15384027,1.87268525,-0.71884498,15,10,5.0,0,1,-1.0,0,1,-1.0
corrected_vs_heuristic,80277,0.3,2028.0,0,1,-1.0,1.93206207,0.00102252,1.93103955,9,4,5.0,0,0,0.0,0,0,0.0
corrected_vs_heuristic,81601,0.2,2026.0,0,0,0.0,1.86598872,1.86598872,0.0,2,2,0.0,0,0,0.0,0,0,0.0
corrected_vs_heuristic,81601,0.2,2027.0,1,1,0.0,0.00717843,0.00296205,0.00421638,4,5,-1.0,0,0,0.0,0,0,0.0
corrected_vs_heuristic,81601,0.2,2028.0,1,1,0.0,0.00717843,0.00296205,0.00421638,4,5,-1.0,0,0,0.0,0,0,0.0
corrected_vs_heuristic,81601,0.3,2026.0,1,1,0.0,0.00717843,0.00296205,0.00421638,4,5,-1.0,0,0,0.0,0,0,0.0
corrected_vs_heuristic,81601,0.3,2027.0,1,1,0.0,0.00717843,0.00296205,0.00421638,4,5,-1.0,0,0,0.0,0,0,0.0
corrected_vs_heuristic,81601,0.3,2028.0,0,1,-1.0,1.87751853,0.00916636,1.86835217,3,9,-6.0,0,1,-1.0,0,0,0.0
corrected_vs_heuristic,82888,0.2,2026.0,0,1,-1.0,0.95998442,0.00019096,0.95979346,15,10,5.0,0,1,-1.0,0,1,-1.0
corrected_vs_heuristic,82888,0.2,2027.0,1,1,0.0,0.00335533,0.00103868,0.00231665,12,9,3.0,0,1,-1.0,0,1,-1.0
corrected_vs_heuristic,82888,0.2,2028.0,1,1,0.0,0.00100569,0.00074271,0.00026298,15,11,4.0,0,1,-1.0,0,0,0.0
corrected_vs_heuristic,82888,0.3,2026.0,0,1,-1.0,1.90150932,8.455e-05,1.90142477,6,15,-9.0,0,1,-1.0,0,0,0.0
corrected_vs_heuristic,82888,0.3,2027.0,0,0,0.0,1.54880975,1.93186308,-0.38305333,15,7,8.0,0,0,0.0,0,0,0.0
corrected_vs_heuristic,82888,0.3,2028.0,0,1,-1.0,0.92311751,0.00567804,0.91743947,15,13,2.0,0,1,-1.0,0,0,0.0
corrected_vs_heuristic,8310,0.2,2026.0,0,0,0.0,1.84015815,1.90539725,-0.0652391,7,7,0.0,0,0,0.0,0,0,0.0
corrected_vs_heuristic,8310,0.2,2027.0,1,0,1.0,0.05202777,1.00884552,-0.95681775,15,15,0.0,0,1,-1.0,0,1,-1.0
corrected_vs_heuristic,8310,0.2,2028.0,0,0,0.0,1.0554724,1.00015436,0.05531804,15,15,0.0,0,1,-1.0,0,0,0.0
corrected_vs_heuristic,8310,0.3,2026.0,0,0,0.0,1.73588396,1.51888992,0.21699404,11,15,-4.0,1,1,0.0,0,0,0.0
corrected_vs_heuristic,8310,0.3,2027.0,0,1,-1.0,1.02090455,0.04647032,0.97443423,15,15,0.0,0,1,-1.0,0,0,0.0
corrected_vs_heuristic,8310,0.3,2028.0,1,1,0.0,0.00100062,0.00057536,0.00042526,11,12,-1.0,0,1,-1.0,0,1,-1.0
corrected_vs_heuristic,83138,0.2,2026.0,1,1,0.0,0.00453411,0.00127498,0.00325913,4,4,0.0,0,0,0.0,0,0,0.0
corrected_vs_heuristic,83138,0.2,2027.0,1,1,0.0,0.00128531,0.00100161,0.0002837,7,6,1.0,0,1,-1.0,0,0,0.0
corrected_vs_heuristic,83138,0.2,2028.0,1,1,0.0,0.00625652,0.0024437,0.00381282,5,6,-1.0,0,1,-1.0,0,1,-1.0
corrected_vs_heuristic,83138,0.3,2026.0,1,1,0.0,0.00106937,0.00106937,0.0,6,6,0.0,0,1,-1.0,0,1,-1.0
corrected_vs_heuristic,83138,0.3,2027.0,1,1,0.0,0.01790624,0.00071033,0.01719591,6,6,0.0,0,0,0.0,0,0,0.0
corrected_vs_heuristic,83138,0.3,2028.0,1,1,0.0,0.00257982,0.00257982,0.0,5,4,1.0,0,0,0.0,0,0,0.0
corrected_vs_heuristic,83767,0.2,2026.0,1,1,0.0,4.493e-05,0.00014117,-9.624e-05,13,8,5.0,0,0,0.0,0,0,0.0
corrected_vs_heuristic,83767,0.2,2027.0,1,1,0.0,0.00304709,8.026e-05,0.00296683,3,8,-5.0,0,1,-1.0,0,1,-1.0
corrected_vs_heuristic,83767,0.2,2028.0,1,1,0.0,0.00253979,0.00425628,-0.00171649,5,10,-5.0,0,1,-1.0,0,1,-1.0
corrected_vs_heuristic,83767,0.3,2026.0,1,1,0.0,0.00021924,0.00024778,-2.854e-05,5,5,0.0,0,1,-1.0,0,1,-1.0
corrected_vs_heuristic,83767,0.3,2027.0,1,1,0.0,0.00280941,0.00739582,-0.00458641,14,15,-1.0,0,1,-1.0,0,1,-1.0
corrected_vs_heuristic,83767,0.3,2028.0,1,1,0.0,0.00304709,0.00280682,0.00024027,3,7,-4.0,0,1,-1.0,0,0,0.0
corrected_vs_heuristic,83868,0.2,2026.0,1,1,0.0,0.01915245,7.478e-05,0.01907767,2,4,-2.0,0,0,0.0,0,0,0.0
corrected_vs_heuristic,83868,0.2,2027.0,1,1,0.0,0.01915245,7.478e-05,0.01907767,2,4,-2.0,0,0,0.0,0,0,0.0
corrected_vs_heuristic,83868,0.2,2028.0,1,1,0.0,0.00153811,0.00961691,-0.0080788,2,7,-5.0,0,1,-1.0,0,1,-1.0
corrected_vs_heuristic,83868,0.3,2026.0,1,1,0.0,0.00153811,0.00041947,0.00111864,2,5,-3.0,0,0,0.0,0,0,0.0
corrected_vs_heuristic,83868,0.3,2027.0,1,1,0.0,0.00153811,0.00041947,0.00111864,2,5,-3.0,0,0,0.0,0,0,0.0
corrected_vs_heuristic,83868,0.3,2028.0,1,1,0.0,0.02060125,0.00497991,0.01562134,2,8,-6.0,0,1,-1.0,0,0,0.0
corrected_vs_heuristic,84221,0.2,2026.0,1,1,0.0,0.00153811,0.00041947,0.00111864,2,5,-3.0,0,0,0.0,0,0,0.0
corrected_vs_heuristic,84221,0.2,2027.0,1,1,0.0,0.02993334,0.00136889,0.02856445,3,5,-2.0,0,0,0.0,0,0,0.0
corrected_vs_heuristic,84221,0.2,2028.0,1,1,0.0,0.00153811,0.00161672,-7.861e-05,2,2,0.0,0,0,0.0,0,0,0.0
corrected_vs_heuristic,84221,0.3,2026.0,1,1,0.0,0.02061492,0.00161672,0.0189982,2,2,0.0,0,0,0.0,0,0,0.0
corrected_vs_heuristic,84221,0.3,2027.0,1,1,0.0,0.00153811,0.00161672,-7.861e-05,2,2,0.0,0,0,0.0,0,0,0.0
corrected_vs_heuristic,84221,0.3,2028.0,1,1,0.0,0.02037717,9.844e-05,0.02027873,3,5,-2.0,0,0,0.0,0,0,0.0
corrected_vs_heuristic,84233,0.2,2026.0,1,1,0.0,0.01761458,0.00096892,0.01664566,1,3,-2.0,0,0,0.0,0,0,0.0
corrected_vs_heuristic,84233,0.2,2027.0,1,1,0.0,0.01761458,0.00074205,0.01687253,1,3,-2.0,0,0,0.0,0,0,0.0
corrected_vs_heuristic,84233,0.2,2028.0,1,1,0.0,0.01761458,0.00074205,0.01687253,1,3,-2.0,0,0,0.0,0,0,0.0
corrected_vs_heuristic,84233,0.3,2026.0,1,1,0.0,0.01761458,0.00096892,0.01664566,1,3,-2.0,0,0,0.0,0,0,0.0
corrected_vs_heuristic,84233,0.3,2027.0,1,1,0.0,0.00045694,0.00535003,-0.00489309,12,12,0.0,0,1,-1.0,0,1,-1.0
corrected_vs_heuristic,84233,0.3,2028.0,1,1,0.0,0.01761458,0.00061897,0.01699561,1,3,-2.0,0,0,0.0,0,0,0.0
corrected_vs_heuristic,84903,0.2,2026.0,1,1,0.0,0.00042708,0.00011869,0.00030839,9,5,4.0,0,0,0.0,0,0,0.0
corrected_vs_heuristic,84903,0.2,2027.0,1,1,0.0,0.00077612,0.0011129,-0.00033678,9,13,-4.0,0,1,-1.0,0,1,-1.0
corrected_vs_heuristic,84903,0.2,2028.0,0,1,-1.0,1.8062154,0.00064835,1.80556705,4,9,-5.0,0,1,-1.0,0,0,0.0
corrected_vs_heuristic,84903,0.3,2026.0,1,1,0.0,0.00040997,0.00011869,0.00029128,7,5,2.0,0,0,0.0,0,0,0.0
corrected_vs_heuristic,84903,0.3,2027.0,1,1,0.0,3.388e-05,0.00040064,-0.00036676,8,6,2.0,0,0,0.0,0,0,0.0
corrected_vs_heuristic,84903,0.3,2028.0,1,1,0.0,0.00043662,2.191e-05,0.00041471,10,6,4.0,0,0,0.0,0,0,0.0
corrected_vs_heuristic,85727,0.2,2026.0,1,0,1.0,0.76382898,0.91939025,-0.15556127,15,15,0.0,0,1,-1.0,0,0,0.0
corrected_vs_heuristic,85727,0.2,2027.0,0,0,0.0,0.92876382,1.32831441,-0.39955059,15,15,0.0,0,1,-1.0,0,0,0.0
corrected_vs_heuristic,85727,0.2,2028.0,0,1,-1.0,0.9469752,0.77355712,0.17341808,15,15,0.0,0,0,0.0,0,0,0.0
corrected_vs_heuristic,85727,0.3,2026.0,0,0,0.0,1.35711054,1.31406281,0.04304773,15,15,0.0,0,1,-1.0,0,0,0.0
corrected_vs_heuristic,85727,0.3,2027.0,1,0,1.0,0.85854768,0.79793272,0.06061496,15,15,0.0,0,0,0.0,0,0,0.0
corrected_vs_heuristic,85727,0.3,2028.0,0,0,0.0,0.91037913,1.11744708,-0.20706795,15,15,0.0,0,1,-1.0,0,0,0.0
corrected_vs_heuristic,85736,0.2,2026.0,1,1,0.0,0.0005021,0.0005021,0.0,5,5,0.0,0,0,0.0,0,0,0.0
corrected_vs_heuristic,85736,0.2,2027.0,1,1,0.0,0.0005021,0.0005021,0.0,5,5,0.0,0,0,0.0,0,0,0.0
corrected_vs_heuristic,85736,0.2,2028.0,1,1,0.0,0.00979362,0.00010433,0.00968929,5,7,-2.0,0,1,-1.0,0,1,-1.0
corrected_vs_heuristic,85736,0.3,2026.0,0,0,0.0,0.90453588,0.97618454,-0.07164866,15,15,0.0,0,1,-1.0,0,1,-1.0
corrected_vs_heuristic,85736,0.3,2027.0,1,0,1.0,0.01327964,0.6381433,-0.62486366,4,15,-11.0,0,1,-1.0,0,1,-1.0
corrected_vs_heuristic,85736,0.3,2028.0,1,1,0.0,0.01280879,0.00018323,0.01262556,5,5,0.0,0,0,0.0,0,0,0.0
corrected_vs_heuristic,85911,0.2,2026.0,0,1,-1.0,0.95234012,0.75899629,0.19334383,15,15,0.0,0,1,-1.0,0,0,0.0
corrected_vs_heuristic,85911,0.2,2027.0,1,0,1.0,0.82039188,1.28307262,-0.46268074,15,15,0.0,0,0,0.0,0,0,0.0
corrected_vs_heuristic,85911,0.2,2028.0,0,0,0.0,1.88687681,1.85806264,0.02881417,15,13,2.0,1,1,0.0,0,0,0.0
corrected_vs_heuristic,85911,0.3,2026.0,0,0,0.0,1.70396039,0.93469444,0.76926595,14,15,-1.0,0,1,-1.0,0,0,0.0
corrected_vs_heuristic,85911,0.3,2027.0,0,0,0.0,1.01451214,0.88242899,0.13208315,15,15,0.0,0,0,0.0,0,0,0.0
corrected_vs_heuristic,85911,0.3,2028.0,0,0,0.0,1.3197158,0.857008,0.4627078,15,15,0.0,0,1,-1.0,0,0,0.0
corrected_vs_heuristic,86202,0.2,2026.0,0,0,0.0,1.93171838,1.93623362,-0.00451524,11,13,-2.0,0,1,-1.0,0,1,-1.0
corrected_vs_heuristic,86202,0.2,2027.0,1,1,0.0,0.00966427,0.00258947,0.0070748,5,5,0.0,0,0,0.0,0,0,0.0
corrected_vs_heuristic,86202,0.2,2028.0,1,1,0.0,0.00130237,4.046e-05,0.00126191,4,4,0.0,0,0,0.0,0,0,0.0
corrected_vs_heuristic,86202,0.3,2026.0,1,1,0.0,0.00130237,0.00043313,0.00086924,4,6,-2.0,0,0,0.0,0,0,0.0
corrected_vs_heuristic,86202,0.3,2027.0,1,1,0.0,0.01186348,4.046e-05,0.01182302,8,4,4.0,1,0,1.0,1,0,1.0
corrected_vs_heuristic,86202,0.3,2028.0,0,0,0.0,1.20631308,0.98590464,0.22040844,15,15,0.0,0,1,-1.0,0,1,-1.0
corrected_vs_heuristic,86739,0.2,2026.0,0,0,0.0,1.83920148,0.86603497,0.97316651,15,15,0.0,0,1,-1.0,0,0,0.0
corrected_vs_heuristic,86739,0.2,2027.0,1,1,0.0,0.45503617,0.00367295,0.45136322,15,13,2.0,0,1,-1.0,0,1,-1.0
corrected_vs_heuristic,86739,0.2,2028.0,0,1,-1.0,0.92686505,0.00745092,0.91941413,15,13,2.0,0,1,-1.0,0,1,-1.0
corrected_vs_heuristic,86739,0.3,2026.0,1,1,0.0,0.00336418,0.00178711,0.00157707,10,13,-3.0,0,1,-1.0,0,1,-1.0
corrected_vs_heuristic,86739,0.3,2027.0,1,0,1.0,0.01114766,1.2955639,-1.28441624,14,15,-1.0,1,1,0.0,0,0,0.0
corrected_vs_heuristic,86739,0.3,2028.0,0,0,0.0,1.02386558,0.62499163,0.39887395,15,15,0.0,0,0,0.0,0,0,0.0
corrected_vs_heuristic,87344,0.2,2026.0,1,1,0.0,0.00838825,0.00398035,0.0044079,3,3,0.0,0,0,0.0,0,0,0.0
corrected_vs_heuristic,87344,0.2,2027.0,1,0,1.0,0.00037456,0.97226382,-0.97188926,4,15,-11.0,0,0,0.0,0,0,0.0
corrected_vs_heuristic,87344,0.2,2028.0,1,1,0.0,0.00838825,0.00398035,0.0044079,3,3,0.0,0,0,0.0,0,0,0.0
corrected_vs_heuristic,87344,0.3,2026.0,1,1,0.0,0.00838825,0.00020382,0.00818443,3,6,-3.0,0,1,-1.0,0,1,-1.0
corrected_vs_heuristic,87344,0.3,2027.0,1,1,0.0,0.00668492,0.00457608,0.00210884,5,8,-3.0,0,1,-1.0,0,1,-1.0
corrected_vs_heuristic,87344,0.3,2028.0,1,1,0.0,0.00386728,0.00412797,-0.00026069,9,5,4.0,1,1,0.0,0,1,-1.0
corrected_vs_heuristic,87604,0.2,2026.0,1,1,0.0,0.01359522,0.0010309,0.01256432,12,9,3.0,0,0,0.0,0,0,0.0
corrected_vs_heuristic,87604,0.2,2027.0,1,1,0.0,0.00673504,0.00080356,0.00593148,6,11,-5.0,0,0,0.0,0,0,0.0
corrected_vs_heuristic,87604,0.2,2028.0,1,1,0.0,0.01213867,0.00135906,0.01077961,6,10,-4.0,1,1,0.0,0,0,0.0
corrected_vs_heuristic,87604,0.3,2026.0,1,1,0.0,0.00027906,0.00087127,-0.00059221,7,10,-3.0,1,1,0.0,1,0,1.0
corrected_vs_heuristic,87604,0.3,2027.0,1,0,1.0,0.00682428,0.94028628,-0.933462,7,15,-8.0,0,1,-1.0,0,1,-1.0
corrected_vs_heuristic,87604,0.3,2028.0,1,0,1.0,0.00673504,1.95852856,-1.95179352,6,3,3.0,0,0,0.0,0,0,0.0
corrected_vs_heuristic,88032,0.2,2026.0,0,0,0.0,0.99805118,0.97764169,0.02040949,15,15,0.0,0,0,0.0,0,0,0.0
corrected_vs_heuristic,88032,0.2,2027.0,0,0,0.0,1.02136627,1.51579093,-0.49442466,15,15,0.0,0,0,0.0,0,0,0.0
corrected_vs_heuristic,88032,0.2,2028.0,0,0,0.0,1.53347716,0.94792146,0.5855557,15,15,0.0,0,1,-1.0,0,0,0.0
corrected_vs_heuristic,88032,0.3,2026.0,0,0,0.0,1.0533311,1.00746906,0.04586204,15,15,0.0,0,1,-1.0,0,0,0.0
corrected_vs_heuristic,88032,0.3,2027.0,0,0,0.0,1.08647112,1.04848492,0.0379862,15,15,0.0,0,1,-1.0,0,0,0.0
corrected_vs_heuristic,88032,0.3,2028.0,0,0,0.0,1.0222309,0.98621098,0.03601992,15,15,0.0,0,0,0.0,0,0,0.0
corrected_vs_heuristic,89009,0.2,2026.0,1,1,0.0,0.00011683,0.03148354,-0.03136671,10,5,5.0,1,0,1.0,0,0,0.0
corrected_vs_heuristic,89009,0.2,2027.0,1,1,0.0,0.00033847,0.03148354,-0.03114507,11,5,6.0,0,0,0.0,0,0,0.0
corrected_vs_heuristic,89009,0.2,2028.0,0,1,-1.0,1.10696102,0.04253256,1.06442846,15,10,5.0,0,1,-1.0,0,0,0.0
corrected_vs_heuristic,89009,0.3,2026.0,1,1,0.0,0.04878361,0.03576989,0.01301372,15,8,7.0,0,0,0.0,0,0,0.0
corrected_vs_heuristic,89009,0.3,2027.0,1,1,0.0,0.03743351,0.02864734,0.00878617,9,7,2.0,0,1,-1.0,0,1,-1.0
corrected_vs_heuristic,89009,0.3,2028.0,0,0,0.0,1.95876596,1.73189759,0.22686837,14,15,-1.0,0,1,-1.0,0,1,-1.0
corrected_vs_heuristic,89256,0.2,2026.0,1,0,1.0,0.02914778,1.10717219,-1.07802441,1,15,-14.0,0,1,-1.0,0,1,-1.0
corrected_vs_heuristic,89256,0.2,2027.0,1,1,0.0,0.02914778,0.00121483,0.02793295,1,7,-6.0,0,0,0.0,0,0,0.0
corrected_vs_heuristic,89256,0.2,2028.0,1,1,0.0,0.02914778,0.0001476,0.02900018,1,15,-14.0,0,1,-1.0,0,0,0.0
corrected_vs_heuristic,89256,0.3,2026.0,1,1,0.0,0.02914778,0.0009295,0.02821828,1,9,-8.0,0,1,-1.0,0,0,0.0
corrected_vs_heuristic,89256,0.3,2027.0,1,1,0.0,0.46859113,0.09129443,0.3772967,15,15,0.0,0,1,-1.0,0,0,0.0
corrected_vs_heuristic,89256,0.3,2028.0,1,1,0.0,0.02914778,0.00033078,0.028817,1,9,-8.0,0,0,0.0,0,0,0.0
corrected_vs_heuristic,89859,0.2,2026.0,1,1,0.0,0.00114103,0.00114103,0.0,2,2,0.0,0,0,0.0,0,0,0.0
corrected_vs_heuristic,89859,0.2,2027.0,1,1,0.0,0.00114103,0.00114103,0.0,2,2,0.0,0,0,0.0,0,0,0.0
corrected_vs_heuristic,89859,0.2,2028.0,1,1,0.0,0.00114103,0.00114103,0.0,2,2,0.0,0,0,0.0,0,0,0.0
corrected_vs_heuristic,89859,0.3,2026.0,1,1,0.0,0.00869123,0.00934615,-0.00065492,4,6,-2.0,0,1,-1.0,0,1,-1.0
corrected_vs_heuristic,89859,0.3,2027.0,0,0,0.0,1.8603642,1.8603642,0.0,3,3,0.0,0,0,0.0,0,0,0.0
corrected_vs_heuristic,89859,0.3,2028.0,1,1,0.0,0.00225171,0.00225171,0.0,2,2,0.0,0,0,0.0,0,0,0.0
corrected_vs_heuristic,90251,0.2,2026.0,1,1,0.0,0.00017422,0.00436835,-0.00419413,5,6,-1.0,0,1,-1.0,0,1,-1.0
corrected_vs_heuristic,90251,0.2,2027.0,1,0,1.0,0.00017422,1.86396436,-1.86379014,5,5,0.0,0,1,-1.0,0,0,0.0
corrected_vs_heuristic,90251,0.2,2028.0,1,1,0.0,0.00020523,2.554e-05,0.00017969,5,4,1.0,0,0,0.0,0,0,0.0
corrected_vs_heuristic,90251,0.3,2026.0,1,1,0.0,0.00389061,0.00024758,0.00364303,6,6,0.0,0,1,-1.0,0,0,0.0
corrected_vs_heuristic,90251,0.3,2027.0,1,1,0.0,0.00074415,0.00570624,-0.00496209,10,4,6.0,1,1,0.0,1,1,0.0
corrected_vs_heuristic,90251,0.3,2028.0,1,1,0.0,0.00327669,0.00570624,-0.00242955,6,4,2.0,1,1,0.0,0,1,-1.0
corrected_vs_heuristic,90954,0.2,2026.0,1,1,0.0,0.0001808,0.0001222,5.86e-05,10,7,3.0,0,1,-1.0,0,1,-1.0
corrected_vs_heuristic,90954,0.2,2027.0,1,1,0.0,0.0016719,0.00139886,0.00027304,7,6,1.0,0,1,-1.0,0,1,-1.0
corrected_vs_heuristic,90954,0.2,2028.0,1,1,0.0,0.00027714,0.00031435,-3.721e-05,7,5,2.0,0,0,0.0,0,0,0.0
corrected_vs_heuristic,90954,0.3,2026.0,1,1,0.0,0.00024714,0.00025607,-8.93e-06,10,7,3.0,0,0,0.0,0,0,0.0
corrected_vs_heuristic,90954,0.3,2027.0,0,1,-1.0,1.86347023,0.00394516,1.85952507,4,8,-4.0,0,1,-1.0,0,1,-1.0
corrected_vs_heuristic,90954,0.3,2028.0,1,1,0.0,0.00028924,0.00031435,-2.511e-05,7,5,2.0,0,0,0.0,0,0,0.0
corrected_vs_heuristic,92532,0.2,2026.0,0,0,0.0,1.0088932,1.02458689,-0.01569369,15,15,0.0,0,0,0.0,0,0,0.0
corrected_vs_heuristic,92532,0.2,2027.0,0,0,0.0,1.10020159,0.92865085,0.17155074,15,15,0.0,0,1,-1.0,0,1,-1.0
corrected_vs_heuristic,92532,0.2,2028.0,0,1,-1.0,1.2634748,0.00225832,1.26121648,15,14,1.0,0,1,-1.0,0,1,-1.0
corrected_vs_heuristic,92532,0.3,2026.0,0,1,-1.0,0.94471265,0.17369856,0.77101409,15,15,0.0,0,1,-1.0,0,1,-1.0
corrected_vs_heuristic,92532,0.3,2027.0,0,0,0.0,1.96222743,0.91931938,1.04290805,11,15,-4.0,0,1,-1.0,0,1,-1.0
corrected_vs_heuristic,92532,0.3,2028.0,0,0,0.0,0.99469692,0.89473827,0.09995865,15,15,0.0,0,1,-1.0,0,1,-1.0
corrected_vs_heuristic,92863,0.2,2026.0,1,0,1.0,0.06215323,0.69159556,-0.62944233,3,15,-12.0,0,1,-1.0,0,0,0.0
corrected_vs_heuristic,92863,0.2,2027.0,1,1,0.0,0.02914778,0.00033143,0.02881635,1,9,-8.0,0,0,0.0,0,0,0.0
corrected_vs_heuristic,92863,0.2,2028.0,1,1,0.0,0.02914778,0.00023489,0.02891289,1,10,-9.0,0,1,-1.0,0,0,0.0
corrected_vs_heuristic,92863,0.3,2026.0,1,1,0.0,0.02914778,0.00033143,0.02881635,1,9,-8.0,0,0,0.0,0,0,0.0
corrected_vs_heuristic,92863,0.3,2027.0,1,1,0.0,0.02914778,0.00395481,0.02519297,1,14,-13.0,0,1,-1.0,0,0,0.0
corrected_vs_heuristic,92863,0.3,2028.0,1,1,0.0,0.04095896,0.00919368,0.03176528,13,14,-1.0,0,0,0.0,0,0,0.0
corrected_vs_heuristic,92888,0.2,2026.0,1,1,0.0,0.00057591,0.00083725,-0.00026134,10,4,6.0,0,0,0.0,0,0,0.0
corrected_vs_heuristic,92888,0.2,2027.0,0,1,-1.0,1.26897278,0.00112373,1.26784905,15,15,0.0,0,1,-1.0,0,0,0.0
corrected_vs_heuristic,92888,0.2,2028.0,0,1,-1.0,1.01430873,0.00083725,1.01347148,15,4,11.0,1,0,1.0,1,0,1.0
corrected_vs_heuristic,92888,0.3,2026.0,1,1,0.0,0.00047523,0.00083725,-0.00036202,10,4,6.0,0,0,0.0,0,0,0.0
corrected_vs_heuristic,92888,0.3,2027.0,1,1,0.0,0.00114404,0.00040451,0.00073953,14,15,-1.0,0,1,-1.0,0,1,-1.0
corrected_vs_heuristic,92888,0.3,2028.0,0,1,-1.0,1.86197559,0.00083725,1.86113834,3,4,-1.0,0,0,0.0,0,0,0.0
corrected_vs_heuristic,92927,0.2,2026.0,1,1,0.0,0.00627849,0.00417361,0.00210488,15,14,1.0,0,1,-1.0,0,1,-1.0
corrected_vs_heuristic,92927,0.2,2027.0,1,1,0.0,0.00296377,0.00283591,0.00012786,8,12,-4.0,0,1,-1.0,0,1,-1.0
corrected_vs_heuristic,92927,0.2,2028.0,1,1,0.0,0.0001977,0.00062532,-0.00042762,13,10,3.0,0,1,-1.0,0,1,-1.0
corrected_vs_heuristic,92927,0.3,2026.0,0,1,-1.0,1.85283647,0.00043922,1.85239725,12,13,-1.0,0,1,-1.0,0,1,-1.0
corrected_vs_heuristic,92927,0.3,2027.0,1,1,0.0,0.78876463,0.19235083,0.5964138,15,15,0.0,0,1,-1.0,0,1,-1.0
corrected_vs_heuristic,92927,0.3,2028.0,1,1,0.0,0.49303778,0.00076183,0.49227595,15,13,2.0,0,1,-1.0,0,1,-1.0
corrected_vs_heuristic,92941,0.2,2026.0,0,0,0.0,1.0508556,1.08534984,-0.03449424,15,15,0.0,0,1,-1.0,0,0,0.0
corrected_vs_heuristic,92941,0.2,2027.0,0,1,-1.0,0.99975652,0.50243987,0.49731665,15,15,0.0,0,1,-1.0,0,1,-1.0
corrected_vs_heuristic,92941,0.2,2028.0,0,0,0.0,1.03196783,1.24763709,-0.21566926,15,15,0.0,0,1,-1.0,0,0,0.0
corrected_vs_heuristic,92941,0.3,2026.0,0,1,-1.0,1.21677843,0.00043142,1.21634701,15,15,0.0,0,1,-1.0,0,1,-1.0
corrected_vs_heuristic,92941,0.3,2027.0,0,0,0.0,1.16285699,1.11951135,0.04334564,15,15,0.0,0,1,-1.0,0,0,0.0
corrected_vs_heuristic,92941,0.3,2028.0,0,0,0.0,1.74009868,1.74055271,-0.00045403,5,15,-10.0,0,1,-1.0,0,0,0.0
corrected_vs_heuristic,93872,0.2,2026.0,1,1,0.0,0.00160995,0.00160995,0.0,2,2,0.0,0,0,0.0,0,0,0.0
corrected_vs_heuristic,93872,0.2,2027.0,1,1,0.0,0.00181607,0.00024327,0.0015728,5,12,-7.0,0,1,-1.0,0,1,-1.0
corrected_vs_heuristic,93872,0.2,2028.0,1,1,0.0,0.00903552,0.00903552,0.0,4,4,0.0,0,0,0.0,0,0,0.0
corrected_vs_heuristic,93872,0.3,2026.0,1,1,0.0,0.00365075,0.00365075,0.0,2,2,0.0,0,0,0.0,0,0,0.0
corrected_vs_heuristic,93872,0.3,2027.0,1,1,0.0,0.00160995,0.00160995,0.0,2,2,0.0,0,0,0.0,0,0,0.0
corrected_vs_heuristic,93872,0.3,2028.0,1,1,0.0,0.00161672,0.00161672,0.0,3,3,0.0,0,0,0.0,0,0,0.0
corrected_vs_heuristic,94518,0.2,2026.0,1,1,0.0,0.00415588,0.00490537,-0.00074949,3,15,-12.0,0,1,-1.0,0,1,-1.0
corrected_vs_heuristic,94518,0.2,2027.0,1,1,0.0,0.0007524,8.06e-05,0.0006718,3,6,-3.0,0,0,0.0,0,0,0.0
corrected_vs_heuristic,94518,0.2,2028.0,1,1,0.0,0.0007524,0.01030686,-0.00955446,3,13,-10.0,0,1,-1.0,0,1,-1.0
corrected_vs_heuristic,94518,0.3,2026.0,1,1,0.0,0.00641084,2.727e-05,0.00638357,6,8,-2.0,0,1,-1.0,0,1,-1.0
corrected_vs_heuristic,94518,0.3,2027.0,1,1,0.0,0.01056549,0.00207361,0.00849188,5,8,-3.0,0,1,-1.0,0,1,-1.0
corrected_vs_heuristic,94518,0.3,2028.0,1,1,0.0,0.0007524,0.00010594,0.00064646,3,5,-2.0,0,0,0.0,0,0,0.0
corrected_vs_heuristic,95569,0.2,2026.0,1,1,0.0,0.01277118,0.00863943,0.00413175,14,13,1.0,0,1,-1.0,0,1,-1.0
corrected_vs_heuristic,95569,0.2,2027.0,1,0,1.0,0.00528397,1.04171369,-1.03642972,9,15,-6.0,0,1,-1.0,0,0,0.0
corrected_vs_heuristic,95569,0.2,2028.0,1,1,0.0,0.63787834,0.6031993,0.03467904,15,15,0.0,0,1,-1.0,0,0,0.0
corrected_vs_heuristic,95569,0.3,2026.0,0,0,0.0,1.83976075,1.95051428,-0.11075353,3,11,-8.0,0,1,-1.0,0,0,0.0
corrected_vs_heuristic,95569,0.3,2027.0,0,0,0.0,0.92363277,0.93510733,-0.01147456,15,15,0.0,0,1,-1.0,0,1,-1.0
corrected_vs_heuristic,95569,0.3,2028.0,1,0,1.0,0.48671636,0.55387523,-0.06715887,15,15,0.0,0,1,-1.0,0,1,-1.0
corrected_vs_heuristic,9636,0.2,2026.0,1,1,0.0,0.00038404,0.0326868,-0.03230276,4,15,-11.0,0,1,-1.0,0,1,-1.0
corrected_vs_heuristic,9636,0.2,2027.0,1,1,0.0,0.03282905,0.000183,0.03264605,4,5,-1.0,0,1,-1.0,0,1,-1.0
corrected_vs_heuristic,9636,0.2,2028.0,1,1,0.0,0.00859624,0.0029091,0.00568714,2,3,-1.0,0,0,0.0,0,0,0.0
corrected_vs_heuristic,9636,0.3,2026.0,1,1,0.0,0.00885246,0.00238668,0.00646578,8,15,-7.0,0,1,-1.0,0,0,0.0
corrected_vs_heuristic,9636,0.3,2027.0,1,1,0.0,0.0030313,8.408e-05,0.00294722,3,8,-5.0,0,0,0.0,0,0,0.0
corrected_vs_heuristic,9636,0.3,2028.0,1,1,0.0,0.0049747,0.00013592,0.00483878,2,7,-5.0,0,1,-1.0,0,1,-1.0
corrected_vs_heuristic,97191,0.2,2026.0,0,1,-1.0,1.40828164,0.01107202,1.39720962,15,15,0.0,1,1,0.0,1,0,1.0
corrected_vs_heuristic,97191,0.2,2027.0,1,1,0.0,0.00661148,0.0054419,0.00116958,12,6,6.0,0,0,0.0,0,0,0.0
corrected_vs_heuristic,97191,0.2,2028.0,0,0,0.0,0.93106594,0.5244878,0.40657814,15,15,0.0,0,1,-1.0,0,1,-1.0
corrected_vs_heuristic,97191,0.3,2026.0,1,1,0.0,0.00632609,0.00742215,-0.00109606,12,8,4.0,0,1,-1.0,0,1,-1.0
corrected_vs_heuristic,97191,0.3,2027.0,0,0,0.0,1.2882261,1.85829387,-0.57006777,15,10,5.0,0,1,-1.0,0,0,0.0
corrected_vs_heuristic,97191,0.3,2028.0,0,0,0.0,0.93757932,0.75920989,0.17836943,15,15,0.0,0,1,-1.0,0,0,0.0
corrected_vs_heuristic,97228,0.2,2026.0,1,1,0.0,0.12422207,0.13483552,-0.01061345,15,15,0.0,0,0,0.0,0,0,0.0
corrected_vs_heuristic,97228,0.2,2027.0,1,1,0.0,0.09137343,0.59219285,-0.50081942,15,15,0.0,0,1,-1.0,0,0,0.0
corrected_vs_heuristic,97228,0.2,2028.0,1,0,1.0,0.04498268,1.91852746,-1.87354478,9,14,-5.0,0,0,0.0,0,0,0.0
corrected_vs_heuristic,97228,0.3,2026.0,1,1,0.0,0.02851635,0.08260133,-0.05408498,11,15,-4.0,0,1,-1.0,0,1,-1.0
corrected_vs_heuristic,97228,0.3,2027.0,1,0,1.0,0.03397782,1.04217974,-1.00820192,11,15,-4.0,0,1,-1.0,0,0,0.0
corrected_vs_heuristic,97228,0.3,2028.0,1,1,0.0,0.03819809,0.19629985,-0.15810176,10,15,-5.0,0,1,-1.0,0,1,-1.0
corrected_vs_heuristic,97540,0.2,2026.0,1,1,0.0,0.00370044,0.00118439,0.00251605,2,4,-2.0,0,0,0.0,0,0,0.0
corrected_vs_heuristic,97540,0.2,2027.0,1,1,0.0,0.00029384,0.00104104,-0.0007472,2,7,-5.0,0,1,-1.0,0,1,-1.0
corrected_vs_heuristic,97540,0.2,2028.0,1,0,1.0,0.00029384,1.02358615,-1.02329231,2,15,-13.0,0,1,-1.0,0,0,0.0
corrected_vs_heuristic,97540,0.3,2026.0,1,1,0.0,0.00029384,0.00039292,-9.908e-05,2,12,-10.0,0,1,-1.0,0,0,0.0
corrected_vs_heuristic,97540,0.3,2027.0,1,1,0.0,0.00403282,0.00292018,0.00111264,3,11,-8.0,0,1,-1.0,0,1,-1.0
corrected_vs_heuristic,97540,0.3,2028.0,1,1,0.0,0.00449253,7.268e-05,0.00441985,2,4,-2.0,0,0,0.0,0,0,0.0
corrected_vs_heuristic,97571,0.2,2026.0,0,1,-1.0,1.22517645,0.00037329,1.22480316,15,10,5.0,0,1,-1.0,0,1,-1.0
corrected_vs_heuristic,97571,0.2,2027.0,0,1,-1.0,1.08854937,2.415e-05,1.08852522,15,15,0.0,0,1,-1.0,0,0,0.0
corrected_vs_heuristic,97571,0.2,2028.0,1,1,0.0,0.01007975,0.00376183,0.00631792,12,11,1.0,0,0,0.0,0,0,0.0
corrected_vs_heuristic,97571,0.3,2026.0,0,1,-1.0,1.1838658,0.00750542,1.17636038,15,10,5.0,0,1,-1.0,0,1,-1.0
corrected_vs_heuristic,97571,0.3,2027.0,1,1,0.0,0.00396363,0.00110563,0.002858,13,10,3.0,0,0,0.0,0,0,0.0
corrected_vs_heuristic,97571,0.3,2028.0,0,1,-1.0,1.42943684,2.138e-05,1.42941546,15,9,6.0,0,0,0.0,0,0,0.0
corrected_vs_heuristic,97951,0.2,2026.0,1,1,0.0,0.00118374,0.00118374,0.0,2,2,0.0,0,0,0.0,0,0,0.0
corrected_vs_heuristic,97951,0.2,2027.0,1,1,0.0,0.00118374,0.00118374,0.0,2,2,0.0,0,0,0.0,0,0,0.0
corrected_vs_heuristic,97951,0.2,2028.0,1,1,0.0,0.00118374,0.00118374,0.0,2,2,0.0,0,0,0.0,0,0,0.0
corrected_vs_heuristic,97951,0.3,2026.0,0,1,-1.0,1.81603847,0.02275256,1.79328591,3,15,-12.0,0,1,-1.0,0,0,0.0
corrected_vs_heuristic,97951,0.3,2027.0,1,1,0.0,0.00118374,0.00118374,0.0,2,2,0.0,0,0,0.0,0,0,0.0
corrected_vs_heuristic,97951,0.3,2028.0,1,1,0.0,0.00118374,0.00118374,0.0,2,2,0.0,0,0,0.0,0,0,0.0
corrected_vs_heuristic,99585,0.2,2026.0,1,1,0.0,0.01948264,0.01479035,0.00469229,15,15,0.0,0,1,-1.0,0,1,-1.0
corrected_vs_heuristic,99585,0.2,2027.0,0,0,0.0,1.94589545,0.61654739,1.32934806,6,15,-9.0,0,1,-1.0,0,0,0.0
corrected_vs_heuristic,99585,0.2,2028.0,1,0,1.0,0.59769717,1.20463296,-0.60693579,15,15,0.0,1,1,0.0,1,1,0.0
corrected_vs_heuristic,99585,0.3,2026.0,0,0,0.0,1.02803546,0.76409568,0.26393978,15,15,0.0,0,1,-1.0,0,0,0.0
corrected_vs_heuristic,99585,0.3,2027.0,1,1,0.0,0.05915919,0.02059098,0.03856821,15,15,0.0,0,1,-1.0,0,1,-1.0
corrected_vs_heuristic,99585,0.3,2028.0,0,0,0.0,1.08824759,1.77846705,-0.69021946,15,11,4.0,0,1,-1.0,0,1,-1.0
corrected_vs_forced,100333,0.2,2026.0,1,1,0.0,0.01404958,0.01404958,0.0,2,2,0.0,0,0,0.0,0,0,0.0
corrected_vs_forced,100333,0.2,2027.0,1,1,0.0,5.222e-05,0.00226634,-0.00221412,6,5,1.0,0,1,-1.0,0,0,0.0
corrected_vs_forced,100333,0.2,2028.0,1,1,0.0,0.00104417,0.00104417,0.0,2,2,0.0,0,0,0.0,0,0,0.0
corrected_vs_forced,100333,0.3,2026.0,1,1,0.0,0.00104417,0.00104417,0.0,2,2,0.0,0,0,0.0,0,0,0.0
corrected_vs_forced,100333,0.3,2027.0,1,1,0.0,0.00104417,0.00104417,0.0,2,2,0.0,0,0,0.0,0,0,0.0
corrected_vs_forced,100333,0.3,2028.0,1,1,0.0,0.00104417,0.00104417,0.0,2,2,0.0,0,0,0.0,0,0,0.0
corrected_vs_forced,100786,0.2,2026.0,1,1,0.0,0.00682778,0.00682778,0.0,8,8,0.0,1,1,0.0,0,0,0.0
corrected_vs_forced,100786,0.2,2027.0,1,1,0.0,0.00267944,0.00267944,0.0,6,6,0.0,0,0,0.0,0,0,0.0
corrected_vs_forced,100786,0.2,2028.0,1,1,0.0,0.00273291,0.00273291,0.0,9,9,0.0,0,0,0.0,0,0,0.0
corrected_vs_forced,100786,0.3,2026.0,1,1,0.0,0.00086641,0.00086641,0.0,12,12,0.0,1,1,0.0,1,1,0.0
corrected_vs_forced,100786,0.3,2027.0,1,1,0.0,0.00380653,0.00380653,0.0,5,5,0.0,0,0,0.0,0,0,0.0
corrected_vs_forced,100786,0.3,2028.0,1,1,0.0,0.01225333,0.01225333,0.0,7,7,0.0,0,0,0.0,0,0,0.0
corrected_vs_forced,100894,0.2,2026.0,1,1,0.0,0.00140548,0.0231878,-0.02178232,14,13,1.0,0,1,-1.0,0,0,0.0
corrected_vs_forced,100894,0.2,2027.0,1,1,0.0,0.00063794,0.01620198,-0.01556404,7,6,1.0,0,1,-1.0,0,1,-1.0
corrected_vs_forced,100894,0.2,2028.0,1,1,0.0,0.01391732,0.01391732,0.0,5,5,0.0,0,0,0.0,0,0,0.0
corrected_vs_forced,100894,0.3,2026.0,1,1,0.0,0.00063588,0.00215084,-0.00151496,6,5,1.0,0,1,-1.0,0,1,-1.0
corrected_vs_forced,100894,0.3,2027.0,1,1,0.0,0.0016335,0.00934833,-0.00771483,10,8,2.0,0,1,-1.0,0,1,-1.0
corrected_vs_forced,100894,0.3,2028.0,1,1,0.0,0.00071646,0.01615402,-0.01543756,7,5,2.0,0,1,-1.0,0,1,-1.0
corrected_vs_forced,101434,0.2,2026.0,1,1,0.0,0.00958545,0.00958545,0.0,11,11,0.0,0,0,0.0,0,0,0.0
corrected_vs_forced,101434,0.2,2027.0,0,0,0.0,1.25867883,1.25867883,0.0,15,15,0.0,0,0,0.0,0,0,0.0
corrected_vs_forced,101434,0.2,2028.0,0,0,0.0,1.15588263,1.15588263,0.0,15,15,0.0,0,0,0.0,0,0,0.0
corrected_vs_forced,101434,0.3,2026.0,1,1,0.0,0.48091727,0.48091727,0.0,15,15,0.0,0,0,0.0,0,0,0.0
corrected_vs_forced,101434,0.3,2027.0,1,1,0.0,0.01902563,0.01902563,0.0,13,13,0.0,1,1,0.0,0,0,0.0
corrected_vs_forced,101434,0.3,2028.0,1,1,0.0,0.75239724,0.75239724,0.0,15,15,0.0,0,0,0.0,0,0,0.0
corrected_vs_forced,101999,0.2,2026.0,1,1,0.0,0.0037733,0.0037733,0.0,3,3,0.0,0,0,0.0,0,0,0.0
corrected_vs_forced,101999,0.2,2027.0,1,1,0.0,0.0037733,0.0037733,0.0,3,3,0.0,0,0,0.0,0,0,0.0
corrected_vs_forced,101999,0.2,2028.0,1,1,0.0,0.00763783,0.00763783,0.0,3,3,0.0,0,0,0.0,0,0,0.0
corrected_vs_forced,101999,0.3,2026.0,1,1,0.0,0.0037733,0.0037733,0.0,3,3,0.0,0,0,0.0,0,0,0.0
corrected_vs_forced,101999,0.3,2027.0,1,1,0.0,0.0037733,0.0037733,0.0,3,3,0.0,0,0,0.0,0,0,0.0
corrected_vs_forced,101999,0.3,2028.0,1,1,0.0,0.00642346,0.00642346,0.0,3,3,0.0,0,0,0.0,0,0,0.0
corrected_vs_forced,102209,0.2,2026.0,1,1,0.0,0.00518576,0.00518576,0.0,6,6,0.0,0,0,0.0,0,0,0.0
corrected_vs_forced,102209,0.2,2027.0,1,1,0.0,0.00012002,0.00012002,0.0,4,4,0.0,0,0,0.0,0,0,0.0
corrected_vs_forced,102209,0.2,2028.0,1,1,0.0,0.01769187,0.01769187,0.0,6,6,0.0,0,0,0.0,0,0,0.0
corrected_vs_forced,102209,0.3,2026.0,0,0,0.0,1.92256059,1.92256059,0.0,4,4,0.0,0,0,0.0,0,0,0.0
corrected_vs_forced,102209,0.3,2027.0,1,1,0.0,0.00171812,0.00171812,0.0,4,4,0.0,0,0,0.0,0,0,0.0
corrected_vs_forced,102209,0.3,2028.0,1,1,0.0,0.00033147,0.00017319,0.00015828,9,9,0.0,0,1,-1.0,0,0,0.0
corrected_vs_forced,102711,0.2,2026.0,1,1,0.0,0.01949391,0.01949391,0.0,1,1,0.0,0,0,0.0,0,0,0.0
corrected_vs_forced,102711,0.2,2027.0,1,1,0.0,0.02500434,0.02500434,0.0,2,2,0.0,0,0,0.0,0,0,0.0
corrected_vs_forced,102711,0.2,2028.0,1,1,0.0,0.01949391,0.01949391,0.0,1,1,0.0,0,0,0.0,0,0,0.0
corrected_vs_forced,102711,0.3,2026.0,1,1,0.0,0.01079208,0.00273196,0.00806012,15,15,0.0,0,1,-1.0,0,0,0.0
corrected_vs_forced,102711,0.3,2027.0,1,1,0.0,0.01949391,0.01949391,0.0,1,1,0.0,0,0,0.0,0,0,0.0
corrected_vs_forced,102711,0.3,2028.0,1,1,0.0,0.01949391,0.01949391,0.0,1,1,0.0,0,0,0.0,0,0,0.0
corrected_vs_forced,102872,0.2,2026.0,1,1,0.0,7.583e-05,7.583e-05,0.0,5,5,0.0,0,0,0.0,0,0,0.0
corrected_vs_forced,102872,0.2,2027.0,1,1,0.0,7.583e-05,7.583e-05,0.0,5,5,0.0,0,0,0.0,0,0,0.0
corrected_vs_forced,102872,0.2,2028.0,1,1,0.0,0.00013834,0.00013834,0.0,4,4,0.0,0,0,0.0,0,0,0.0
corrected_vs_forced,102872,0.3,2026.0,1,1,0.0,1.066e-05,9.476e-05,-8.41e-05,9,9,0.0,0,1,-1.0,0,0,0.0
corrected_vs_forced,102872,0.3,2027.0,1,1,0.0,0.00130488,0.00130488,0.0,5,5,0.0,0,0,0.0,0,0,0.0
corrected_vs_forced,102872,0.3,2028.0,0,0,0.0,1.77638613,1.77638613,0.0,5,5,0.0,0,0,0.0,0,0,0.0
corrected_vs_forced,102986,0.2,2026.0,1,1,0.0,7.893e-05,7.893e-05,0.0,7,7,0.0,1,1,0.0,0,0,0.0
corrected_vs_forced,102986,0.2,2027.0,1,1,0.0,0.03843531,0.03843531,0.0,7,7,0.0,0,0,0.0,0,0,0.0
corrected_vs_forced,102986,0.2,2028.0,1,1,0.0,0.00800102,0.00800102,0.0,5,5,0.0,0,0,0.0,0,0,0.0
corrected_vs_forced,102986,0.3,2026.0,1,1,0.0,0.00040953,0.00040953,0.0,5,5,0.0,0,0,0.0,0,0,0.0
corrected_vs_forced,102986,0.3,2027.0,1,1,0.0,0.00456254,0.00456254,0.0,6,6,0.0,0,0,0.0,0,0,0.0
corrected_vs_forced,102986,0.3,2028.0,0,0,0.0,1.66708747,1.66708747,0.0,2,2,0.0,0,0,0.0,0,0,0.0
corrected_vs_forced,103775,0.2,2026.0,1,1,0.0,0.00048475,0.00048475,0.0,2,2,0.0,0,0,0.0,0,0,0.0
corrected_vs_forced,103775,0.2,2027.0,1,1,0.0,0.00048475,0.00048475,0.0,2,2,0.0,0,0,0.0,0,0,0.0
corrected_vs_forced,103775,0.2,2028.0,1,1,0.0,0.00048475,0.00048475,0.0,2,2,0.0,0,0,0.0,0,0,0.0
corrected_vs_forced,103775,0.3,2026.0,1,1,0.0,0.00048475,0.00048475,0.0,2,2,0.0,0,0,0.0,0,0,0.0
corrected_vs_forced,103775,0.3,2027.0,1,1,0.0,0.00048475,0.00048475,0.0,2,2,0.0,0,0,0.0,0,0,0.0
corrected_vs_forced,103775,0.3,2028.0,0,0,0.0,1.89523385,1.89523385,0.0,5,5,0.0,0,0,0.0,0,0,0.0
corrected_vs_forced,104168,0.2,2026.0,1,1,0.0,0.01001012,0.01001012,0.0,2,2,0.0,0,0,0.0,0,0,0.0
corrected_vs_forced,104168,0.2,2027.0,1,1,0.0,0.01001012,0.01001012,0.0,2,2,0.0,0,0,0.0,0,0,0.0
corrected_vs_forced,104168,0.2,2028.0,1,1,0.0,0.01049845,0.01049845,0.0,3,3,0.0,0,0,0.0,0,0,0.0
corrected_vs_forced,104168,0.3,2026.0,1,1,0.0,0.01001012,0.01001012,0.0,2,2,0.0,0,0,0.0,0,0,0.0
corrected_vs_forced,104168,0.3,2027.0,1,1,0.0,0.0067598,0.0067598,0.0,4,4,0.0,1,1,0.0,0,0,0.0
corrected_vs_forced,104168,0.3,2028.0,1,1,0.0,0.01049845,0.01049845,0.0,3,3,0.0,0,0,0.0,0,0,0.0
corrected_vs_forced,105358,0.2,2026.0,1,1,0.0,0.00627414,0.00627414,0.0,8,8,0.0,0,0,0.0,0,0,0.0
corrected_vs_forced,105358,0.2,2027.0,1,1,0.0,0.00319686,0.00319686,0.0,6,6,0.0,0,0,0.0,0,0,0.0
corrected_vs_forced,105358,0.2,2028.0,0,0,0.0,1.78391216,1.78391216,0.0,8,8,0.0,0,0,0.0,0,0,0.0
corrected_vs_forced,105358,0.3,2026.0,1,1,0.0,0.00106455,0.00106455,0.0,9,9,0.0,0,0,0.0,0,0,0.0
corrected_vs_forced,105358,0.3,2027.0,1,1,0.0,0.00041267,0.00041267,0.0,7,7,0.0,0,0,0.0,0,0,0.0
corrected_vs_forced,105358,0.3,2028.0,0,0,0.0,1.089127,1.089127,0.0,15,15,0.0,0,0,0.0,0,0,0.0
corrected_vs_forced,105717,0.2,2026.0,1,1,0.0,0.28193214,0.26119996,0.02073218,15,4,11.0,0,0,0.0,0,0,0.0
corrected_vs_forced,105717,0.2,2027.0,1,1,0.0,0.11494231,0.07408766,0.04085465,15,3,12.0,0,0,0.0,0,0,0.0
corrected_vs_forced,105717,0.2,2028.0,1,1,0.0,0.05307512,0.07408766,-0.02101254,15,3,12.0,0,0,0.0,0,0,0.0
corrected_vs_forced,105717,0.3,2026.0,1,1,0.0,0.1241435,0.07408766,0.05005584,15,3,12.0,0,0,0.0,0,0,0.0
corrected_vs_forced,105717,0.3,2027.0,1,1,0.0,0.03754268,0.03754268,0.0,7,7,0.0,0,0,0.0,0,0,0.0
corrected_vs_forced,105717,0.3,2028.0,1,1,0.0,0.12716009,0.07408766,0.05307243,15,3,12.0,0,0,0.0,0,0,0.0
corrected_vs_forced,105944,0.2,2026.0,1,1,0.0,0.00122991,0.00122991,0.0,2,2,0.0,0,0,0.0,0,0,0.0
corrected_vs_forced,105944,0.2,2027.0,1,1,0.0,0.00580217,0.00102161,0.00478056,10,10,0.0,0,1,-1.0,0,0,0.0
corrected_vs_forced,105944,0.2,2028.0,1,1,0.0,0.00122991,0.00122991,0.0,2,2,0.0,0,0,0.0,0,0,0.0
corrected_vs_forced,105944,0.3,2026.0,1,1,0.0,0.00122991,0.00122991,0.0,2,2,0.0,0,0,0.0,0,0,0.0
corrected_vs_forced,105944,0.3,2027.0,1,1,0.0,0.00122991,0.00122991,0.0,2,2,0.0,0,0,0.0,0,0,0.0
corrected_vs_forced,105944,0.3,2028.0,1,1,0.0,0.00122991,0.00122991,0.0,2,2,0.0,0,0,0.0,0,0,0.0
corrected_vs_forced,107295,0.2,2026.0,1,1,0.0,0.07484476,0.07484476,0.0,5,5,0.0,0,0,0.0,0,0,0.0
corrected_vs_forced,107295,0.2,2027.0,0,0,0.0,0.98910687,0.98345365,0.00565322,15,15,0.0,1,1,0.0,1,1,0.0
corrected_vs_forced,107295,0.2,2028.0,1,1,0.0,0.06359876,0.06359876,0.0,6,6,0.0,0,0,0.0,0,0,0.0
corrected_vs_forced,107295,0.3,2026.0,1,1,0.0,0.07484476,0.07484476,0.0,5,5,0.0,0,0,0.0,0,0,0.0
corrected_vs_forced,107295,0.3,2027.0,1,1,0.0,0.04647486,0.04647486,0.0,6,6,0.0,0,0,0.0,0,0,0.0
corrected_vs_forced,107295,0.3,2028.0,0,0,0.0,1.82339351,1.82339351,0.0,10,10,0.0,0,0,0.0,0,0,0.0
corrected_vs_forced,107435,0.2,2026.0,1,1,0.0,0.01853659,0.01853659,0.0,1,1,0.0,0,0,0.0,0,0,0.0
corrected_vs_forced,107435,0.2,2027.0,1,1,0.0,0.01853659,0.01853659,0.0,1,1,0.0,0,0,0.0,0,0,0.0
corrected_vs_forced,107435,0.2,2028.0,1,1,0.0,0.01853659,0.01853659,0.0,1,1,0.0,0,0,0.0,0,0,0.0
corrected_vs_forced,107435,0.3,2026.0,1,1,0.0,0.01853659,0.01853659,0.0,1,1,0.0,0,0,0.0,0,0,0.0
corrected_vs_forced,107435,0.3,2027.0,0,0,0.0,1.03597353,1.03597353,0.0,15,15,0.0,0,0,0.0,0,0,0.0
corrected_vs_forced,107435,0.3,2028.0,1,1,0.0,0.01853659,0.01853659,0.0,1,1,0.0,0,0,0.0,0,0,0.0
corrected_vs_forced,107753,0.2,2026.0,1,1,0.0,0.0006126,0.0006126,0.0,7,7,0.0,0,0,0.0,0,0,0.0
corrected_vs_forced,107753,0.2,2027.0,1,1,0.0,0.00146321,0.00146321,0.0,5,5,0.0,0,0,0.0,0,0,0.0
corrected_vs_forced,107753,0.2,2028.0,1,1,0.0,0.00610267,0.00610267,0.0,3,3,0.0,0,0,0.0,0,0,0.0
corrected_vs_forced,107753,0.3,2026.0,0,0,0.0,1.6913198,1.6913198,0.0,1,1,0.0,0,0,0.0,0,0,0.0
corrected_vs_forced,107753,0.3,2027.0,1,1,0.0,0.00246299,0.00246299,0.0,6,6,0.0,0,0,0.0,0,0,0.0
corrected_vs_forced,107753,0.3,2028.0,1,1,0.0,8.988e-05,0.00300082,-0.00291094,6,6,0.0,0,1,-1.0,0,1,-1.0
corrected_vs_forced,108419,0.2,2026.0,1,1,0.0,0.06994888,0.11558569,-0.04563681,15,4,11.0,1,0,1.0,0,0,0.0
corrected_vs_forced,108419,0.2,2027.0,0,0,0.0,1.33890041,1.24070856,0.09819185,15,4,11.0,0,0,0.0,0,0,0.0
corrected_vs_forced,108419,0.2,2028.0,1,1,0.0,0.11898983,0.18116622,-0.06217639,15,7,8.0,0,1,-1.0,0,1,-1.0
corrected_vs_forced,108419,0.3,2026.0,1,1,0.0,0.05768513,0.08442394,-0.02673881,15,4,11.0,0,0,0.0,0,0,0.0
corrected_vs_forced,108419,0.3,2027.0,0,1,-1.0,1.73340862,0.13422251,1.59918611,15,4,11.0,0,0,0.0,0,0,0.0
corrected_vs_forced,108419,0.3,2028.0,1,1,0.0,0.14609025,0.11558569,0.03050456,15,5,10.0,0,1,-1.0,0,1,-1.0
corrected_vs_forced,108535,0.2,2026.0,1,1,0.0,0.00772826,0.00772826,0.0,9,9,0.0,0,0,0.0,0,0,0.0
corrected_vs_forced,108535,0.2,2027.0,0,0,0.0,1.82800947,1.82800947,0.0,5,5,0.0,0,0,0.0,0,0,0.0
corrected_vs_forced,108535,0.2,2028.0,1,1,0.0,0.00423181,0.00423181,0.0,9,9,0.0,0,0,0.0,0,0,0.0
corrected_vs_forced,108535,0.3,2026.0,1,1,0.0,0.0067943,0.0067943,0.0,12,12,0.0,0,0,0.0,0,0,0.0
corrected_vs_forced,108535,0.3,2027.0,0,0,0.0,1.84214756,1.84214756,0.0,14,14,0.0,0,0,0.0,0,0,0.0
corrected_vs_forced,108535,0.3,2028.0,1,1,0.0,0.00441174,0.00441174,0.0,8,8,0.0,0,0,0.0,0,0,0.0
corrected_vs_forced,109084,0.2,2026.0,1,1,0.0,0.00032177,0.00032177,0.0,6,6,0.0,0,0,0.0,0,0,0.0
corrected_vs_forced,109084,0.2,2027.0,1,1,0.0,0.00155391,0.00155391,0.0,6,6,0.0,1,1,0.0,0,0,0.0
corrected_vs_forced,109084,0.2,2028.0,1,1,0.0,0.00418816,0.00418816,0.0,5,5,0.0,0,0,0.0,0,0,0.0
corrected_vs_forced,109084,0.3,2026.0,1,1,0.0,0.01222387,0.01222387,0.0,8,8,0.0,1,1,0.0,0,0,0.0
corrected_vs_forced,109084,0.3,2027.0,1,1,0.0,0.00214589,0.00214589,0.0,8,8,0.0,0,0,0.0,0,0,0.0
corrected_vs_forced,109084,0.3,2028.0,1,1,0.0,0.02594912,0.02594912,0.0,7,7,0.0,0,0,0.0,0,0,0.0
corrected_vs_forced,109136,0.2,2026.0,1,1,0.0,0.02663848,0.02663848,0.0,2,2,0.0,0,0,0.0,0,0,0.0
corrected_vs_forced,109136,0.2,2027.0,1,1,0.0,0.02663848,0.02663848,0.0,2,2,0.0,0,0,0.0,0,0,0.0
corrected_vs_forced,109136,0.2,2028.0,1,1,0.0,0.02663848,0.02663848,0.0,2,2,0.0,0,0,0.0,0,0,0.0
corrected_vs_forced,109136,0.3,2026.0,1,1,0.0,0.02663848,0.02663848,0.0,2,2,0.0,0,0,0.0,0,0,0.0
corrected_vs_forced,109136,0.3,2027.0,1,1,0.0,0.02310029,0.02310029,0.0,3,3,0.0,0,0,0.0,0,0,0.0
corrected_vs_forced,109136,0.3,2028.0,1,1,0.0,0.02874113,0.02874113,0.0,3,3,0.0,0,0,0.0,0,0,0.0
corrected_vs_forced,109937,0.2,2026.0,1,1,0.0,0.00246299,0.00246299,0.0,6,6,0.0,0,0,0.0,0,0,0.0
corrected_vs_forced,109937,0.2,2027.0,1,1,0.0,0.00078943,0.01508018,-0.01429075,9,6,3.0,0,1,-1.0,0,1,-1.0
corrected_vs_forced,109937,0.2,2028.0,1,1,0.0,0.00406173,0.00157265,0.00248908,8,6,2.0,0,1,-1.0,0,1,-1.0
corrected_vs_forced,109937,0.3,2026.0,1,1,0.0,6.974e-05,0.00157265,-0.00150291,6,6,0.0,0,1,-1.0,0,1,-1.0
corrected_vs_forced,109937,0.3,2027.0,1,1,0.0,0.00406173,0.01502871,-0.01096698,8,6,2.0,0,1,-1.0,0,1,-1.0
corrected_vs_forced,109937,0.3,2028.0,0,0,0.0,1.6913198,1.6913198,0.0,1,1,0.0,0,0,0.0,0,0,0.0
corrected_vs_forced,11076,0.2,2026.0,0,0,0.0,1.29317618,1.29317618,0.0,15,15,0.0,1,1,0.0,1,1,0.0
corrected_vs_forced,11076,0.2,2027.0,0,0,0.0,0.92718573,0.92718573,0.0,15,15,0.0,1,1,0.0,1,1,0.0
corrected_vs_forced,11076,0.2,2028.0,0,0,0.0,1.80446664,1.80446664,0.0,5,5,0.0,0,0,0.0,0,0,0.0
corrected_vs_forced,11076,0.3,2026.0,0,0,0.0,1.25297533,1.25297533,0.0,15,15,0.0,1,1,0.0,1,1,0.0
corrected_vs_forced,11076,0.3,2027.0,0,0,0.0,1.00117082,0.93164111,0.06952971,15,15,0.0,1,1,0.0,1,1,0.0
corrected_vs_forced,11076,0.3,2028.0,0,0,0.0,1.65878508,1.49525461,0.16353047,15,15,0.0,0,1,-1.0,0,1,-1.0
corrected_vs_forced,111597,0.2,2026.0,1,1,0.0,0.00526281,0.00526281,0.0,3,3,0.0,0,0,0.0,0,0,0.0
corrected_vs_forced,111597,0.2,2027.0,1,1,0.0,0.00638838,0.00638838,0.0,3,3,0.0,0,0,0.0,0,0,0.0
corrected_vs_forced,111597,0.2,2028.0,1,1,0.0,0.00526281,0.00526281,0.0,3,3,0.0,0,0,0.0,0,0,0.0
corrected_vs_forced,111597,0.3,2026.0,1,1,0.0,0.00526281,0.00526281,0.0,3,3,0.0,0,0,0.0,0,0,0.0
corrected_vs_forced,111597,0.3,2027.0,1,1,0.0,0.00066156,0.00066156,0.0,7,7,0.0,1,1,0.0,0,0,0.0
corrected_vs_forced,111597,0.3,2028.0,1,1,0.0,0.00087967,0.00087967,0.0,3,3,0.0,0,0,0.0,0,0,0.0
corrected_vs_forced,111718,0.2,2026.0,1,1,0.0,0.00837912,0.00837912,0.0,12,12,0.0,0,0,0.0,0,0,0.0
corrected_vs_forced,111718,0.2,2027.0,1,1,0.0,0.75152258,0.75152258,0.0,15,15,0.0,0,0,0.0,0,0,0.0
corrected_vs_forced,111718,0.2,2028.0,1,0,1.0,0.02353445,0.84502175,-0.8214873,15,15,0.0,0,1,-1.0,0,1,-1.0
corrected_vs_forced,111718,0.3,2026.0,1,1,0.0,0.00072526,0.00072526,0.0,11,11,0.0,0,0,0.0,0,0,0.0
corrected_vs_forced,111718,0.3,2027.0,1,1,0.0,0.01147802,0.01147802,0.0,11,11,0.0,0,0,0.0,0,0,0.0
corrected_vs_forced,111718,0.3,2028.0,0,0,0.0,1.03618115,1.03618115,0.0,15,15,0.0,1,1,0.0,1,1,0.0
corrected_vs_forced,111892,0.2,2026.0,0,0,0.0,0.96876136,0.96876136,0.0,15,15,0.0,0,0,0.0,0,0,0.0
corrected_vs_forced,111892,0.2,2027.0,1,1,0.0,0.00680424,0.00680424,0.0,12,12,0.0,0,0,0.0,0,0,0.0
corrected_vs_forced,111892,0.2,2028.0,0,0,0.0,1.72819893,1.72819893,0.0,4,4,0.0,0,0,0.0,0,0,0.0
corrected_vs_forced,111892,0.3,2026.0,1,1,0.0,0.28502195,0.28502195,0.0,15,15,0.0,0,0,0.0,0,0,0.0
corrected_vs_forced,111892,0.3,2027.0,1,1,0.0,0.00664107,0.00664107,0.0,12,12,0.0,0,0,0.0,0,0,0.0
corrected_vs_forced,111892,0.3,2028.0,0,0,0.0,0.99086893,0.99086893,0.0,15,15,0.0,0,0,0.0,0,0,0.0
corrected_vs_forced,112339,0.2,2026.0,0,0,0.0,1.73675304,1.73675304,0.0,14,14,0.0,0,0,0.0,0,0,0.0
corrected_vs_forced,112339,0.2,2027.0,0,0,0.0,1.85913587,1.85913587,0.0,3,3,0.0,0,0,0.0,0,0,0.0
corrected_vs_forced,112339,0.2,2028.0,0,0,0.0,1.85428121,1.85428121,0.0,12,12,0.0,0,0,0.0,0,0,0.0
corrected_vs_forced,112339,0.3,2026.0,1,1,0.0,0.63878365,0.63878365,0.0,15,15,0.0,0,0,0.0,0,0,0.0
corrected_vs_forced,112339,0.3,2027.0,1,1,0.0,0.65915397,0.65915397,0.0,15,15,0.0,0,0,0.0,0,0,0.0
corrected_vs_forced,112339,0.3,2028.0,1,1,0.0,0.01042061,0.01042061,0.0,11,11,0.0,0,0,0.0,0,0,0.0
corrected_vs_forced,112884,0.2,2026.0,0,0,0.0,1.85186501,1.85186501,0.0,10,10,0.0,0,0,0.0,0,0,0.0
corrected_vs_forced,112884,0.2,2027.0,1,1,0.0,0.37714969,0.04510061,0.33204908,15,14,1.0,0,1,-1.0,0,0,0.0
corrected_vs_forced,112884,0.2,2028.0,1,1,0.0,0.02893768,0.02893768,0.0,4,4,0.0,0,0,0.0,0,0,0.0
corrected_vs_forced,112884,0.3,2026.0,1,0,1.0,0.87681443,0.90662047,-0.02980604,15,15,0.0,0,1,-1.0,0,1,-1.0
corrected_vs_forced,112884,0.3,2027.0,1,1,0.0,0.02244298,0.02244298,0.0,4,4,0.0,0,0,0.0,0,0,0.0
corrected_vs_forced,112884,0.3,2028.0,1,1,0.0,0.026972,0.026972,0.0,6,6,0.0,0,0,0.0,0,0,0.0
corrected_vs_forced,114028,0.2,2026.0,1,1,0.0,0.00311678,0.00311678,0.0,3,3,0.0,0,0,0.0,0,0,0.0
corrected_vs_forced,114028,0.2,2027.0,1,0,1.0,0.00275921,1.72639526,-1.72363605,9,5,4.0,1,1,0.0,1,1,0.0
corrected_vs_forced,114028,0.2,2028.0,1,1,0.0,0.00023747,0.00023747,0.0,7,7,0.0,0,0,0.0,0,0,0.0
corrected_vs_forced,114028,0.3,2026.0,1,1,0.0,0.00020261,0.00020261,0.0,3,3,0.0,0,0,0.0,0,0,0.0
corrected_vs_forced,114028,0.3,2027.0,1,1,0.0,0.00020261,0.00020261,0.0,3,3,0.0,0,0,0.0,0,0,0.0
corrected_vs_forced,114028,0.3,2028.0,1,1,0.0,0.00311166,0.00311166,0.0,3,3,0.0,0,0,0.0,0,0,0.0
corrected_vs_forced,114042,0.2,2026.0,1,1,0.0,0.00022659,0.00022659,0.0,3,3,0.0,0,0,0.0,0,0,0.0
corrected_vs_forced,114042,0.2,2027.0,1,1,0.0,0.00022659,0.00022659,0.0,3,3,0.0,0,0,0.0,0,0,0.0
corrected_vs_forced,114042,0.2,2028.0,1,1,0.0,0.00017476,0.00017476,0.0,4,4,0.0,0,0,0.0,0,0,0.0
corrected_vs_forced,114042,0.3,2026.0,1,1,0.0,0.00042249,0.00042249,0.0,4,4,0.0,0,0,0.0,0,0,0.0
corrected_vs_forced,114042,0.3,2027.0,1,1,0.0,0.00022659,0.00022659,0.0,3,3,0.0,0,0,0.0,0,0,0.0
corrected_vs_forced,114042,0.3,2028.0,1,1,0.0,0.00025325,0.00025325,0.0,3,3,0.0,0,0,0.0,0,0,0.0
corrected_vs_forced,114245,0.2,2026.0,1,1,0.0,0.01737128,0.01737128,0.0,13,13,0.0,0,0,0.0,0,0,0.0
corrected_vs_forced,114245,0.2,2027.0,1,1,0.0,0.00160516,0.00160516,0.0,6,6,0.0,0,0,0.0,0,0,0.0
corrected_vs_forced,114245,0.2,2028.0,1,1,0.0,0.00036794,0.00036794,0.0,9,9,0.0,0,0,0.0,0,0,0.0
corrected_vs_forced,114245,0.3,2026.0,1,1,0.0,0.00763938,0.00763938,0.0,10,10,0.0,0,0,0.0,0,0,0.0
corrected_vs_forced,114245,0.3,2027.0,1,1,0.0,0.00045465,0.00045465,0.0,8,8,0.0,0,0,0.0,0,0,0.0
corrected_vs_forced,114245,0.3,2028.0,0,0,0.0,1.87597406,1.87597406,0.0,6,6,0.0,0,0,0.0,0,0,0.0
corrected_vs_forced,115235,0.2,2026.0,1,1,0.0,0.000167,0.01633864,-0.01617164,4,4,0.0,0,1,-1.0,0,1,-1.0
corrected_vs_forced,115235,0.2,2027.0,1,1,0.0,0.00883543,0.00883543,0.0,3,3,0.0,0,0,0.0,0,0,0.0
corrected_vs_forced,115235,0.2,2028.0,1,1,0.0,0.00883543,0.00883543,0.0,3,3,0.0,0,0,0.0,0,0,0.0
corrected_vs_forced,115235,0.3,2026.0,1,1,0.0,0.000167,0.01633864,-0.01617164,4,4,0.0,0,1,-1.0,0,1,-1.0
corrected_vs_forced,115235,0.3,2027.0,1,1,0.0,0.00883543,0.00883543,0.0,3,3,0.0,0,0,0.0,0,0,0.0
corrected_vs_forced,115235,0.3,2028.0,1,1,0.0,0.68395791,0.68395791,0.0,15,15,0.0,0,0,0.0,0,0,0.0
corrected_vs_forced,116452,0.2,2026.0,0,0,0.0,1.21791432,1.21791432,0.0,15,15,0.0,0,0,0.0,0,0,0.0
corrected_vs_forced,116452,0.2,2027.0,0,0,0.0,0.99234711,1.20787299,-0.21552588,15,15,0.0,0,1,-1.0,0,1,-1.0
corrected_vs_forced,116452,0.2,2028.0,0,0,0.0,1.43019351,1.43019351,0.0,15,15,0.0,0,0,0.0,0,0,0.0
corrected_vs_forced,116452,0.3,2026.0,0,0,0.0,0.90638468,0.90638468,0.0,15,15,0.0,0,0,0.0,0,0,0.0
corrected_vs_forced,116452,0.3,2027.0,1,1,0.0,0.73929817,0.73929817,0.0,15,15,0.0,0,0,0.0,0,0,0.0
corrected_vs_forced,116452,0.3,2028.0,0,0,0.0,1.88344877,1.88344877,0.0,12,12,0.0,0,0,0.0,0,0,0.0
corrected_vs_forced,116991,0.2,2026.0,1,1,0.0,0.00034358,0.00034358,0.0,3,3,0.0,0,0,0.0,0,0,0.0
corrected_vs_forced,116991,0.2,2027.0,0,0,0.0,1.82527834,1.82527834,0.0,3,3,0.0,0,0,0.0,0,0,0.0
corrected_vs_forced,116991,0.2,2028.0,1,1,0.0,0.0049747,0.0049747,0.0,2,2,0.0,0,0,0.0,0,0,0.0
corrected_vs_forced,116991,0.3,2026.0,1,1,0.0,0.0049747,0.0049747,0.0,2,2,0.0,0,0,0.0,0,0,0.0
corrected_vs_forced,116991,0.3,2027.0,1,1,0.0,0.00859624,0.00859624,0.0,2,2,0.0,0,0,0.0,0,0,0.0
corrected_vs_forced,116991,0.3,2028.0,1,1,0.0,4.83e-05,0.00243948,-0.00239118,7,7,0.0,0,1,-1.0,0,0,0.0
corrected_vs_forced,117339,0.2,2026.0,1,1,0.0,0.0050979,0.0050979,0.0,9,9,0.0,1,1,0.0,0,0,0.0
corrected_vs_forced,117339,0.2,2027.0,1,1,0.0,0.00265419,0.00265419,0.0,5,5,0.0,0,0,0.0,0,0,0.0
corrected_vs_forced,117339,0.2,2028.0,0,0,0.0,1.73161775,1.73161775,0.0,15,15,0.0,0,0,0.0,0,0,0.0
corrected_vs_forced,117339,0.3,2026.0,1,1,0.0,0.01817341,0.01817341,0.0,10,10,0.0,1,1,0.0,0,0,0.0
corrected_vs_forced,117339,0.3,2027.0,1,1,0.0,0.00046782,0.00046782,0.0,6,6,0.0,0,0,0.0,0,0,0.0
corrected_vs_forced,117339,0.3,2028.0,1,1,0.0,0.0021225,0.0021225,0.0,6,6,0.0,0,0,0.0,0,0,0.0
corrected_vs_forced,117692,0.2,2026.0,0,0,0.0,0.93317788,0.93317788,0.0,15,15,0.0,0,0,0.0,0,0,0.0
corrected_vs_forced,117692,0.2,2027.0,1,1,0.0,0.01063339,0.01063339,0.0,12,12,0.0,0,0,0.0,0,0,0.0
corrected_vs_forced,117692,0.2,2028.0,1,1,0.0,0.00022651,0.00022651,0.0,11,11,0.0,0,0,0.0,0,0,0.0
corrected_vs_forced,117692,0.3,2026.0,0,0,0.0,1.95582432,1.95582432,0.0,8,8,0.0,0,0,0.0,0,0,0.0
corrected_vs_forced,117692,0.3,2027.0,0,0,0.0,0.96661204,0.96661204,0.0,15,15,0.0,0,0,0.0,0,0,0.0
corrected_vs_forced,117692,0.3,2028.0,1,1,0.0,0.00161002,0.00161002,0.0,10,10,0.0,0,0,0.0,0,0,0.0
corrected_vs_forced,118067,0.2,2026.0,1,1,0.0,0.00621668,0.00621668,0.0,7,7,0.0,0,0,0.0,0,0,0.0
corrected_vs_forced,118067,0.2,2027.0,1,1,0.0,0.00028879,0.00028879,0.0,7,7,0.0,0,0,0.0,0,0,0.0
corrected_vs_forced,118067,0.2,2028.0,1,1,0.0,0.01127781,0.01127781,0.0,8,8,0.0,0,0,0.0,0,0,0.0
corrected_vs_forced,118067,0.3,2026.0,1,1,0.0,0.00537102,0.00537102,0.0,11,11,0.0,0,0,0.0,0,0,0.0
corrected_vs_forced,118067,0.3,2027.0,0,0,0.0,1.96274631,1.96274631,0.0,5,5,0.0,0,0,0.0,0,0,0.0
corrected_vs_forced,118067,0.3,2028.0,1,1,0.0,0.01412563,0.01412563,0.0,15,15,0.0,0,0,0.0,0,0,0.0
corrected_vs_forced,118143,0.2,2026.0,1,1,0.0,0.00010653,0.00010653,0.0,6,6,0.0,0,0,0.0,0,0,0.0
corrected_vs_forced,118143,0.2,2027.0,0,0,0.0,1.06022188,1.06022188,0.0,15,15,0.0,0,0,0.0,0,0,0.0
corrected_vs_forced,118143,0.2,2028.0,0,0,0.0,1.00104339,1.00104339,0.0,15,15,0.0,0,0,0.0,0,0,0.0
corrected_vs_forced,118143,0.3,2026.0,1,1,0.0,0.01180559,0.01180559,0.0,12,12,0.0,0,0,0.0,0,0,0.0
corrected_vs_forced,118143,0.3,2027.0,0,0,0.0,1.04297355,1.04297355,0.0,15,15,0.0,0,0,0.0,0,0,0.0
corrected_vs_forced,118143,0.3,2028.0,1,1,0.0,0.00135585,0.00135585,0.0,10,10,0.0,1,1,0.0,0,0,0.0
corrected_vs_forced,11918,0.2,2026.0,1,1,0.0,0.00746805,0.00746805,0.0,11,10,1.0,1,1,0.0,0,0,0.0
corrected_vs_forced,11918,0.2,2027.0,1,1,0.0,0.0009845,0.0009845,0.0,3,3,0.0,0,0,0.0,0,0,0.0
corrected_vs_forced,11918,0.2,2028.0,1,1,0.0,0.0009845,0.0009845,0.0,3,3,0.0,0,0,0.0,0,0,0.0
corrected_vs_forced,11918,0.3,2026.0,1,1,0.0,0.0009845,0.0009845,0.0,3,3,0.0,0,0,0.0,0,0,0.0
corrected_vs_forced,11918,0.3,2027.0,1,1,0.0,0.00113302,0.00113302,0.0,3,3,0.0,0,0,0.0,0,0,0.0
corrected_vs_forced,11918,0.3,2028.0,1,1,0.0,0.00730066,0.00730066,0.0,5,5,0.0,0,0,0.0,0,0,0.0
corrected_vs_forced,1195,0.2,2026.0,1,1,0.0,9.518e-05,9.518e-05,0.0,3,3,0.0,0,0,0.0,0,0,0.0
corrected_vs_forced,1195,0.2,2027.0,1,1,0.0,5.738e-05,5.738e-05,0.0,2,2,0.0,0,0,0.0,0,0,0.0
corrected_vs_forced,1195,0.2,2028.0,1,1,0.0,5.738e-05,5.738e-05,0.0,2,2,0.0,0,0,0.0,0,0,0.0
corrected_vs_forced,1195,0.3,2026.0,1,1,0.0,5.738e-05,5.738e-05,0.0,2,2,0.0,0,0,0.0,0,0,0.0
corrected_vs_forced,1195,0.3,2027.0,1,1,0.0,5.738e-05,5.738e-05,0.0,2,2,0.0,0,0,0.0,0,0,0.0
corrected_vs_forced,1195,0.3,2028.0,1,1,0.0,0.00132302,0.00132302,0.0,3,3,0.0,0,0,0.0,0,0,0.0
corrected_vs_forced,119507,0.2,2026.0,1,1,0.0,0.00914077,0.00914077,0.0,4,4,0.0,0,0,0.0,0,0,0.0
corrected_vs_forced,119507,0.2,2027.0,1,1,0.0,0.00774877,0.00774877,0.0,6,6,0.0,0,0,0.0,0,0,0.0
corrected_vs_forced,119507,0.2,2028.0,1,1,0.0,0.00068178,0.00068178,0.0,7,7,0.0,0,0,0.0,0,0,0.0
corrected_vs_forced,119507,0.3,2026.0,1,1,0.0,0.00914077,0.00914077,0.0,4,4,0.0,0,0,0.0,0,0,0.0
corrected_vs_forced,119507,0.3,2027.0,0,0,0.0,1.19022032,1.19022032,0.0,15,15,0.0,0,0,0.0,0,0,0.0
corrected_vs_forced,119507,0.3,2028.0,1,1,0.0,0.00058704,0.00058704,0.0,14,14,0.0,0,0,0.0,0,0,0.0
corrected_vs_forced,119896,0.2,2026.0,1,1,0.0,0.00123605,0.00106799,0.00016806,15,15,0.0,0,1,-1.0,0,0,0.0
corrected_vs_forced,119896,0.2,2027.0,1,1,0.0,0.02161311,0.02161311,0.0,9,9,0.0,0,0,0.0,0,0,0.0
corrected_vs_forced,119896,0.2,2028.0,1,1,0.0,0.10958172,0.30956241,-0.19998069,15,15,0.0,0,1,-1.0,0,1,-1.0
corrected_vs_forced,119896,0.3,2026.0,1,1,0.0,0.01841532,0.03908045,-0.02066513,11,11,0.0,0,1,-1.0,0,1,-1.0
corrected_vs_forced,119896,0.3,2027.0,1,1,0.0,0.02122381,0.02122381,0.0,11,11,0.0,0,0,0.0,0,0,0.0
corrected_vs_forced,119896,0.3,2028.0,1,1,0.0,0.13731522,0.43308303,-0.29576781,15,15,0.0,1,1,0.0,0,0,0.0
corrected_vs_forced,12,0.2,2026.0,0,0,0.0,1.84785719,1.84785719,0.0,9,9,0.0,0,0,0.0,0,0,0.0
corrected_vs_forced,12,0.2,2027.0,1,1,0.0,0.00118337,0.00118337,0.0,6,6,0.0,0,0,0.0,0,0,0.0
corrected_vs_forced,12,0.2,2028.0,1,1,0.0,0.00079525,0.00079525,0.0,6,6,0.0,0,0,0.0,0,0,0.0
corrected_vs_forced,12,0.3,2026.0,1,1,0.0,0.00076371,0.00076371,0.0,7,7,0.0,0,0,0.0,0,0,0.0
corrected_vs_forced,12,0.3,2027.0,1,1,0.0,0.00083434,0.00083434,0.0,6,6,0.0,0,0,0.0,0,0,0.0
corrected_vs_forced,12,0.3,2028.0,1,1,0.0,0.00084675,0.00084675,0.0,6,6,0.0,0,0,0.0,0,0,0.0
corrected_vs_forced,120617,0.2,2026.0,1,1,0.0,0.02914778,0.02914778,0.0,1,1,0.0,0,0,0.0,0,0,0.0
corrected_vs_forced,120617,0.2,2027.0,1,1,0.0,0.02914778,0.02914778,0.0,1,1,0.0,0,0,0.0,0,0,0.0
corrected_vs_forced,120617,0.2,2028.0,1,1,0.0,0.02914778,0.02914778,0.0,1,1,0.0,0,0,0.0,0,0,0.0
corrected_vs_forced,120617,0.3,2026.0,1,1,0.0,0.06215323,0.06215323,0.0,3,3,0.0,0,0,0.0,0,0,0.0
corrected_vs_forced,120617,0.3,2027.0,1,1,0.0,0.04521775,0.05670117,-0.01148342,8,5,3.0,1,1,0.0,0,0,0.0
corrected_vs_forced,120617,0.3,2028.0,1,1,0.0,0.02914778,0.02914778,0.0,1,1,0.0,0,0,0.0,0,0,0.0
corrected_vs_forced,121089,0.2,2026.0,1,1,0.0,0.02945089,0.02945089,0.0,12,12,0.0,0,0,0.0,0,0,0.0
corrected_vs_forced,121089,0.2,2027.0,1,1,0.0,0.02260635,0.07487028,-0.05226393,14,15,-1.0,1,1,0.0,0,0,0.0
corrected_vs_forced,121089,0.2,2028.0,1,1,0.0,0.03848282,0.03848282,0.0,9,9,0.0,1,1,0.0,0,0,0.0
corrected_vs_forced,121089,0.3,2026.0,1,1,0.0,0.83647107,0.83647107,0.0,15,15,0.0,0,0,0.0,0,0,0.0
corrected_vs_forced,121089,0.3,2027.0,1,1,0.0,0.06139059,0.06139059,0.0,15,15,0.0,0,0,0.0,0,0,0.0
corrected_vs_forced,121089,0.3,2028.0,1,1,0.0,0.40932722,0.40932722,0.0,15,15,0.0,0,0,0.0,0,0,0.0
corrected_vs_forced,121262,0.2,2026.0,1,1,0.0,0.0069443,0.0069443,0.0,3,3,0.0,0,0,0.0,0,0,0.0
corrected_vs_forced,121262,0.2,2027.0,1,1,0.0,0.0069443,0.0069443,0.0,3,3,0.0,0,0,0.0,0,0,0.0
corrected_vs_forced,121262,0.2,2028.0,1,1,0.0,0.0069443,0.0069443,0.0,3,3,0.0,0,0,0.0,0,0,0.0
corrected_vs_forced,121262,0.3,2026.0,1,1,0.0,0.0069443,0.0069443,0.0,3,3,0.0,0,0,0.0,0,0,0.0
corrected_vs_forced,121262,0.3,2027.0,1,1,0.0,0.00983361,0.00983361,0.0,3,3,0.0,0,0,0.0,0,0,0.0
corrected_vs_forced,121262,0.3,2028.0,1,1,0.0,0.00902116,0.00902116,0.0,1,1,0.0,0,0,0.0,0,0,0.0
corrected_vs_forced,121307,0.2,2026.0,1,1,0.0,0.00105651,0.00105651,0.0,3,3,0.0,0,0,0.0,0,0,0.0
corrected_vs_forced,121307,0.2,2027.0,1,1,0.0,0.00105651,0.00105651,0.0,3,3,0.0,0,0,0.0,0,0,0.0
corrected_vs_forced,121307,0.2,2028.0,1,1,0.0,0.00205222,0.00205222,0.0,2,2,0.0,0,0,0.0,0,0,0.0
corrected_vs_forced,121307,0.3,2026.0,1,1,0.0,0.00112325,0.00112325,0.0,4,4,0.0,0,0,0.0,0,0,0.0
corrected_vs_forced,121307,0.3,2027.0,1,1,0.0,0.00229061,0.00229061,0.0,4,4,0.0,0,0,0.0,0,0,0.0
corrected_vs_forced,121307,0.3,2028.0,1,1,0.0,5.863e-05,5.863e-05,0.0,5,5,0.0,0,0,0.0,0,0,0.0
corrected_vs_forced,121385,0.2,2026.0,0,0,0.0,1.74025164,1.74025164,0.0,10,10,0.0,0,0,0.0,0,0,0.0
corrected_vs_forced,121385,0.2,2027.0,0,0,0.0,1.96952406,1.96856336,0.0009607,14,13,1.0,1,1,0.0,0,0,0.0
corrected_vs_forced,121385,0.2,2028.0,1,1,0.0,0.02414201,0.02414201,0.0,15,15,0.0,1,1,0.0,0,0,0.0
corrected_vs_forced,121385,0.3,2026.0,1,1,0.0,0.78424102,0.78424102,0.0,15,15,0.0,0,0,0.0,0,0,0.0
corrected_vs_forced,121385,0.3,2027.0,0,0,0.0,1.44600258,1.44600258,0.0,15,15,0.0,0,0,0.0,0,0,0.0
corrected_vs_forced,121385,0.3,2028.0,0,0,0.0,0.97831135,0.97831135,0.0,15,15,0.0,0,0,0.0,0,0,0.0
corrected_vs_forced,12181,0.2,2026.0,0,0,0.0,1.91431999,1.91431999,0.0,11,11,0.0,0,0,0.0,0,0,0.0
corrected_vs_forced,12181,0.2,2027.0,1,1,0.0,0.0272284,0.0272284,0.0,15,15,0.0,0,0,0.0,0,0,0.0
corrected_vs_forced,12181,0.2,2028.0,1,1,0.0,2.473e-05,0.00729315,-0.00726842,14,13,1.0,0,1,-1.0,0,1,-1.0
corrected_vs_forced,12181,0.3,2026.0,1,1,0.0,0.04995189,0.04995189,0.0,15,15,0.0,0,0,0.0,0,0,0.0
corrected_vs_forced,12181,0.3,2027.0,1,1,0.0,0.00644825,0.00644825,0.0,11,11,0.0,0,0,0.0,0,0,0.0
corrected_vs_forced,12181,0.3,2028.0,1,1,0.0,0.00494086,0.00494086,0.0,11,11,0.0,0,0,0.0,0,0,0.0
corrected_vs_forced,122570,0.2,2026.0,0,0,0.0,1.1414427,1.83858642,-0.69714372,15,14,1.0,0,1,-1.0,0,0,0.0
corrected_vs_forced,122570,0.2,2027.0,0,0,0.0,0.93814858,0.93814858,0.0,15,15,0.0,0,0,0.0,0,0,0.0
corrected_vs_forced,122570,0.2,2028.0,0,0,0.0,1.90989662,1.90989662,0.0,8,8,0.0,0,0,0.0,0,0,0.0
corrected_vs_forced,122570,0.3,2026.0,1,1,0.0,0.01226421,0.01226421,0.0,8,8,0.0,1,1,0.0,1,1,0.0
corrected_vs_forced,122570,0.3,2027.0,0,0,0.0,1.34959645,1.34959645,0.0,15,15,0.0,0,0,0.0,0,0,0.0
corrected_vs_forced,122570,0.3,2028.0,0,0,0.0,0.99865041,0.99865041,0.0,15,15,0.0,0,0,0.0,0,0,0.0
corrected_vs_forced,122931,0.2,2026.0,1,1,0.0,0.05584783,0.05584783,0.0,15,15,0.0,1,1,0.0,0,0,0.0
corrected_vs_forced,122931,0.2,2027.0,1,1,0.0,0.00162505,0.13173536,-0.13011031,15,15,0.0,0,1,-1.0,0,1,-1.0
corrected_vs_forced,122931,0.2,2028.0,0,0,0.0,0.97486369,0.97486369,0.0,15,15,0.0,0,0,0.0,0,0,0.0
corrected_vs_forced,122931,0.3,2026.0,0,0,0.0,1.09592833,1.09592833,0.0,15,15,0.0,0,0,0.0,0,0,0.0
corrected_vs_forced,122931,0.3,2027.0,1,1,0.0,0.63125868,0.63125868,0.0,15,15,0.0,0,0,0.0,0,0,0.0
corrected_vs_forced,122931,0.3,2028.0,0,0,0.0,0.94491592,0.94491592,0.0,15,15,0.0,0,0,0.0,0,0,0.0
corrected_vs_forced,123544,0.2,2026.0,1,1,0.0,0.00773566,0.00773566,0.0,13,14,-1.0,0,1,-1.0,0,1,-1.0
corrected_vs_forced,123544,0.2,2027.0,1,1,0.0,0.03106747,0.04035951,-0.00929204,10,7,3.0,1,1,0.0,0,1,-1.0
corrected_vs_forced,123544,0.2,2028.0,1,1,0.0,0.00208522,0.03344012,-0.0313549,9,8,1.0,0,1,-1.0,0,1,-1.0
corrected_vs_forced,123544,0.3,2026.0,1,1,0.0,0.00313447,0.00313447,0.0,8,9,-1.0,0,1,-1.0,0,1,-1.0
corrected_vs_forced,123544,0.3,2027.0,1,1,0.0,0.00859761,0.00859761,0.0,6,6,0.0,0,0,0.0,0,0,0.0
corrected_vs_forced,123544,0.3,2028.0,0,0,0.0,1.92877693,1.92877693,0.0,7,7,0.0,0,0,0.0,0,0,0.0
corrected_vs_forced,12377,0.2,2026.0,1,1,0.0,0.0017767,0.0017767,0.0,4,4,0.0,0,0,0.0,0,0,0.0
corrected_vs_forced,12377,0.2,2027.0,1,1,0.0,0.00010413,0.00010413,0.0,4,4,0.0,0,0,0.0,0,0,0.0
corrected_vs_forced,12377,0.2,2028.0,1,1,0.0,0.00010413,0.00010413,0.0,4,4,0.0,0,0,0.0,0,0,0.0
corrected_vs_forced,12377,0.3,2026.0,1,1,0.0,0.0001042,0.0001042,0.0,5,5,0.0,0,0,0.0,0,0,0.0
corrected_vs_forced,12377,0.3,2027.0,1,1,0.0,7.193e-05,7.193e-05,0.0,9,9,0.0,1,1,0.0,0,0,0.0
corrected_vs_forced,12377,0.3,2028.0,1,1,0.0,0.00177324,0.00177324,0.0,4,4,0.0,0,0,0.0,0,0,0.0
corrected_vs_forced,123781,0.2,2026.0,1,1,0.0,0.01568953,0.01568953,0.0,9,9,0.0,0,0,0.0,0,0,0.0
corrected_vs_forced,123781,0.2,2027.0,1,1,0.0,0.01568953,0.01568953,0.0,9,9,0.0,0,0,0.0,0,0,0.0
corrected_vs_forced,123781,0.2,2028.0,1,1,0.0,0.01243013,0.01243013,0.0,9,9,0.0,0,0,0.0,0,0,0.0
corrected_vs_forced,123781,0.3,2026.0,0,0,0.0,1.97502522,1.97502522,0.0,6,6,0.0,0,0,0.0,0,0,0.0
corrected_vs_forced,123781,0.3,2027.0,1,1,0.0,0.75585728,0.75585728,0.0,15,15,0.0,0,0,0.0,0,0,0.0
corrected_vs_forced,123781,0.3,2028.0,0,0,0.0,0.90887824,0.90887824,0.0,15,15,0.0,0,0,0.0,0,0,0.0
corrected_vs_forced,123939,0.2,2026.0,1,1,0.0,0.02186933,0.02186933,0.0,2,2,0.0,0,0,0.0,0,0,0.0
corrected_vs_forced,123939,0.2,2027.0,1,1,0.0,0.01853659,0.01853659,0.0,1,1,0.0,0,0,0.0,0,0,0.0
corrected_vs_forced,123939,0.2,2028.0,1,1,0.0,0.02186933,0.02186933,0.0,2,2,0.0,0,0,0.0,0,0,0.0
corrected_vs_forced,123939,0.3,2026.0,1,1,0.0,0.01853659,0.01853659,0.0,1,1,0.0,0,0,0.0,0,0,0.0
corrected_vs_forced,123939,0.3,2027.0,1,1,0.0,0.02186933,0.02186933,0.0,2,2,0.0,0,0,0.0,0,0,0.0
corrected_vs_forced,123939,0.3,2028.0,1,1,0.0,0.01853659,0.01853659,0.0,1,1,0.0,0,0,0.0,0,0,0.0
corrected_vs_forced,125147,0.2,2026.0,1,1,0.0,0.00811615,0.00811615,0.0,15,15,0.0,0,0,0.0,0,0,0.0
corrected_vs_forced,125147,0.2,2027.0,1,1,0.0,0.0079426,0.0079426,0.0,13,13,0.0,0,0,0.0,0,0,0.0
corrected_vs_forced,125147,0.2,2028.0,1,1,0.0,0.00072652,0.00072652,0.0,11,11,0.0,0,0,0.0,0,0,0.0
corrected_vs_forced,125147,0.3,2026.0,1,1,0.0,0.0056119,0.0056119,0.0,11,11,0.0,0,0,0.0,0,0,0.0
corrected_vs_forced,125147,0.3,2027.0,0,0,0.0,1.50920509,1.50920509,0.0,15,15,0.0,0,0,0.0,0,0,0.0
corrected_vs_forced,125147,0.3,2028.0,1,1,0.0,0.0056119,0.0056119,0.0,12,12,0.0,1,1,0.0,0,0,0.0
corrected_vs_forced,12568,0.2,2026.0,1,1,0.0,0.00810963,0.00810963,0.0,10,10,0.0,0,0,0.0,0,0,0.0
corrected_vs_forced,12568,0.2,2027.0,1,1,0.0,0.07484476,0.07484476,0.0,5,5,0.0,0,0,0.0,0,0,0.0
corrected_vs_forced,12568,0.2,2028.0,1,1,0.0,0.07484476,0.07484476,0.0,5,5,0.0,0,0,0.0,0,0,0.0
corrected_vs_forced,12568,0.3,2026.0,0,0,0.0,1.21882195,1.21882195,0.0,15,15,0.0,0,0,0.0,0,0,0.0
corrected_vs_forced,12568,0.3,2027.0,1,1,0.0,0.04119806,0.05916761,-0.01796955,14,13,1.0,0,1,-1.0,0,1,-1.0
corrected_vs_forced,12568,0.3,2028.0,1,1,0.0,0.07484476,0.07484476,0.0,5,5,0.0,0,0,0.0,0,0,0.0
corrected_vs_forced,125795,0.2,2026.0,1,1,0.0,0.16684727,0.16684727,0.0,15,15,0.0,0,0,0.0,0,0,0.0
corrected_vs_forced,125795,0.2,2027.0,0,0,0.0,1.8560964,1.8560964,0.0,7,7,0.0,0,0,0.0,0,0,0.0
corrected_vs_forced,125795,0.2,2028.0,0,0,0.0,1.771102,1.771102,0.0,8,8,0.0,0,0,0.0,0,0,0.0
corrected_vs_forced,125795,0.3,2026.0,1,1,0.0,0.14559278,0.14559278,0.0,15,15,0.0,0,0,0.0,0,0,0.0
corrected_vs_forced,125795,0.3,2027.0,0,0,0.0,1.03646862,1.03646862,0.0,15,15,0.0,0,0,0.0,0,0,0.0
corrected_vs_forced,125795,0.3,2028.0,1,1,0.0,0.37027826,0.37027826,0.0,15,15,0.0,0,0,0.0,0,0,0.0
corrected_vs_forced,127331,0.2,2026.0,1,1,0.0,0.00015887,0.00015887,0.0,11,11,0.0,0,0,0.0,0,0,0.0
corrected_vs_forced,127331,0.2,2027.0,0,0,0.0,1.00553778,1.00553778,0.0,15,15,0.0,0,0,0.0,0,0,0.0
corrected_vs_forced,127331,0.2,2028.0,1,1,0.0,0.00309986,0.00309986,0.0,13,13,0.0,0,0,0.0,0,0,0.0
corrected_vs_forced,127331,0.3,2026.0,0,0,0.0,0.95196465,0.95196465,0.0,15,15,0.0,0,0,0.0,0,0,0.0
corrected_vs_forced,127331,0.3,2027.0,0,0,0.0,0.95932484,0.95932484,0.0,15,15,0.0,0,0,0.0,0,0,0.0
corrected_vs_forced,127331,0.3,2028.0,0,0,0.0,1.01660066,1.01660066,0.0,15,15,0.0,1,1,0.0,1,1,0.0
corrected_vs_forced,127360,0.2,2026.0,1,1,0.0,0.02648736,0.05535483,-0.02886747,12,11,1.0,1,1,0.0,0,0,0.0
corrected_vs_forced,127360,0.2,2027.0,0,0,0.0,1.84911114,1.84911114,0.0,4,4,0.0,0,0,0.0,0,0,0.0
corrected_vs_forced,127360,0.2,2028.0,1,1,0.0,0.03792336,0.03792336,0.0,10,10,0.0,0,0,0.0,0,0,0.0
corrected_vs_forced,127360,0.3,2026.0,0,0,0.0,0.9196956,0.9196956,0.0,15,15,0.0,1,1,0.0,1,1,0.0
corrected_vs_forced,127360,0.3,2027.0,0,0,0.0,1.05925773,1.05925773,0.0,15,15,0.0,0,0,0.0,0,0,0.0
corrected_vs_forced,127360,0.3,2028.0,1,1,0.0,0.20741752,0.20741752,0.0,15,15,0.0,0,0,0.0,0,0,0.0
corrected_vs_forced,128863,0.2,2026.0,1,1,0.0,0.00751437,0.01693194,-0.00941757,15,15,0.0,0,1,-1.0,0,1,-1.0
corrected_vs_forced,128863,0.2,2027.0,1,1,0.0,0.10210833,0.10210833,0.0,15,15,0.0,1,1,0.0,1,1,0.0
corrected_vs_forced,128863,0.2,2028.0,1,1,0.0,0.00624961,0.02279207,-0.01654246,15,14,1.0,0,1,-1.0,0,1,-1.0
corrected_vs_forced,128863,0.3,2026.0,0,0,0.0,0.76209813,0.76209813,0.0,15,15,0.0,1,1,0.0,1,1,0.0
corrected_vs_forced,128863,0.3,2027.0,0,0,0.0,1.19809984,1.19809984,0.0,15,15,0.0,0,0,0.0,0,0,0.0
corrected_vs_forced,128863,0.3,2028.0,0,0,0.0,0.9090456,0.9090456,0.0,15,15,0.0,0,0,0.0,0,0,0.0
corrected_vs_forced,130463,0.2,2026.0,1,1,0.0,0.00456193,0.00456193,0.0,13,13,0.0,0,0,0.0,0,0,0.0
corrected_vs_forced,130463,0.2,2027.0,0,0,0.0,1.8639625,1.8639625,0.0,9,9,0.0,1,1,0.0,1,1,0.0
corrected_vs_forced,130463,0.2,2028.0,1,1,0.0,0.00239556,0.00239556,0.0,6,6,0.0,0,0,0.0,0,0,0.0
corrected_vs_forced,130463,0.3,2026.0,0,0,0.0,1.05332226,1.05332226,0.0,15,15,0.0,0,0,0.0,0,0,0.0
corrected_vs_forced,130463,0.3,2027.0,1,1,0.0,0.00239556,0.00239556,0.0,6,6,0.0,0,0,0.0,0,0,0.0
corrected_vs_forced,130463,0.3,2028.0,1,1,0.0,0.00015062,0.00015062,0.0,11,11,0.0,0,0,0.0,0,0,0.0
corrected_vs_forced,130883,0.2,2026.0,0,0,0.0,0.91243986,0.91243986,0.0,15,15,0.0,0,0,0.0,0,0,0.0
corrected_vs_forced,130883,0.2,2027.0,1,1,0.0,0.0003729,0.01043493,-0.01006203,15,13,2.0,0,1,-1.0,0,1,-1.0
corrected_vs_forced,130883,0.2,2028.0,0,0,0.0,1.03713284,1.03713284,0.0,15,15,0.0,1,1,0.0,1,1,0.0
corrected_vs_forced,130883,0.3,2026.0,1,1,0.0,0.00055212,0.00040828,0.00014384,10,10,0.0,0,1,-1.0,0,1,-1.0
corrected_vs_forced,130883,0.3,2027.0,1,1,0.0,0.00047951,0.00021997,0.00025954,8,8,0.0,0,1,-1.0,0,1,-1.0
corrected_vs_forced,130883,0.3,2028.0,0,0,0.0,1.79616677,1.79616677,0.0,3,3,0.0,0,0,0.0,0,0,0.0
corrected_vs_forced,131225,0.2,2026.0,1,1,0.0,0.01297555,0.01297555,0.0,1,1,0.0,0,0,0.0,0,0,0.0
corrected_vs_forced,131225,0.2,2027.0,0,0,0.0,1.01089834,1.01089834,0.0,15,15,0.0,0,0,0.0,0,0,0.0
corrected_vs_forced,131225,0.2,2028.0,1,1,0.0,0.0014897,0.0014897,0.0,8,8,0.0,0,0,0.0,0,0,0.0
corrected_vs_forced,131225,0.3,2026.0,1,1,0.0,0.00088228,0.00088228,0.0,10,10,0.0,0,0,0.0,0,0,0.0
corrected_vs_forced,131225,0.3,2027.0,0,0,0.0,1.08423959,1.08423959,0.0,15,15,0.0,1,1,0.0,1,1,0.0
corrected_vs_forced,131225,0.3,2028.0,1,1,0.0,0.00097736,0.00097736,0.0,12,12,0.0,0,0,0.0,0,0,0.0
corrected_vs_forced,131349,0.2,2026.0,0,1,-1.0,0.80305257,0.05084589,0.75220668,15,15,0.0,0,1,-1.0,0,0,0.0
corrected_vs_forced,131349,0.2,2027.0,0,0,0.0,1.86061762,1.86061762,0.0,8,8,0.0,0,0,0.0,0,0,0.0
corrected_vs_forced,131349,0.2,2028.0,0,0,0.0,0.65718506,0.65718506,0.0,15,15,0.0,0,0,0.0,0,0,0.0
corrected_vs_forced,131349,0.3,2026.0,0,0,0.0,0.80264464,0.80264464,0.0,15,15,0.0,0,0,0.0,0,0,0.0
corrected_vs_forced,131349,0.3,2027.0,0,0,0.0,0.80110602,0.80110602,0.0,15,15,0.0,0,0,0.0,0,0,0.0
corrected_vs_forced,131349,0.3,2028.0,0,0,0.0,1.96191179,1.96191179,0.0,7,7,0.0,0,0,0.0,0,0,0.0
corrected_vs_forced,132277,0.2,2026.0,1,1,0.0,0.00982864,0.00982864,0.0,11,11,0.0,0,0,0.0,0,0,0.0
corrected_vs_forced,132277,0.2,2027.0,0,0,0.0,0.75457015,0.75457015,0.0,15,15,0.0,1,1,0.0,1,1,0.0
corrected_vs_forced,132277,0.2,2028.0,0,0,0.0,1.56743818,1.56743818,0.0,7,7,0.0,0,0,0.0,0,0,0.0
corrected_vs_forced,132277,0.3,2026.0,0,0,0.0,1.91301864,1.84134082,0.07167782,13,13,0.0,0,1,-1.0,0,1,-1.0
corrected_vs_forced,132277,0.3,2027.0,0,0,0.0,1.56743818,1.56743818,0.0,7,7,0.0,0,0,0.0,0,0,0.0
corrected_vs_forced,132277,0.3,2028.0,1,1,0.0,0.54455008,0.54455008,0.0,15,15,0.0,0,0,0.0,0,0,0.0
corrected_vs_forced,13229,0.2,2026.0,0,0,0.0,1.01630567,1.01630567,0.0,15,15,0.0,0,0,0.0,0,0,0.0
corrected_vs_forced,13229,0.2,2027.0,1,1,0.0,0.00776159,0.00776159,0.0,15,15,0.0,0,0,0.0,0,0,0.0
corrected_vs_forced,13229,0.2,2028.0,1,1,0.0,0.51466067,0.51466067,0.0,15,15,0.0,0,0,0.0,0,0,0.0
corrected_vs_forced,13229,0.3,2026.0,1,1,0.0,0.00075333,0.00544982,-0.00469649,11,11,0.0,0,1,-1.0,0,1,-1.0
corrected_vs_forced,13229,0.3,2027.0,0,0,0.0,1.05942344,1.05942344,0.0,15,15,0.0,0,0,0.0,0,0,0.0
corrected_vs_forced,13229,0.3,2028.0,1,1,0.0,0.00102507,0.00102507,0.0,10,10,0.0,0,0,0.0,0,0,0.0
corrected_vs_forced,13849,0.2,2026.0,1,1,0.0,0.00070501,0.00053959,0.00016542,6,5,1.0,0,1,-1.0,0,0,0.0
corrected_vs_forced,13849,0.2,2027.0,1,1,0.0,0.00049251,0.00049251,0.0,4,4,0.0,0,0,0.0,0,0,0.0
corrected_vs_forced,13849,0.2,2028.0,1,1,0.0,0.00057452,0.00057452,0.0,2,2,0.0,0,0,0.0,0,0,0.0
corrected_vs_forced,13849,0.3,2026.0,1,1,0.0,0.00057452,0.00057452,0.0,2,2,0.0,0,0,0.0,0,0,0.0
corrected_vs_forced,13849,0.3,2027.0,1,1,0.0,0.00069116,0.00069116,0.0,4,4,0.0,0,0,0.0,0,0,0.0
corrected_vs_forced,13849,0.3,2028.0,1,1,0.0,0.00057452,0.00057452,0.0,2,2,0.0,0,0,0.0,0,0,0.0
corrected_vs_forced,14061,0.2,2026.0,1,1,0.0,0.00057511,0.00057511,0.0,5,5,0.0,0,0,0.0,0,0,0.0
corrected_vs_forced,14061,0.2,2027.0,1,1,0.0,0.00071958,0.00071958,0.0,8,8,0.0,1,1,0.0,0,0,0.0
corrected_vs_forced,14061,0.2,2028.0,1,1,0.0,0.00104586,0.00104586,0.0,6,6,0.0,0,0,0.0,0,0,0.0
corrected_vs_forced,14061,0.3,2026.0,0,0,0.0,1.94531032,1.94531032,0.0,8,8,0.0,1,1,0.0,1,1,0.0
corrected_vs_forced,14061,0.3,2027.0,1,1,0.0,0.00041813,0.00041813,0.0,5,5,0.0,0,0,0.0,0,0,0.0
corrected_vs_forced,14061,0.3,2028.0,1,1,0.0,0.00030235,0.00030235,0.0,7,7,0.0,0,0,0.0,0,0,0.0
corrected_vs_forced,15856,0.2,2026.0,1,1,0.0,0.00064164,0.02506692,-0.02442528,7,6,1.0,0,1,-1.0,0,1,-1.0
corrected_vs_forced,15856,0.2,2027.0,1,1,0.0,0.00064164,0.02506692,-0.02442528,7,6,1.0,0,1,-1.0,0,1,-1.0
corrected_vs_forced,15856,0.2,2028.0,1,1,0.0,0.00011546,0.00011546,0.0,7,7,0.0,0,0,0.0,0,0,0.0
corrected_vs_forced,15856,0.3,2026.0,1,1,0.0,0.00010388,0.02588598,-0.0257821,7,7,0.0,0,1,-1.0,0,1,-1.0
corrected_vs_forced,15856,0.3,2027.0,1,1,0.0,0.00018968,0.00018968,0.0,5,5,0.0,0,0,0.0,0,0,0.0
corrected_vs_forced,15856,0.3,2028.0,1,1,0.0,0.00149283,0.00149283,0.0,6,6,0.0,0,0,0.0,0,0,0.0
corrected_vs_forced,16418,0.2,2026.0,1,1,0.0,0.02062172,0.02062172,0.0,10,10,0.0,0,0,0.0,0,0,0.0
corrected_vs_forced,16418,0.2,2027.0,1,1,0.0,0.0047234,0.0047234,0.0,11,11,0.0,0,0,0.0,0,0,0.0
corrected_vs_forced,16418,0.2,2028.0,1,1,0.0,0.04505873,0.04505873,0.0,12,12,0.0,1,1,0.0,0,0,0.0
corrected_vs_forced,16418,0.3,2026.0,1,1,0.0,0.00890294,0.00200735,0.00689559,12,12,0.0,0,1,-1.0,0,1,-1.0
corrected_vs_forced,16418,0.3,2027.0,1,1,0.0,0.00066889,0.00531271,-0.00464382,11,11,0.0,0,1,-1.0,0,1,-1.0
corrected_vs_forced,16418,0.3,2028.0,1,1,0.0,0.00138024,0.03766468,-0.03628444,12,12,0.0,0,1,-1.0,0,1,-1.0
corrected_vs_forced,1651,0.2,2026.0,1,1,0.0,0.0118262,0.0118262,0.0,6,6,0.0,1,1,0.0,0,0,0.0
corrected_vs_forced,1651,0.2,2027.0,1,1,0.0,0.20144846,0.05962783,0.14182063,15,15,0.0,0,1,-1.0,0,1,-1.0
corrected_vs_forced,1651,0.2,2028.0,1,1,0.0,0.01325455,0.01325455,0.0,7,7,0.0,1,1,0.0,0,0,0.0
corrected_vs_forced,1651,0.3,2026.0,1,1,0.0,0.90294875,0.90294875,0.0,15,15,0.0,0,0,0.0,0,0,0.0
corrected_vs_forced,1651,0.3,2027.0,1,1,0.0,0.01689809,0.01689809,0.0,3,3,0.0,0,0,0.0,0,0,0.0
corrected_vs_forced,1651,0.3,2028.0,1,1,0.0,0.01689809,0.01689809,0.0,3,3,0.0,0,0,0.0,0,0,0.0
corrected_vs_forced,17404,0.2,2026.0,1,1,0.0,0.02427328,0.02427328,0.0,3,3,0.0,0,0,0.0,0,0,0.0
corrected_vs_forced,17404,0.2,2027.0,1,1,0.0,0.02153556,0.02153556,0.0,3,3,0.0,0,0,0.0,0,0,0.0
corrected_vs_forced,17404,0.2,2028.0,1,1,0.0,0.01514424,0.01514424,0.0,2,2,0.0,0,0,0.0,0,0,0.0
corrected_vs_forced,17404,0.3,2026.0,1,1,0.0,0.00216557,0.00216557,0.0,12,12,0.0,1,1,0.0,0,0,0.0
corrected_vs_forced,17404,0.3,2027.0,1,1,0.0,0.01514424,0.01514424,0.0,2,2,0.0,0,0,0.0,0,0,0.0
corrected_vs_forced,17404,0.3,2028.0,1,1,0.0,0.01514424,0.01514424,0.0,2,2,0.0,0,0,0.0,0,0,0.0
corrected_vs_forced,19706,0.2,2026.0,1,1,0.0,0.00314648,0.00314648,0.0,5,5,0.0,0,0,0.0,0,0,0.0
corrected_vs_forced,19706,0.2,2027.0,1,1,0.0,0.00049273,0.09919082,-0.09869809,13,15,-2.0,0,1,-1.0,0,1,-1.0
corrected_vs_forced,19706,0.2,2028.0,1,1,0.0,0.00070452,0.00070452,0.0,7,7,0.0,0,0,0.0,0,0,0.0
corrected_vs_forced,19706,0.3,2026.0,1,1,0.0,0.00314876,0.00910974,-0.00596098,11,10,1.0,0,1,-1.0,0,0,0.0
corrected_vs_forced,19706,0.3,2027.0,1,1,0.0,0.00314648,0.00314648,0.0,5,5,0.0,0,0,0.0,0,0,0.0
corrected_vs_forced,19706,0.3,2028.0,0,1,-1.0,0.59225056,0.00514018,0.58711038,15,12,3.0,0,1,-1.0,0,0,0.0
corrected_vs_forced,20485,0.2,2026.0,1,1,0.0,0.05021262,0.05021262,0.0,15,15,0.0,0,0,0.0,0,0,0.0
corrected_vs_forced,20485,0.2,2027.0,1,1,0.0,0.00271204,0.00271204,0.0,11,11,0.0,0,0,0.0,0,0,0.0
corrected_vs_forced,20485,0.2,2028.0,0,0,0.0,1.28623644,1.28623644,0.0,15,15,0.0,0,0,0.0,0,0,0.0
corrected_vs_forced,20485,0.3,2026.0,1,1,0.0,0.77009848,0.77009848,0.0,15,15,0.0,0,0,0.0,0,0,0.0
corrected_vs_forced,20485,0.3,2027.0,1,1,0.0,0.01000151,0.01000151,0.0,13,13,0.0,0,0,0.0,0,0,0.0
corrected_vs_forced,20485,0.3,2028.0,1,1,0.0,0.21963038,0.21963038,0.0,15,15,0.0,0,0,0.0,0,0,0.0
corrected_vs_forced,20624,0.2,2026.0,1,1,0.0,0.01230917,0.01230917,0.0,4,4,0.0,0,0,0.0,0,0,0.0
corrected_vs_forced,20624,0.2,2027.0,1,1,0.0,0.00526281,0.00526281,0.0,3,3,0.0,0,0,0.0,0,0,0.0
corrected_vs_forced,20624,0.2,2028.0,1,1,0.0,0.01230917,0.01230917,0.0,4,4,0.0,0,0,0.0,0,0,0.0
corrected_vs_forced,20624,0.3,2026.0,1,1,0.0,0.00125758,0.00125758,0.0,4,4,0.0,0,0,0.0,0,0,0.0
corrected_vs_forced,20624,0.3,2027.0,1,1,0.0,0.00526281,0.00526281,0.0,3,3,0.0,0,0,0.0,0,0,0.0
corrected_vs_forced,20624,0.3,2028.0,1,1,0.0,0.00169739,0.00169739,0.0,3,3,0.0,0,0,0.0,0,0,0.0
corrected_vs_forced,20761,0.2,2026.0,1,1,0.0,0.00124959,0.03083366,-0.02958407,7,6,1.0,0,0,0.0,0,0,0.0
corrected_vs_forced,20761,0.2,2027.0,0,0,0.0,1.73350003,1.73350003,0.0,8,8,0.0,0,0,0.0,0,0,0.0
corrected_vs_forced,20761,0.2,2028.0,1,1,0.0,0.39382973,0.33434927,0.05948046,15,12,3.0,1,1,0.0,1,1,0.0
corrected_vs_forced,20761,0.3,2026.0,1,1,0.0,0.39237262,0.33434927,0.05802335,15,12,3.0,1,1,0.0,1,1,0.0
corrected_vs_forced,20761,0.3,2027.0,0,0,0.0,1.60451454,1.60451454,0.0,9,9,0.0,0,0,0.0,0,0,0.0
corrected_vs_forced,20761,0.3,2028.0,0,0,0.0,1.16200617,1.16200617,0.0,15,15,0.0,0,0,0.0,0,0,0.0
corrected_vs_forced,20791,0.2,2026.0,1,1,0.0,0.15641499,0.02285137,0.13356362,15,12,3.0,1,1,0.0,0,1,-1.0
corrected_vs_forced,20791,0.2,2027.0,1,1,0.0,0.00733663,0.01522931,-0.00789268,5,5,0.0,0,1,-1.0,0,1,-1.0
corrected_vs_forced,20791,0.2,2028.0,1,1,0.0,0.00089737,0.02600378,-0.02510641,7,7,0.0,0,1,-1.0,0,1,-1.0
corrected_vs_forced,20791,0.3,2026.0,1,1,0.0,0.00902116,0.00902116,0.0,1,1,0.0,0,0,0.0,0,0,0.0
corrected_vs_forced,20791,0.3,2027.0,1,1,0.0,0.00037419,0.01522931,-0.01485512,6,5,1.0,0,1,-1.0,0,1,-1.0
corrected_vs_forced,20791,0.3,2028.0,1,1,0.0,0.00089737,0.02600378,-0.02510641,7,7,0.0,0,1,-1.0,0,1,-1.0
corrected_vs_forced,20855,0.2,2026.0,0,0,0.0,1.90586226,1.90586226,0.0,4,4,0.0,0,0,0.0,0,0,0.0
corrected_vs_forced,20855,0.2,2027.0,1,1,0.0,0.00287048,0.00287048,0.0,5,5,0.0,0,0,0.0,0,0,0.0
corrected_vs_forced,20855,0.2,2028.0,1,1,0.0,0.00142454,0.00142454,0.0,7,7,0.0,1,1,0.0,1,1,0.0
corrected_vs_forced,20855,0.3,2026.0,1,1,0.0,0.00275686,0.00275686,0.0,8,8,0.0,0,0,0.0,0,0,0.0
corrected_vs_forced,20855,0.3,2027.0,1,1,0.0,0.00353501,0.00353501,0.0,6,6,0.0,0,0,0.0,0,0,0.0
corrected_vs_forced,20855,0.3,2028.0,1,1,0.0,0.0194776,0.0194776,0.0,5,5,0.0,0,0,0.0,0,0,0.0
corrected_vs_forced,21,0.2,2026.0,1,1,0.0,0.01340021,0.06958252,-0.05618231,13,9,4.0,0,1,-1.0,0,0,0.0
corrected_vs_forced,21,0.2,2027.0,1,1,0.0,0.03524856,0.03524856,0.0,1,1,0.0,0,0,0.0,0,0,0.0
corrected_vs_forced,21,0.2,2028.0,1,1,0.0,0.08082303,0.11107241,-0.03024938,15,15,0.0,0,1,-1.0,0,1,-1.0
corrected_vs_forced,21,0.3,2026.0,1,1,0.0,0.02074077,0.03246828,-0.01172751,15,15,0.0,0,1,-1.0,0,1,-1.0
corrected_vs_forced,21,0.3,2027.0,1,1,0.0,0.03845694,0.03845694,0.0,4,4,0.0,0,0,0.0,0,0,0.0
corrected_vs_forced,21,0.3,2028.0,1,1,0.0,0.19668308,0.08805323,0.10862985,15,15,0.0,1,1,0.0,0,0,0.0
corrected_vs_forced,21018,0.2,2026.0,1,1,0.0,0.00913542,0.00913542,0.0,7,7,0.0,0,0,0.0,0,0,0.0
corrected_vs_forced,21018,0.2,2027.0,1,1,0.0,0.01455778,0.01137233,0.00318545,15,15,0.0,0,1,-1.0,0,0,0.0
corrected_vs_forced,21018,0.2,2028.0,1,1,0.0,0.00231231,0.00231231,0.0,7,7,0.0,0,0,0.0,0,0,0.0
corrected_vs_forced,21018,0.3,2026.0,1,1,0.0,0.00913542,0.00913542,0.0,7,7,0.0,0,0,0.0,0,0,0.0
corrected_vs_forced,21018,0.3,2027.0,1,1,0.0,0.00072181,0.00072181,0.0,15,15,0.0,0,0,0.0,0,0,0.0
corrected_vs_forced,21018,0.3,2028.0,1,1,0.0,0.00761035,0.0008788,0.00673155,10,10,0.0,0,1,-1.0,0,0,0.0
corrected_vs_forced,217,0.2,2026.0,1,1,0.0,0.00974915,0.00974915,0.0,4,4,0.0,0,0,0.0,0,0,0.0
corrected_vs_forced,217,0.2,2027.0,1,1,0.0,0.00274174,0.00274174,0.0,8,8,0.0,0,0,0.0,0,0,0.0
corrected_vs_forced,217,0.2,2028.0,1,1,0.0,0.00290223,0.00290223,0.0,5,5,0.0,0,0,0.0,0,0,0.0
corrected_vs_forced,217,0.3,2026.0,0,0,0.0,1.70261533,1.70261533,0.0,6,6,0.0,0,0,0.0,0,0,0.0
corrected_vs_forced,217,0.3,2027.0,1,1,0.0,0.00379059,0.00379059,0.0,3,3,0.0,0,0,0.0,0,0,0.0
corrected_vs_forced,217,0.3,2028.0,1,1,0.0,0.00024971,0.00024971,0.0,3,3,0.0,0,0,0.0,0,0,0.0
corrected_vs_forced,22238,0.2,2026.0,1,1,0.0,0.02595677,0.02595677,0.0,11,11,0.0,0,0,0.0,0,0,0.0
corrected_vs_forced,22238,0.2,2027.0,0,0,0.0,1.86949728,1.86949728,0.0,8,8,0.0,1,1,0.0,1,1,0.0
corrected_vs_forced,22238,0.2,2028.0,1,1,0.0,0.27666933,0.27666933,0.0,15,15,0.0,0,0,0.0,0,0,0.0
corrected_vs_forced,22238,0.3,2026.0,0,0,0.0,1.90366537,1.90366537,0.0,12,12,0.0,0,0,0.0,0,0,0.0
corrected_vs_forced,22238,0.3,2027.0,1,1,0.0,0.00023404,0.00023404,0.0,14,14,0.0,0,0,0.0,0,0,0.0
corrected_vs_forced,22238,0.3,2028.0,0,0,0.0,1.88931595,1.88931595,0.0,3,3,0.0,0,0,0.0,0,0,0.0
corrected_vs_forced,22391,0.2,2026.0,1,1,0.0,0.0045091,0.0045091,0.0,8,8,0.0,0,0,0.0,0,0,0.0
corrected_vs_forced,22391,0.2,2027.0,1,1,0.0,0.00426122,0.00426122,0.0,8,8,0.0,0,0,0.0,0,0,0.0
corrected_vs_forced,22391,0.2,2028.0,1,1,0.0,0.00286614,0.00286614,0.0,11,11,0.0,1,1,0.0,0,0,0.0
corrected_vs_forced,22391,0.3,2026.0,1,1,0.0,0.00060552,0.00060552,0.0,8,8,0.0,0,0,0.0,0,0,0.0
corrected_vs_forced,22391,0.3,2027.0,1,1,0.0,0.00510884,0.00510884,0.0,14,14,0.0,0,0,0.0,0,0,0.0
corrected_vs_forced,22391,0.3,2028.0,0,0,0.0,1.88211048,1.88211048,0.0,5,5,0.0,0,0,0.0,0,0,0.0
corrected_vs_forced,23837,0.2,2026.0,1,1,0.0,0.00074876,0.00074876,0.0,6,6,0.0,0,0,0.0,0,0,0.0
corrected_vs_forced,23837,0.2,2027.0,1,1,0.0,0.00074876,0.00074876,0.0,6,6,0.0,0,0,0.0,0,0,0.0
corrected_vs_forced,23837,0.2,2028.0,1,1,0.0,0.00117024,0.00117024,0.0,3,3,0.0,0,0,0.0,0,0,0.0
corrected_vs_forced,23837,0.3,2026.0,1,1,0.0,0.0021852,0.0021852,0.0,2,2,0.0,0,0,0.0,0,0,0.0
corrected_vs_forced,23837,0.3,2027.0,1,1,0.0,0.0021852,0.0021852,0.0,2,2,0.0,0,0,0.0,0,0,0.0
corrected_vs_forced,23837,0.3,2028.0,1,1,0.0,0.0021852,0.0021852,0.0,2,2,0.0,0,0,0.0,0,0,0.0
corrected_vs_forced,25573,0.2,2026.0,1,1,0.0,0.00080057,0.00080057,0.0,3,3,0.0,0,0,0.0,0,0,0.0
corrected_vs_forced,25573,0.2,2027.0,1,1,0.0,0.00035007,0.00035007,0.0,3,3,0.0,0,0,0.0,0,0,0.0
corrected_vs_forced,25573,0.2,2028.0,1,1,0.0,0.00035007,0.00035007,0.0,3,3,0.0,0,0,0.0,0,0,0.0
corrected_vs_forced,25573,0.3,2026.0,1,1,0.0,0.00135728,0.00135728,0.0,4,4,0.0,0,0,0.0,0,0,0.0
corrected_vs_forced,25573,0.3,2027.0,1,1,0.0,0.00035007,0.00035007,0.0,3,3,0.0,0,0,0.0,0,0,0.0
corrected_vs_forced,25573,0.3,2028.0,1,1,0.0,0.00080057,0.00080057,0.0,3,3,0.0,0,0,0.0,0,0,0.0
corrected_vs_forced,2586,0.2,2026.0,1,1,0.0,0.00111149,0.00111149,0.0,9,9,0.0,0,0,0.0,0,0,0.0
corrected_vs_forced,2586,0.2,2027.0,0,0,0.0,1.05019178,1.05019178,0.0,15,15,0.0,0,0,0.0,0,0,0.0
corrected_vs_forced,2586,0.2,2028.0,0,0,0.0,1.05014125,1.05014125,0.0,15,15,0.0,0,0,0.0,0,0,0.0
corrected_vs_forced,2586,0.3,2026.0,0,0,0.0,1.02556391,1.02556391,0.0,15,15,0.0,0,0,0.0,0,0,0.0
corrected_vs_forced,2586,0.3,2027.0,0,0,0.0,1.05329805,1.05329805,0.0,15,15,0.0,0,0,0.0,0,0,0.0
corrected_vs_forced,2586,0.3,2028.0,1,1,0.0,0.01073684,0.01073684,0.0,12,12,0.0,1,1,0.0,1,1,0.0
corrected_vs_forced,26303,0.2,2026.0,1,1,0.0,0.00318987,0.00318987,0.0,2,2,0.0,0,0,0.0,0,0,0.0
corrected_vs_forced,26303,0.2,2027.0,1,1,0.0,0.00318987,0.00318987,0.0,2,2,0.0,0,0,0.0,0,0,0.0
corrected_vs_forced,26303,0.2,2028.0,1,1,0.0,0.00318987,0.00318987,0.0,2,2,0.0,0,0,0.0,0,0,0.0
corrected_vs_forced,26303,0.3,2026.0,1,1,0.0,0.00318987,0.00318987,0.0,2,2,0.0,0,0,0.0,0,0,0.0
corrected_vs_forced,26303,0.3,2027.0,1,1,0.0,0.00318987,0.00318987,0.0,2,2,0.0,0,0,0.0,0,0,0.0
corrected_vs_forced,26303,0.3,2028.0,1,1,0.0,0.00199785,0.00199785,0.0,5,5,0.0,1,1,0.0,0,0,0.0
corrected_vs_forced,26335,0.2,2026.0,1,1,0.0,0.03813038,0.03813038,0.0,1,1,0.0,0,0,0.0,0,0,0.0
corrected_vs_forced,26335,0.2,2027.0,1,1,0.0,0.03813038,0.03813038,0.0,1,1,0.0,0,0,0.0,0,0,0.0
corrected_vs_forced,26335,0.2,2028.0,1,1,0.0,0.70204204,0.70204204,0.0,15,15,0.0,0,0,0.0,0,0,0.0
corrected_vs_forced,26335,0.3,2026.0,1,1,0.0,0.03813038,0.03813038,0.0,1,1,0.0,0,0,0.0,0,0,0.0
corrected_vs_forced,26335,0.3,2027.0,1,1,0.0,0.03813038,0.03813038,0.0,1,1,0.0,0,0,0.0,0,0,0.0
corrected_vs_forced,26335,0.3,2028.0,0,0,0.0,0.92724895,0.92724895,0.0,15,15,0.0,0,0,0.0,0,0,0.0
corrected_vs_forced,27432,0.2,2026.0,1,1,0.0,0.00252307,0.01926745,-0.01674438,8,8,0.0,0,1,-1.0,0,1,-1.0
corrected_vs_forced,27432,0.2,2027.0,1,0,1.0,0.04795429,1.19927114,-1.15131685,15,15,0.0,1,1,0.0,0,1,-1.0
corrected_vs_forced,27432,0.2,2028.0,1,1,0.0,0.5465708,0.5465708,0.0,15,15,0.0,0,0,0.0,0,0,0.0
corrected_vs_forced,27432,0.3,2026.0,1,1,0.0,0.27087528,0.07707298,0.1938023,15,15,0.0,0,1,-1.0,0,1,-1.0
corrected_vs_forced,27432,0.3,2027.0,1,1,0.0,0.01196816,0.02883474,-0.01686658,15,13,2.0,0,1,-1.0,0,1,-1.0
corrected_vs_forced,27432,0.3,2028.0,0,0,0.0,1.08649392,1.08649392,0.0,15,15,0.0,0,0,0.0,0,0,0.0
corrected_vs_forced,27519,0.2,2026.0,0,0,0.0,0.6094707,0.6094707,0.0,15,15,0.0,0,0,0.0,0,0,0.0
corrected_vs_forced,27519,0.2,2027.0,0,0,0.0,1.01357212,1.01357212,0.0,15,15,0.0,0,0,0.0,0,0,0.0
corrected_vs_forced,27519,0.2,2028.0,0,0,0.0,1.05804589,1.05804589,0.0,15,15,0.0,0,0,0.0,0,0,0.0
corrected_vs_forced,27519,0.3,2026.0,0,0,0.0,1.23417173,1.23417173,0.0,15,15,0.0,1,1,0.0,1,1,0.0
corrected_vs_forced,27519,0.3,2027.0,1,1,0.0,0.1002769,0.1002769,0.0,15,15,0.0,0,0,0.0,0,0,0.0
corrected_vs_forced,27519,0.3,2028.0,0,0,0.0,0.82241219,0.82241219,0.0,15,15,0.0,0,0,0.0,0,0,0.0
corrected_vs_forced,27936,0.2,2026.0,1,1,0.0,0.03569194,0.03569194,0.0,9,9,0.0,1,1,0.0,1,1,0.0
corrected_vs_forced,27936,0.2,2027.0,0,0,0.0,0.9314013,0.9314013,0.0,15,15,0.0,0,0,0.0,0,0,0.0
corrected_vs_forced,27936,0.2,2028.0,0,0,0.0,1.72285743,1.72285743,0.0,8,8,0.0,0,0,0.0,0,0,0.0
corrected_vs_forced,27936,0.3,2026.0,0,0,0.0,0.98094234,1.00200215,-0.02105981,15,15,0.0,0,1,-1.0,0,1,-1.0
corrected_vs_forced,27936,0.3,2027.0,1,1,0.0,0.02309553,0.02309553,0.0,3,3,0.0,0,0,0.0,0,0,0.0
corrected_vs_forced,27936,0.3,2028.0,1,1,0.0,0.04774506,0.04774506,0.0,10,10,0.0,1,1,0.0,1,1,0.0
corrected_vs_forced,28316,0.2,2026.0,0,0,0.0,1.02873234,1.02873234,0.0,15,15,0.0,0,0,0.0,0,0,0.0
corrected_vs_forced,28316,0.2,2027.0,0,0,0.0,0.89948059,0.91506571,-0.01558512,15,15,0.0,0,1,-1.0,0,1,-1.0
corrected_vs_forced,28316,0.2,2028.0,0,0,0.0,1.0884546,1.0884546,0.0,15,15,0.0,0,0,0.0,0,0,0.0
corrected_vs_forced,28316,0.3,2026.0,0,0,0.0,0.98120544,0.98120544,0.0,15,15,0.0,0,0,0.0,0,0,0.0
corrected_vs_forced,28316,0.3,2027.0,0,0,0.0,1.34408314,1.34408314,0.0,15,15,0.0,0,0,0.0,0,0,0.0
corrected_vs_forced,28316,0.3,2028.0,1,1,0.0,0.00038321,0.00038321,0.0,15,15,0.0,0,0,0.0,0,0,0.0
corrected_vs_forced,28829,0.2,2026.0,1,1,0.0,0.01046296,0.01046296,0.0,1,1,0.0,0,0,0.0,0,0,0.0
corrected_vs_forced,28829,0.2,2027.0,1,1,0.0,0.00246021,0.00246021,0.0,3,3,0.0,0,0,0.0,0,0,0.0
corrected_vs_forced,28829,0.2,2028.0,1,1,0.0,0.01046296,0.01046296,0.0,1,1,0.0,0,0,0.0,0,0,0.0
corrected_vs_forced,28829,0.3,2026.0,1,1,0.0,0.01046296,0.01046296,0.0,1,1,0.0,0,0,0.0,0,0,0.0
corrected_vs_forced,28829,0.3,2027.0,1,1,0.0,0.01046296,0.01046296,0.0,1,1,0.0,0,0,0.0,0,0,0.0
corrected_vs_forced,28829,0.3,2028.0,1,1,0.0,0.01046296,0.01046296,0.0,1,1,0.0,0,0,0.0,0,0,0.0
corrected_vs_forced,28939,0.2,2026.0,1,1,0.0,0.00214413,0.00214413,0.0,2,2,0.0,0,0,0.0,0,0,0.0
corrected_vs_forced,28939,0.2,2027.0,1,1,0.0,0.00214413,0.00214413,0.0,2,2,0.0,0,0,0.0,0,0,0.0
corrected_vs_forced,28939,0.2,2028.0,1,1,0.0,0.02394788,0.02394788,0.0,3,3,0.0,0,0,0.0,0,0,0.0
corrected_vs_forced,28939,0.3,2026.0,0,0,0.0,1.01207032,1.01207032,0.0,15,15,0.0,0,0,0.0,0,0,0.0
corrected_vs_forced,28939,0.3,2027.0,1,1,0.0,0.02248366,0.02248366,0.0,4,4,0.0,0,0,0.0,0,0,0.0
corrected_vs_forced,28939,0.3,2028.0,1,1,0.0,0.01319288,0.01319288,0.0,3,3,0.0,0,0,0.0,0,0,0.0
corrected_vs_forced,297,0.2,2026.0,0,0,0.0,0.99655594,0.99655594,0.0,15,15,0.0,0,0,0.0,0,0,0.0
corrected_vs_forced,297,0.2,2027.0,1,1,0.0,0.00015535,0.00015535,0.0,7,7,0.0,0,0,0.0,0,0,0.0
corrected_vs_forced,297,0.2,2028.0,0,0,0.0,1.06723166,1.2657083,-0.19847664,15,15,0.0,0,1,-1.0,0,1,-1.0
corrected_vs_forced,297,0.3,2026.0,1,1,0.0,0.00071693,0.00071693,0.0,10,10,0.0,0,0,0.0,0,0,0.0
corrected_vs_forced,297,0.3,2027.0,1,1,0.0,0.00015535,0.00015535,0.0,7,7,0.0,0,0,0.0,0,0,0.0
corrected_vs_forced,297,0.3,2028.0,1,1,0.0,0.0004248,0.0004248,0.0,8,8,0.0,0,0,0.0,0,0,0.0
corrected_vs_forced,29740,0.2,2026.0,1,1,0.0,0.00981931,0.00981931,0.0,12,12,0.0,0,0,0.0,0,0,0.0
corrected_vs_forced,29740,0.2,2027.0,0,0,0.0,1.04335451,1.04335451,0.0,15,15,0.0,0,0,0.0,0,0,0.0
corrected_vs_forced,29740,0.2,2028.0,0,0,0.0,1.32846486,1.32846486,0.0,15,15,0.0,0,0,0.0,0,0,0.0
corrected_vs_forced,29740,0.3,2026.0,0,0,0.0,1.78622778,1.68532609,0.10090169,15,14,1.0,0,1,-1.0,0,1,-1.0
corrected_vs_forced,29740,0.3,2027.0,1,1,0.0,0.01767984,0.01767984,0.0,13,13,0.0,0,0,0.0,0,0,0.0
corrected_vs_forced,29740,0.3,2028.0,1,1,0.0,0.00265019,0.0095235,-0.00687331,10,10,0.0,0,1,-1.0,0,1,-1.0
corrected_vs_forced,298,0.2,2026.0,1,1,0.0,0.00024544,0.00024544,0.0,6,6,0.0,0,0,0.0,0,0,0.0
corrected_vs_forced,298,0.2,2027.0,1,1,0.0,0.00024544,0.00024544,0.0,6,6,0.0,0,0,0.0,0,0,0.0
corrected_vs_forced,298,0.2,2028.0,1,1,0.0,0.0049358,0.0049358,0.0,10,10,0.0,0,0,0.0,0,0,0.0
corrected_vs_forced,298,0.3,2026.0,1,1,0.0,0.00030308,0.00030308,0.0,6,6,0.0,0,0,0.0,0,0,0.0
corrected_vs_forced,298,0.3,2027.0,0,1,-1.0,1.86427764,0.00024468,1.86403296,8,11,-3.0,0,1,-1.0,0,0,0.0
corrected_vs_forced,298,0.3,2028.0,0,0,0.0,1.8907591,1.8907591,0.0,8,9,-1.0,0,1,-1.0,0,1,-1.0
corrected_vs_forced,29925,0.2,2026.0,0,0,0.0,1.86869762,1.86869762,0.0,6,6,0.0,0,0,0.0,0,0,0.0
corrected_vs_forced,29925,0.2,2027.0,1,1,0.0,0.00365941,0.00365941,0.0,8,8,0.0,0,0,0.0,0,0,0.0
corrected_vs_forced,29925,0.2,2028.0,1,1,0.0,0.00066727,0.00066727,0.0,12,12,0.0,1,1,0.0,0,0,0.0
corrected_vs_forced,29925,0.3,2026.0,0,0,0.0,0.89583705,0.89583705,0.0,15,15,0.0,0,0,0.0,0,0,0.0
corrected_vs_forced,29925,0.3,2027.0,0,0,0.0,1.76914827,1.76914827,0.0,8,8,0.0,0,0,0.0,0,0,0.0
corrected_vs_forced,29925,0.3,2028.0,1,1,0.0,0.01280558,0.01280558,0.0,10,10,0.0,0,0,0.0,0,0,0.0
corrected_vs_forced,30065,0.2,2026.0,0,0,0.0,1.02480487,1.02480487,0.0,15,15,0.0,0,0,0.0,0,0,0.0
corrected_vs_forced,30065,0.2,2027.0,0,0,0.0,1.7779682,1.7779682,0.0,10,10,0.0,0,0,0.0,0,0,0.0
corrected_vs_forced,30065,0.2,2028.0,1,1,0.0,0.01505671,0.01505671,0.0,9,9,0.0,0,0,0.0,0,0,0.0
corrected_vs_forced,30065,0.3,2026.0,0,0,0.0,1.9036462,1.9036462,0.0,9,9,0.0,1,1,0.0,1,1,0.0
corrected_vs_forced,30065,0.3,2027.0,1,1,0.0,0.00366943,0.00366943,0.0,8,8,0.0,0,0,0.0,0,0,0.0
corrected_vs_forced,30065,0.3,2028.0,0,0,0.0,0.87343304,0.87343304,0.0,15,15,0.0,0,0,0.0,0,0,0.0
corrected_vs_forced,30073,0.2,2026.0,0,0,0.0,1.07028797,1.07028797,0.0,15,15,0.0,0,0,0.0,0,0,0.0
corrected_vs_forced,30073,0.2,2027.0,0,0,0.0,1.06389689,1.06389689,0.0,15,15,0.0,0,0,0.0,0,0,0.0
corrected_vs_forced,30073,0.2,2028.0,0,0,0.0,0.94886803,0.94886803,0.0,15,15,0.0,0,0,0.0,0,0,0.0
corrected_vs_forced,30073,0.3,2026.0,0,0,0.0,1.12113344,1.12113344,0.0,15,15,0.0,0,0,0.0,0,0,0.0
corrected_vs_forced,30073,0.3,2027.0,0,0,0.0,1.81824793,1.81824793,0.0,12,12,0.0,0,0,0.0,0,0,0.0
corrected_vs_forced,30073,0.3,2028.0,0,0,0.0,1.03709841,1.03709841,0.0,15,15,0.0,0,0,0.0,0,0,0.0
corrected_vs_forced,3040,0.2,2026.0,1,1,0.0,0.00742784,0.00742784,0.0,8,8,0.0,0,0,0.0,0,0,0.0
corrected_vs_forced,3040,0.2,2027.0,1,1,0.0,0.0022301,0.0022301,0.0,10,10,0.0,0,0,0.0,0,0,0.0
corrected_vs_forced,3040,0.2,2028.0,1,1,0.0,0.00945335,0.00945335,0.0,7,7,0.0,0,0,0.0,0,0,0.0
corrected_vs_forced,3040,0.3,2026.0,1,1,0.0,0.00607807,0.00607807,0.0,13,13,0.0,0,0,0.0,0,0,0.0
corrected_vs_forced,3040,0.3,2027.0,1,1,0.0,0.04040062,0.04040062,0.0,10,10,0.0,0,0,0.0,0,0,0.0
corrected_vs_forced,3040,0.3,2028.0,1,1,0.0,0.01186491,0.01186491,0.0,9,9,0.0,0,0,0.0,0,0,0.0
corrected_vs_forced,31111,0.2,2026.0,1,1,0.0,0.00103842,0.00103842,0.0,8,8,0.0,0,0,0.0,0,0,0.0
corrected_vs_forced,31111,0.2,2027.0,0,0,0.0,0.96025417,1.74297768,-0.78272351,15,14,1.0,1,1,0.0,1,1,0.0
corrected_vs_forced,31111,0.2,2028.0,0,0,0.0,1.00026365,1.00026365,0.0,15,15,0.0,1,1,0.0,1,1,0.0
corrected_vs_forced,31111,0.3,2026.0,1,1,0.0,0.00843239,0.00843239,0.0,6,6,0.0,0,0,0.0,0,0,0.0
corrected_vs_forced,31111,0.3,2027.0,1,1,0.0,0.12814019,0.12814019,0.0,15,15,0.0,0,0,0.0,0,0,0.0
corrected_vs_forced,31111,0.3,2028.0,1,1,0.0,0.01027467,0.01027467,0.0,12,12,0.0,0,0,0.0,0,0,0.0
corrected_vs_forced,31351,0.2,2026.0,1,1,0.0,0.01224339,0.01224339,0.0,4,4,0.0,0,0,0.0,0,0,0.0
corrected_vs_forced,31351,0.2,2027.0,1,1,0.0,0.00517018,0.00517018,0.0,5,5,0.0,0,0,0.0,0,0,0.0
corrected_vs_forced,31351,0.2,2028.0,0,0,0.0,0.87579427,0.87579427,0.0,15,15,0.0,0,0,0.0,0,0,0.0
corrected_vs_forced,31351,0.3,2026.0,0,0,0.0,0.99906302,0.99906302,0.0,15,15,0.0,1,1,0.0,1,1,0.0
corrected_vs_forced,31351,0.3,2027.0,1,1,0.0,0.00053088,0.00053088,0.0,6,6,0.0,0,0,0.0,0,0,0.0
corrected_vs_forced,31351,0.3,2028.0,1,1,0.0,0.00010761,0.0109414,-0.01083379,10,9,1.0,0,1,-1.0,0,1,-1.0
corrected_vs_forced,3287,0.2,2026.0,1,1,0.0,0.00160032,0.01749119,-0.01589087,13,11,2.0,0,1,-1.0,0,1,-1.0
corrected_vs_forced,3287,0.2,2027.0,1,1,0.0,0.00014655,0.00014655,0.0,10,11,-1.0,0,1,-1.0,0,1,-1.0
corrected_vs_forced,3287,0.2,2028.0,1,1,0.0,0.00418816,0.00418816,0.0,5,5,0.0,0,0,0.0,0,0,0.0
corrected_vs_forced,3287,0.3,2026.0,0,0,0.0,0.89783966,0.89783966,0.0,15,15,0.0,0,0,0.0,0,0,0.0
corrected_vs_forced,3287,0.3,2027.0,1,1,0.0,0.00010322,0.00760889,-0.00750567,11,9,2.0,0,1,-1.0,0,1,-1.0
corrected_vs_forced,3287,0.3,2028.0,1,1,0.0,0.07952802,0.17780704,-0.09827902,15,15,0.0,0,1,-1.0,0,1,-1.0
corrected_vs_forced,32891,0.2,2026.0,1,1,0.0,0.00108038,0.00108038,0.0,6,6,0.0,0,0,0.0,0,0,0.0
corrected_vs_forced,32891,0.2,2027.0,1,1,0.0,0.40786657,0.40786657,0.0,15,15,0.0,0,0,0.0,0,0,0.0
corrected_vs_forced,32891,0.2,2028.0,1,1,0.0,0.00759034,0.00759034,0.0,6,6,0.0,0,0,0.0,0,0,0.0
corrected_vs_forced,32891,0.3,2026.0,1,0,1.0,0.06892688,0.82300264,-0.75407576,15,15,0.0,0,1,-1.0,0,1,-1.0
corrected_vs_forced,32891,0.3,2027.0,1,1,0.0,0.79401375,0.79401375,0.0,15,15,0.0,0,0,0.0,0,0,0.0
corrected_vs_forced,32891,0.3,2028.0,1,1,0.0,0.00108038,0.00108038,0.0,6,6,0.0,0,0,0.0,0,0,0.0
corrected_vs_forced,33471,0.2,2026.0,1,1,0.0,0.01046296,0.01046296,0.0,1,1,0.0,0,0,0.0,0,0,0.0
corrected_vs_forced,33471,0.2,2027.0,1,1,0.0,0.01046296,0.01046296,0.0,1,1,0.0,0,0,0.0,0,0,0.0
corrected_vs_forced,33471,0.2,2028.0,1,1,0.0,0.01046296,0.01046296,0.0,1,1,0.0,0,0,0.0,0,0,0.0
corrected_vs_forced,33471,0.3,2026.0,1,1,0.0,0.01046296,0.01046296,0.0,1,1,0.0,0,0,0.0,0,0,0.0
corrected_vs_forced,33471,0.3,2027.0,1,1,0.0,0.45159589,0.45159589,0.0,15,15,0.0,0,0,0.0,0,0,0.0
corrected_vs_forced,33471,0.3,2028.0,1,1,0.0,0.01209004,0.01209004,0.0,2,2,0.0,0,0,0.0,0,0,0.0
corrected_vs_forced,33587,0.2,2026.0,1,1,0.0,0.01966267,0.01966267,0.0,15,15,0.0,0,0,0.0,0,0,0.0
corrected_vs_forced,33587,0.2,2027.0,1,1,0.0,8.084e-05,0.02793963,-0.02785879,13,12,1.0,0,1,-1.0,0,1,-1.0
corrected_vs_forced,33587,0.2,2028.0,1,1,0.0,0.01518087,0.01518087,0.0,15,15,0.0,0,0,0.0,0,0,0.0
corrected_vs_forced,33587,0.3,2026.0,0,0,0.0,1.06132404,1.06132404,0.0,15,15,0.0,0,0,0.0,0,0,0.0
corrected_vs_forced,33587,0.3,2027.0,0,0,0.0,0.89999419,0.89999419,0.0,15,15,0.0,0,0,0.0,0,0,0.0
corrected_vs_forced,33587,0.3,2028.0,0,0,0.0,0.93698007,0.93698007,0.0,15,15,0.0,0,0,0.0,0,0,0.0
corrected_vs_forced,33863,0.2,2026.0,1,1,0.0,0.01935059,0.01935059,0.0,6,7,-1.0,0,1,-1.0,0,1,-1.0
corrected_vs_forced,33863,0.2,2027.0,1,1,0.0,0.00759214,0.00759214,0.0,12,12,0.0,0,0,0.0,0,0,0.0
corrected_vs_forced,33863,0.2,2028.0,0,0,0.0,1.90691053,1.81300205,0.09390848,9,9,0.0,0,1,-1.0,0,1,-1.0
corrected_vs_forced,33863,0.3,2026.0,1,1,0.0,0.0098684,0.0098684,0.0,12,12,0.0,0,0,0.0,0,0,0.0
corrected_vs_forced,33863,0.3,2027.0,1,1,0.0,0.00044319,0.00044319,0.0,10,10,0.0,0,0,0.0,0,0,0.0
corrected_vs_forced,33863,0.3,2028.0,1,1,0.0,0.04383081,0.04383081,0.0,15,15,0.0,0,0,0.0,0,0,0.0
corrected_vs_forced,34898,0.2,2026.0,0,0,0.0,0.86281295,0.86281295,0.0,15,15,0.0,0,0,0.0,0,0,0.0
corrected_vs_forced,34898,0.2,2027.0,1,1,0.0,0.00453411,0.00453411,0.0,4,4,0.0,0,0,0.0,0,0,0.0
corrected_vs_forced,34898,0.2,2028.0,0,0,0.0,0.83444111,0.85507026,-0.02062915,15,15,0.0,0,1,-1.0,0,1,-1.0
corrected_vs_forced,34898,0.3,2026.0,1,1,0.0,0.00453411,0.00453411,0.0,4,4,0.0,0,0,0.0,0,0,0.0
corrected_vs_forced,34898,0.3,2027.0,1,1,0.0,0.00053968,0.00053968,0.0,12,13,-1.0,0,1,-1.0,0,1,-1.0
corrected_vs_forced,34898,0.3,2028.0,1,1,0.0,0.58111455,0.58111455,0.0,15,15,0.0,1,1,0.0,1,1,0.0
corrected_vs_forced,34997,0.2,2026.0,0,0,0.0,1.00184213,1.00184213,0.0,15,15,0.0,0,0,0.0,0,0,0.0
corrected_vs_forced,34997,0.2,2027.0,1,1,0.0,0.00927927,0.00927927,0.0,15,15,0.0,0,0,0.0,0,0,0.0
corrected_vs_forced,34997,0.2,2028.0,0,0,0.0,1.01765665,1.01765665,0.0,15,15,0.0,0,0,0.0,0,0,0.0
corrected_vs_forced,34997,0.3,2026.0,0,0,0.0,0.88947459,0.88947459,0.0,15,15,0.0,0,0,0.0,0,0,0.0
corrected_vs_forced,34997,0.3,2027.0,0,0,0.0,1.01278661,1.01278661,0.0,15,15,0.0,0,0,0.0,0,0,0.0
corrected_vs_forced,34997,0.3,2028.0,0,0,0.0,1.90776017,1.90776017,0.0,15,15,0.0,0,0,0.0,0,0,0.0
corrected_vs_forced,35866,0.2,2026.0,1,1,0.0,0.00014165,0.00014165,0.0,15,15,0.0,0,0,0.0,0,0,0.0
corrected_vs_forced,35866,0.2,2027.0,1,1,0.0,0.0004248,0.0004248,0.0,8,8,0.0,0,0,0.0,0,0,0.0
corrected_vs_forced,35866,0.2,2028.0,0,0,0.0,0.98369011,0.98369011,0.0,15,15,0.0,0,0,0.0,0,0,0.0
corrected_vs_forced,35866,0.3,2026.0,1,1,0.0,0.00015535,0.00015535,0.0,7,7,0.0,0,0,0.0,0,0,0.0
corrected_vs_forced,35866,0.3,2027.0,1,1,0.0,0.00015622,0.00015622,0.0,7,7,0.0,0,0,0.0,0,0,0.0
corrected_vs_forced,35866,0.3,2028.0,0,0,0.0,0.99607274,0.99607274,0.0,15,15,0.0,0,0,0.0,0,0,0.0
corrected_vs_forced,36874,0.2,2026.0,0,0,0.0,1.68741561,1.68741561,0.0,6,6,0.0,0,0,0.0,0,0,0.0
corrected_vs_forced,36874,0.2,2027.0,1,1,0.0,0.0034444,0.0034444,0.0,8,8,0.0,1,1,0.0,0,0,0.0
corrected_vs_forced,36874,0.2,2028.0,1,1,0.0,0.0363059,0.0363059,0.0,4,4,0.0,0,0,0.0,0,0,0.0
corrected_vs_forced,36874,0.3,2026.0,1,1,0.0,0.00401418,0.00401418,0.0,5,5,0.0,0,0,0.0,0,0,0.0
corrected_vs_forced,36874,0.3,2027.0,1,1,0.0,0.00448816,0.00448816,0.0,7,7,0.0,0,0,0.0,0,0,0.0
corrected_vs_forced,36874,0.3,2028.0,1,1,0.0,0.01028701,0.01028701,0.0,3,3,0.0,0,0,0.0,0,0,0.0
corrected_vs_forced,37203,0.2,2026.0,1,1,0.0,0.01054056,0.01054056,0.0,15,15,0.0,0,0,0.0,0,0,0.0
corrected_vs_forced,37203,0.2,2027.0,1,1,0.0,0.00235627,0.00235627,0.0,7,7,0.0,0,0,0.0,0,0,0.0
corrected_vs_forced,37203,0.2,2028.0,1,1,0.0,0.00235627,0.00235627,0.0,7,7,0.0,0,0,0.0,0,0,0.0
corrected_vs_forced,37203,0.3,2026.0,0,0,0.0,1.76435438,1.76435438,0.0,13,13,0.0,0,0,0.0,0,0,0.0
corrected_vs_forced,37203,0.3,2027.0,0,0,0.0,1.75560103,1.77550322,-0.01990219,14,15,-1.0,1,1,0.0,0,0,0.0
corrected_vs_forced,37203,0.3,2028.0,1,1,0.0,0.0023634,0.0023634,0.0,8,8,0.0,0,0,0.0,0,0,0.0
corrected_vs_forced,37266,0.2,2026.0,1,1,0.0,0.00711975,0.00711975,0.0,6,6,0.0,0,0,0.0,0,0,0.0
corrected_vs_forced,37266,0.2,2027.0,1,1,0.0,0.00173285,0.00173285,0.0,3,3,0.0,0,0,0.0,0,0,0.0
corrected_vs_forced,37266,0.2,2028.0,1,1,0.0,0.00173285,0.00173285,0.0,3,3,0.0,0,0,0.0,0,0,0.0
corrected_vs_forced,37266,0.3,2026.0,1,1,0.0,0.0408993,0.0408993,0.0,15,15,0.0,0,0,0.0,0,0,0.0
corrected_vs_forced,37266,0.3,2027.0,1,1,0.0,0.00173285,0.00173285,0.0,3,3,0.0,0,0,0.0,0,0,0.0
corrected_vs_forced,37266,0.3,2028.0,1,1,0.0,0.00212322,0.00212322,0.0,3,3,0.0,0,0,0.0,0,0,0.0
corrected_vs_forced,37629,0.2,2026.0,1,1,0.0,0.01576265,0.01576265,0.0,9,9,0.0,0,0,0.0,0,0,0.0
corrected_vs_forced,37629,0.2,2027.0,0,1,-1.0,1.48796949,0.64887065,0.83909884,15,15,0.0,0,1,-1.0,0,0,0.0
corrected_vs_forced,37629,0.2,2028.0,1,1,0.0,0.01576265,0.01576265,0.0,9,9,0.0,0,0,0.0,0,0,0.0
corrected_vs_forced,37629,0.3,2026.0,0,0,0.0,0.82339297,0.82339297,0.0,15,15,0.0,0,0,0.0,0,0,0.0
corrected_vs_forced,37629,0.3,2027.0,0,0,0.0,1.77340792,1.69651518,0.07689274,10,9,1.0,0,0,0.0,0,0,0.0
corrected_vs_forced,37629,0.3,2028.0,1,1,0.0,0.01394351,0.01394351,0.0,7,7,0.0,0,0,0.0,0,0,0.0
corrected_vs_forced,37733,0.2,2026.0,0,0,0.0,1.02391171,1.02391171,0.0,15,15,0.0,0,0,0.0,0,0,0.0
corrected_vs_forced,37733,0.2,2027.0,0,0,0.0,1.12159834,1.12159834,0.0,15,15,0.0,1,1,0.0,1,1,0.0
corrected_vs_forced,37733,0.2,2028.0,0,0,0.0,1.02281994,1.02281994,0.0,15,15,0.0,0,0,0.0,0,0,0.0
corrected_vs_forced,37733,0.3,2026.0,0,0,0.0,0.99595337,0.99595337,0.0,15,15,0.0,0,0,0.0,0,0,0.0
corrected_vs_forced,37733,0.3,2027.0,0,0,0.0,1.79956322,1.79956322,0.0,14,14,0.0,1,1,0.0,1,1,0.0
corrected_vs_forced,37733,0.3,2028.0,0,0,0.0,1.05891274,1.05891274,0.0,15,15,0.0,0,0,0.0,0,0,0.0
corrected_vs_forced,37924,0.2,2026.0,1,1,0.0,0.10187299,0.10187299,0.0,15,15,0.0,0,0,0.0,0,0,0.0
corrected_vs_forced,37924,0.2,2027.0,0,0,0.0,1.04412327,1.04412327,0.0,15,15,0.0,0,0,0.0,0,0,0.0
corrected_vs_forced,37924,0.2,2028.0,0,0,0.0,1.08010376,1.08010376,0.0,15,15,0.0,0,0,0.0,0,0,0.0
corrected_vs_forced,37924,0.3,2026.0,0,0,0.0,0.91289027,0.91289027,0.0,15,15,0.0,0,0,0.0,0,0,0.0
corrected_vs_forced,37924,0.3,2027.0,0,0,0.0,0.98667479,0.98667479,0.0,15,15,0.0,0,0,0.0,0,0,0.0
corrected_vs_forced,37924,0.3,2028.0,0,0,0.0,1.85320384,1.80742239,0.04578145,14,13,1.0,0,0,0.0,0,0,0.0
corrected_vs_forced,38083,0.2,2026.0,1,1,0.0,0.00028467,0.00028467,0.0,4,4,0.0,0,0,0.0,0,0,0.0
corrected_vs_forced,38083,0.2,2027.0,1,1,0.0,0.00028467,0.00028467,0.0,4,4,0.0,0,0,0.0,0,0,0.0
corrected_vs_forced,38083,0.2,2028.0,1,1,0.0,0.00028467,0.00028467,0.0,4,4,0.0,0,0,0.0,0,0,0.0
corrected_vs_forced,38083,0.3,2026.0,1,1,0.0,0.00028467,0.00028467,0.0,4,4,0.0,0,0,0.0,0,0,0.0
corrected_vs_forced,38083,0.3,2027.0,1,1,0.0,0.00354444,0.00354444,0.0,5,5,0.0,0,0,0.0,0,0,0.0
corrected_vs_forced,38083,0.3,2028.0,1,1,0.0,0.0002769,0.0002769,0.0,9,9,0.0,0,0,0.0,0,0,0.0
corrected_vs_forced,39136,0.2,2026.0,1,1,0.0,0.01135076,0.01135076,0.0,15,15,0.0,0,0,0.0,0,0,0.0
corrected_vs_forced,39136,0.2,2027.0,1,1,0.0,0.00581355,0.00581355,0.0,11,11,0.0,0,0,0.0,0,0,0.0
corrected_vs_forced,39136,0.2,2028.0,1,1,0.0,0.32333378,0.32333378,0.0,15,15,0.0,0,0,0.0,0,0,0.0
corrected_vs_forced,39136,0.3,2026.0,0,0,0.0,1.26732347,1.26732347,0.0,15,15,0.0,0,0,0.0,0,0,0.0
corrected_vs_forced,39136,0.3,2027.0,0,0,0.0,1.83128606,1.83128606,0.0,7,7,0.0,0,0,0.0,0,0,0.0
corrected_vs_forced,39136,0.3,2028.0,1,1,0.0,0.00148796,0.00148796,0.0,15,15,0.0,0,0,0.0,0,0,0.0
corrected_vs_forced,39846,0.2,2026.0,0,0,0.0,1.77440941,1.77440941,0.0,2,2,0.0,0,0,0.0,0,0,0.0
corrected_vs_forced,39846,0.2,2027.0,0,0,0.0,1.81626631,1.81626631,0.0,3,3,0.0,0,0,0.0,0,0,0.0
corrected_vs_forced,39846,0.2,2028.0,0,0,0.0,1.77440941,1.77440941,0.0,2,2,0.0,0,0,0.0,0,0,0.0
corrected_vs_forced,39846,0.3,2026.0,0,0,0.0,1.77440941,1.77440941,0.0,2,2,0.0,0,0,0.0,0,0,0.0
corrected_vs_forced,39846,0.3,2027.0,0,0,0.0,1.77440941,1.77440941,0.0,2,2,0.0,0,0,0.0,0,0,0.0
corrected_vs_forced,39846,0.3,2028.0,1,1,0.0,0.00055313,0.00055313,0.0,11,11,0.0,0,0,0.0,0,0,0.0
corrected_vs_forced,40335,0.2,2026.0,1,1,0.0,0.00048533,0.00048533,0.0,5,5,0.0,0,0,0.0,0,0,0.0
corrected_vs_forced,40335,0.2,2027.0,0,0,0.0,0.84078953,0.84078953,0.0,15,15,0.0,0,0,0.0,0,0,0.0
corrected_vs_forced,40335,0.2,2028.0,1,1,0.0,0.00020088,0.00020088,0.0,9,9,0.0,1,1,0.0,0,0,0.0
corrected_vs_forced,40335,0.3,2026.0,1,1,0.0,0.00048533,0.00048533,0.0,5,5,0.0,0,0,0.0,0,0,0.0
corrected_vs_forced,40335,0.3,2027.0,1,1,0.0,0.00076636,0.00076636,0.0,7,7,0.0,1,1,0.0,0,0,0.0
corrected_vs_forced,40335,0.3,2028.0,1,1,0.0,0.00048533,0.00048533,0.0,5,5,0.0,0,0,0.0,0,0,0.0
corrected_vs_forced,4070,0.2,2026.0,1,1,0.0,0.00283516,0.00283516,0.0,3,3,0.0,0,0,0.0,0,0,0.0
corrected_vs_forced,4070,0.2,2027.0,1,1,0.0,0.00283516,0.00283516,0.0,3,3,0.0,0,0,0.0,0,0,0.0
corrected_vs_forced,4070,0.2,2028.0,1,1,0.0,0.00283516,0.00283516,0.0,3,3,0.0,0,0,0.0,0,0,0.0
corrected_vs_forced,4070,0.3,2026.0,0,0,0.0,1.93978405,1.93978405,0.0,4,4,0.0,0,0,0.0,0,0,0.0
corrected_vs_forced,4070,0.3,2027.0,1,1,0.0,0.00300953,0.00300953,0.0,12,12,0.0,1,1,0.0,0,0,0.0
corrected_vs_forced,4070,0.3,2028.0,0,0,0.0,1.82535341,1.82535341,0.0,4,4,0.0,0,0,0.0,0,0,0.0
corrected_vs_forced,40802,0.2,2026.0,1,1,0.0,0.01144587,0.01144587,0.0,15,15,0.0,1,1,0.0,0,0,0.0
corrected_vs_forced,40802,0.2,2027.0,1,1,0.0,0.07691504,0.01040766,0.06650738,15,10,5.0,0,0,0.0,0,0,0.0
corrected_vs_forced,40802,0.2,2028.0,0,0,0.0,0.86788166,0.86788166,0.0,15,15,0.0,0,0,0.0,0,0,0.0
corrected_vs_forced,40802,0.3,2026.0,0,0,0.0,1.46186622,1.46186622,0.0,10,10,0.0,0,0,0.0,0,0,0.0
corrected_vs_forced,40802,0.3,2027.0,0,0,0.0,1.80061161,1.80061161,0.0,15,15,0.0,0,0,0.0,0,0,0.0
corrected_vs_forced,40802,0.3,2028.0,0,0,0.0,1.51334929,1.51334929,0.0,9,9,0.0,0,0,0.0,0,0,0.0
corrected_vs_forced,41077,0.2,2026.0,0,0,0.0,0.92095473,0.92095473,0.0,15,15,0.0,0,0,0.0,0,0,0.0
corrected_vs_forced,41077,0.2,2027.0,1,1,0.0,0.00102466,0.00102466,0.0,11,11,0.0,0,0,0.0,0,0,0.0
corrected_vs_forced,41077,0.2,2028.0,1,1,0.0,0.00178306,0.00178306,0.0,9,9,0.0,0,0,0.0,0,0,0.0
corrected_vs_forced,41077,0.3,2026.0,1,1,0.0,0.00097006,0.00097006,0.0,8,8,0.0,0,0,0.0,0,0,0.0
corrected_vs_forced,41077,0.3,2027.0,1,1,0.0,0.03863492,0.03863492,0.0,15,15,0.0,0,0,0.0,0,0,0.0
corrected_vs_forced,41077,0.3,2028.0,1,1,0.0,0.00876934,0.00876934,0.0,8,8,0.0,0,0,0.0,0,0,0.0
corrected_vs_forced,41220,0.2,2026.0,0,0,0.0,0.9537332,0.9537332,0.0,15,15,0.0,0,0,0.0,0,0,0.0
corrected_vs_forced,41220,0.2,2027.0,0,0,0.0,0.84288161,0.87788122,-0.03499961,15,15,0.0,0,1,-1.0,0,1,-1.0
corrected_vs_forced,41220,0.2,2028.0,0,0,0.0,0.85708043,0.85708043,0.0,15,15,0.0,0,0,0.0,0,0,0.0
corrected_vs_forced,41220,0.3,2026.0,1,1,0.0,0.61618737,0.61618737,0.0,15,15,0.0,0,0,0.0,0,0,0.0
corrected_vs_forced,41220,0.3,2027.0,0,0,0.0,1.27691893,1.25381602,0.02310291,15,15,0.0,0,1,-1.0,0,1,-1.0
corrected_vs_forced,41220,0.3,2028.0,1,1,0.0,0.0563878,0.0563878,0.0,15,15,0.0,0,0,0.0,0,0,0.0
corrected_vs_forced,41820,0.2,2026.0,1,1,0.0,0.00055722,0.00055722,0.0,7,7,0.0,0,0,0.0,0,0,0.0
corrected_vs_forced,41820,0.2,2027.0,1,1,0.0,0.08541441,0.08541441,0.0,15,15,0.0,0,0,0.0,0,0,0.0
corrected_vs_forced,41820,0.2,2028.0,1,1,0.0,0.06378286,0.06378286,0.0,7,7,0.0,0,0,0.0,0,0,0.0
corrected_vs_forced,41820,0.3,2026.0,1,1,0.0,0.00136622,0.00136622,0.0,7,7,0.0,0,0,0.0,0,0,0.0
corrected_vs_forced,41820,0.3,2027.0,0,0,0.0,0.9528231,0.9528231,0.0,15,15,0.0,0,0,0.0,0,0,0.0
corrected_vs_forced,41820,0.3,2028.0,1,1,0.0,0.00055722,0.00055722,0.0,7,7,0.0,0,0,0.0,0,0,0.0
corrected_vs_forced,41998,0.2,2026.0,1,1,0.0,0.02023171,0.02023171,0.0,2,2,0.0,0,0,0.0,0,0,0.0
corrected_vs_forced,41998,0.2,2027.0,1,1,0.0,0.02023171,0.02023171,0.0,2,2,0.0,0,0,0.0,0,0,0.0
corrected_vs_forced,41998,0.2,2028.0,1,1,0.0,0.02023171,0.02023171,0.0,2,2,0.0,0,0,0.0,0,0,0.0
corrected_vs_forced,41998,0.3,2026.0,0,0,0.0,1.12349995,1.12349995,0.0,15,15,0.0,1,1,0.0,1,1,0.0
corrected_vs_forced,41998,0.3,2027.0,1,1,0.0,0.01527662,0.02774442,-0.0124678,5,4,1.0,1,1,0.0,0,0,0.0
corrected_vs_forced,41998,0.3,2028.0,1,1,0.0,0.02023171,0.02023171,0.0,2,2,0.0,0,0,0.0,0,0,0.0
corrected_vs_forced,4251,0.2,2026.0,1,1,0.0,0.00120141,0.00120141,0.0,4,4,0.0,0,0,0.0,0,0,0.0
corrected_vs_forced,4251,0.2,2027.0,0,0,0.0,1.77599196,1.77599196,0.0,1,1,0.0,0,0,0.0,0,0,0.0
corrected_vs_forced,4251,0.2,2028.0,1,1,0.0,0.00120141,0.00120141,0.0,4,4,0.0,0,0,0.0,0,0,0.0
corrected_vs_forced,4251,0.3,2026.0,1,1,0.0,0.00120141,0.00120141,0.0,4,4,0.0,0,0,0.0,0,0,0.0
corrected_vs_forced,4251,0.3,2027.0,1,1,0.0,0.00120141,0.00120141,0.0,4,4,0.0,0,0,0.0,0,0,0.0
corrected_vs_forced,4251,0.3,2028.0,0,0,0.0,1.12232458,1.88202685,-0.75970227,15,5,10.0,0,1,-1.0,0,1,-1.0
corrected_vs_forced,43637,0.2,2026.0,1,1,0.0,0.1243935,0.01333131,0.11106219,15,11,4.0,0,0,0.0,0,0,0.0
corrected_vs_forced,43637,0.2,2027.0,0,0,0.0,0.98580379,0.98580379,0.0,15,15,0.0,0,0,0.0,0,0,0.0
corrected_vs_forced,43637,0.2,2028.0,1,1,0.0,0.05788251,0.01780842,0.04007409,15,9,6.0,0,1,-1.0,0,0,0.0
corrected_vs_forced,43637,0.3,2026.0,0,0,0.0,1.41576014,1.41576014,0.0,15,15,0.0,1,1,0.0,0,0,0.0
corrected_vs_forced,43637,0.3,2027.0,0,0,0.0,1.10456129,1.10456129,0.0,15,15,0.0,0,0,0.0,0,0,0.0
corrected_vs_forced,43637,0.3,2028.0,1,1,0.0,0.25001391,0.25001391,0.0,15,15,0.0,1,1,0.0,1,0,1.0
corrected_vs_forced,44332,0.2,2026.0,0,0,0.0,1.74914338,1.74914338,0.0,15,15,0.0,0,0,0.0,0,0,0.0
corrected_vs_forced,44332,0.2,2027.0,1,1,0.0,0.0021852,0.0021852,0.0,2,2,0.0,0,0,0.0,0,0,0.0
corrected_vs_forced,44332,0.2,2028.0,1,1,0.0,0.0021852,0.0021852,0.0,2,2,0.0,0,0,0.0,0,0,0.0
corrected_vs_forced,44332,0.3,2026.0,1,1,0.0,0.0021852,0.0021852,0.0,2,2,0.0,0,0,0.0,0,0,0.0
corrected_vs_forced,44332,0.3,2027.0,1,1,0.0,0.0021852,0.0021852,0.0,2,2,0.0,0,0,0.0,0,0,0.0
corrected_vs_forced,44332,0.3,2028.0,0,0,0.0,1.89369937,1.82551269,0.06818668,11,10,1.0,0,1,-1.0,0,1,-1.0
corrected_vs_forced,44571,0.2,2026.0,1,1,0.0,0.01227201,0.01227201,0.0,7,7,0.0,0,0,0.0,0,0,0.0
corrected_vs_forced,44571,0.2,2027.0,1,1,0.0,0.00314648,0.00314648,0.0,5,5,0.0,0,0,0.0,0,0,0.0
corrected_vs_forced,44571,0.2,2028.0,1,1,0.0,0.00216792,0.00216792,0.0,8,8,0.0,0,0,0.0,0,0,0.0
corrected_vs_forced,44571,0.3,2026.0,1,1,0.0,0.00022352,0.00022352,0.0,6,6,0.0,0,0,0.0,0,0,0.0
corrected_vs_forced,44571,0.3,2027.0,0,0,0.0,0.98953681,0.98953681,0.0,15,15,0.0,0,0,0.0,0,0,0.0
corrected_vs_forced,44571,0.3,2028.0,1,1,0.0,0.00314648,0.00314648,0.0,5,5,0.0,0,0,0.0,0,0,0.0
corrected_vs_forced,46098,0.2,2026.0,0,0,0.0,0.80650086,0.80650086,0.0,15,15,0.0,0,0,0.0,0,0,0.0
corrected_vs_forced,46098,0.2,2027.0,1,1,0.0,0.01227201,0.01227201,0.0,7,7,0.0,0,0,0.0,0,0,0.0
corrected_vs_forced,46098,0.2,2028.0,1,0,1.0,3.374e-05,1.7418088,-1.74177506,11,7,4.0,1,1,0.0,0,1,-1.0
corrected_vs_forced,46098,0.3,2026.0,1,1,0.0,0.67374641,0.67374641,0.0,15,15,0.0,0,0,0.0,0,0,0.0
corrected_vs_forced,46098,0.3,2027.0,1,1,0.0,0.00070431,0.00070431,0.0,7,7,0.0,0,0,0.0,0,0,0.0
corrected_vs_forced,46098,0.3,2028.0,1,1,0.0,0.00228975,0.00228975,0.0,15,15,0.0,1,1,0.0,0,0,0.0
corrected_vs_forced,46753,0.2,2026.0,1,1,0.0,0.00025544,0.00025544,0.0,8,8,0.0,0,0,0.0,0,0,0.0
corrected_vs_forced,46753,0.2,2027.0,1,1,0.0,0.00351323,0.00351323,0.0,8,8,0.0,0,0,0.0,0,0,0.0
corrected_vs_forced,46753,0.2,2028.0,1,1,0.0,0.00023353,0.00023353,0.0,8,8,0.0,0,0,0.0,0,0,0.0
corrected_vs_forced,46753,0.3,2026.0,1,1,0.0,0.00589609,0.00589609,0.0,15,15,0.0,0,0,0.0,0,0,0.0
corrected_vs_forced,46753,0.3,2027.0,1,1,0.0,0.00091026,0.00091026,0.0,15,15,0.0,0,0,0.0,0,0,0.0
corrected_vs_forced,46753,0.3,2028.0,1,1,0.0,0.00219877,0.00219877,0.0,11,11,0.0,0,0,0.0,0,0,0.0
corrected_vs_forced,48102,0.2,2026.0,0,0,0.0,0.96248012,0.96248012,0.0,15,15,0.0,0,0,0.0,0,0,0.0
corrected_vs_forced,48102,0.2,2027.0,0,0,0.0,1.01318234,1.01318234,0.0,15,15,0.0,0,0,0.0,0,0,0.0
corrected_vs_forced,48102,0.2,2028.0,0,0,0.0,1.03943497,1.03943497,0.0,15,15,0.0,0,0,0.0,0,0,0.0
corrected_vs_forced,48102,0.3,2026.0,0,0,0.0,1.75713932,1.75713932,0.0,2,2,0.0,0,0,0.0,0,0,0.0
corrected_vs_forced,48102,0.3,2027.0,1,1,0.0,0.00020873,0.00020873,0.0,14,15,-1.0,0,1,-1.0,0,1,-1.0
corrected_vs_forced,48102,0.3,2028.0,1,1,0.0,0.00137216,0.00137216,0.0,6,6,0.0,0,0,0.0,0,0,0.0
corrected_vs_forced,4830,0.2,2026.0,1,1,0.0,0.00181698,0.00181698,0.0,2,2,0.0,0,0,0.0,0,0,0.0
corrected_vs_forced,4830,0.2,2027.0,1,1,0.0,0.00181698,0.00181698,0.0,2,2,0.0,0,0,0.0,0,0,0.0
corrected_vs_forced,4830,0.2,2028.0,1,1,0.0,0.00181698,0.00181698,0.0,2,2,0.0,0,0,0.0,0,0,0.0
corrected_vs_forced,4830,0.3,2026.0,1,1,0.0,0.00259421,0.00267807,-8.386e-05,13,13,0.0,1,1,0.0,0,0,0.0
corrected_vs_forced,4830,0.3,2027.0,1,1,0.0,0.00646433,0.01508521,-0.00862088,9,9,0.0,0,1,-1.0,0,1,-1.0
corrected_vs_forced,4830,0.3,2028.0,1,1,0.0,0.00181698,0.00181698,0.0,2,2,0.0,0,0,0.0,0,0,0.0
corrected_vs_forced,49420,0.2,2026.0,1,1,0.0,0.00205509,0.00205509,0.0,11,11,0.0,0,0,0.0,0,0,0.0
corrected_vs_forced,49420,0.2,2027.0,1,1,0.0,0.00187708,0.00187708,0.0,11,11,0.0,0,0,0.0,0,0,0.0
corrected_vs_forced,49420,0.2,2028.0,1,1,0.0,0.00433366,0.00433366,0.0,12,12,0.0,0,0,0.0,0,0,0.0
corrected_vs_forced,49420,0.3,2026.0,0,0,0.0,1.98410286,1.98410286,0.0,11,11,0.0,1,1,0.0,1,1,0.0
corrected_vs_forced,49420,0.3,2027.0,0,0,0.0,1.06966502,1.06966502,0.0,15,15,0.0,1,1,0.0,1,1,0.0
corrected_vs_forced,49420,0.3,2028.0,1,1,0.0,0.0023579,0.0023579,0.0,13,13,0.0,0,0,0.0,0,0,0.0
corrected_vs_forced,49933,0.2,2026.0,1,1,0.0,0.75225377,0.75225377,0.0,15,15,0.0,0,0,0.0,0,0,0.0
corrected_vs_forced,49933,0.2,2027.0,1,1,0.0,0.25915331,0.25915331,0.0,15,15,0.0,0,0,0.0,0,0,0.0
corrected_vs_forced,49933,0.2,2028.0,1,1,0.0,0.79004103,0.79004103,0.0,15,15,0.0,0,0,0.0,0,0,0.0
corrected_vs_forced,49933,0.3,2026.0,1,1,0.0,0.00092953,0.00092953,0.0,11,11,0.0,0,0,0.0,0,0,0.0
corrected_vs_forced,49933,0.3,2027.0,1,1,0.0,0.087849,0.087849,0.0,15,15,0.0,1,1,0.0,1,1,0.0
corrected_vs_forced,49933,0.3,2028.0,0,0,0.0,1.8842476,1.8842476,0.0,6,6,0.0,1,1,0.0,1,1,0.0
corrected_vs_forced,4996,0.2,2026.0,0,0,0.0,0.89490096,0.89490096,0.0,15,15,0.0,0,0,0.0,0,0,0.0
corrected_vs_forced,4996,0.2,2027.0,1,1,0.0,0.14951061,0.14951061,0.0,15,15,0.0,0,0,0.0,0,0,0.0
corrected_vs_forced,4996,0.2,2028.0,1,1,0.0,0.10529703,0.10529703,0.0,15,15,0.0,0,0,0.0,0,0,0.0
corrected_vs_forced,4996,0.3,2026.0,1,1,0.0,0.157507,0.157507,0.0,15,15,0.0,0,0,0.0,0,0,0.0
corrected_vs_forced,4996,0.3,2027.0,1,1,0.0,0.35864429,0.35864429,0.0,15,15,0.0,0,0,0.0,0,0,0.0
corrected_vs_forced,4996,0.3,2028.0,0,0,0.0,0.6361094,0.6361094,0.0,15,15,0.0,0,0,0.0,0,0,0.0
corrected_vs_forced,50606,0.2,2026.0,1,1,0.0,0.00104565,0.00104565,0.0,8,8,0.0,0,0,0.0,0,0,0.0
corrected_vs_forced,50606,0.2,2027.0,1,1,0.0,0.00120957,0.00120957,0.0,2,2,0.0,0,0,0.0,0,0,0.0
corrected_vs_forced,50606,0.2,2028.0,1,1,0.0,0.00120957,0.00120957,0.0,2,2,0.0,0,0,0.0,0,0,0.0
corrected_vs_forced,50606,0.3,2026.0,1,1,0.0,0.00587957,0.00587957,0.0,2,2,0.0,0,0,0.0,0,0,0.0
corrected_vs_forced,50606,0.3,2027.0,1,1,0.0,0.0002976,0.0002976,0.0,4,4,0.0,1,1,0.0,0,0,0.0
corrected_vs_forced,50606,0.3,2028.0,1,1,0.0,0.01319205,0.01319205,0.0,4,4,0.0,0,0,0.0,0,0,0.0
corrected_vs_forced,51161,0.2,2026.0,1,1,0.0,0.03312231,0.03312231,0.0,6,6,0.0,0,0,0.0,0,0,0.0
corrected_vs_forced,51161,0.2,2027.0,1,1,0.0,0.03716024,0.03716024,0.0,8,8,0.0,1,1,0.0,0,0,0.0
corrected_vs_forced,51161,0.2,2028.0,1,1,0.0,0.01774707,0.01774707,0.0,7,7,0.0,0,0,0.0,0,0,0.0
corrected_vs_forced,51161,0.3,2026.0,1,1,0.0,0.03312231,0.03312231,0.0,6,6,0.0,0,0,0.0,0,0,0.0
corrected_vs_forced,51161,0.3,2027.0,1,1,0.0,0.01251718,0.01251718,0.0,8,8,0.0,0,0,0.0,0,0,0.0
corrected_vs_forced,51161,0.3,2028.0,1,1,0.0,0.0232307,0.0232307,0.0,11,11,0.0,0,0,0.0,0,0,0.0
corrected_vs_forced,51278,0.2,2026.0,1,1,0.0,0.00465718,0.00465718,0.0,9,9,0.0,0,0,0.0,0,0,0.0
corrected_vs_forced,51278,0.2,2027.0,1,1,0.0,0.00383864,0.00383864,0.0,7,7,0.0,0,0,0.0,0,0,0.0
corrected_vs_forced,51278,0.2,2028.0,1,1,0.0,0.00383864,0.00383864,0.0,7,7,0.0,0,0,0.0,0,0,0.0
corrected_vs_forced,51278,0.3,2026.0,1,1,0.0,0.0028896,0.0028896,0.0,15,15,0.0,1,1,0.0,1,1,0.0
corrected_vs_forced,51278,0.3,2027.0,1,1,0.0,0.09554644,0.09554644,0.0,15,15,0.0,1,1,0.0,1,1,0.0
corrected_vs_forced,51278,0.3,2028.0,1,1,0.0,0.00383864,0.00383864,0.0,7,7,0.0,0,0,0.0,0,0,0.0
corrected_vs_forced,51400,0.2,2026.0,0,0,0.0,1.89593176,1.89593176,0.0,5,5,0.0,0,0,0.0,0,0,0.0
corrected_vs_forced,51400,0.2,2027.0,1,1,0.0,0.01136244,0.01136244,0.0,6,6,0.0,0,0,0.0,0,0,0.0
corrected_vs_forced,51400,0.2,2028.0,1,1,0.0,0.01396508,0.01396508,0.0,5,5,0.0,0,0,0.0,0,0,0.0
corrected_vs_forced,51400,0.3,2026.0,1,1,0.0,0.00454553,0.00454553,0.0,15,15,0.0,0,0,0.0,0,0,0.0
corrected_vs_forced,51400,0.3,2027.0,0,0,0.0,1.97378988,1.97378988,0.0,12,13,-1.0,0,1,-1.0,0,1,-1.0
corrected_vs_forced,51400,0.3,2028.0,1,1,0.0,0.00591583,0.00591583,0.0,9,9,0.0,1,1,0.0,0,0,0.0
corrected_vs_forced,51712,0.2,2026.0,1,1,0.0,0.04106461,0.04106461,0.0,5,5,0.0,0,0,0.0,0,0,0.0
corrected_vs_forced,51712,0.2,2027.0,1,1,0.0,0.0213479,0.0213479,0.0,4,4,0.0,0,0,0.0,0,0,0.0
corrected_vs_forced,51712,0.2,2028.0,1,1,0.0,0.02252177,0.01724403,0.00527774,9,9,0.0,0,1,-1.0,0,0,0.0
corrected_vs_forced,51712,0.3,2026.0,0,0,0.0,1.81866172,1.81866172,0.0,7,7,0.0,1,1,0.0,1,1,0.0
corrected_vs_forced,51712,0.3,2027.0,1,1,0.0,0.00399674,0.00399674,0.0,4,4,0.0,0,0,0.0,0,0,0.0
corrected_vs_forced,51712,0.3,2028.0,0,0,0.0,0.97700871,0.97700871,0.0,15,15,0.0,0,0,0.0,0,0,0.0
corrected_vs_forced,51886,0.2,2026.0,1,0,1.0,0.01294483,1.16289866,-1.14995383,9,15,-6.0,0,1,-1.0,0,1,-1.0
corrected_vs_forced,51886,0.2,2027.0,1,1,0.0,0.01236865,0.01236865,0.0,14,14,0.0,1,1,0.0,1,1,0.0
corrected_vs_forced,51886,0.2,2028.0,1,1,0.0,0.0017548,0.0017548,0.0,8,8,0.0,0,0,0.0,0,0,0.0
corrected_vs_forced,51886,0.3,2026.0,1,1,0.0,0.00504269,0.00504269,0.0,7,8,-1.0,0,1,-1.0,0,1,-1.0
corrected_vs_forced,51886,0.3,2027.0,1,1,0.0,0.00146342,0.00146342,0.0,12,12,0.0,0,0,0.0,0,0,0.0
corrected_vs_forced,51886,0.3,2028.0,0,0,0.0,1.90012571,1.90012571,0.0,10,10,0.0,1,1,0.0,1,1,0.0
corrected_vs_forced,52374,0.2,2026.0,0,0,0.0,0.91301367,0.91301367,0.0,15,15,0.0,0,0,0.0,0,0,0.0
corrected_vs_forced,52374,0.2,2027.0,1,1,0.0,0.0052002,0.01461155,-0.00941135,15,15,0.0,0,1,-1.0,0,1,-1.0
corrected_vs_forced,52374,0.2,2028.0,1,1,0.0,0.45599627,0.45599627,0.0,15,15,0.0,0,0,0.0,0,0,0.0
corrected_vs_forced,52374,0.3,2026.0,0,0,0.0,1.22492323,1.22492323,0.0,15,15,0.0,0,0,0.0,0,0,0.0
corrected_vs_forced,52374,0.3,2027.0,0,0,0.0,0.85815343,0.85815343,0.0,15,15,0.0,0,0,0.0,0,0,0.0
corrected_vs_forced,52374,0.3,2028.0,0,0,0.0,1.03042293,1.03042293,0.0,15,15,0.0,0,0,0.0,0,0,0.0
corrected_vs_forced,52585,0.2,2026.0,1,1,0.0,0.01483189,0.01483189,0.0,15,15,0.0,0,1,-1.0,0,1,-1.0
corrected_vs_forced,52585,0.2,2027.0,1,1,0.0,0.01397343,0.01397343,0.0,9,9,0.0,0,0,0.0,0,0,0.0
corrected_vs_forced,52585,0.2,2028.0,1,1,0.0,0.50756868,0.50756868,0.0,15,15,0.0,1,1,0.0,1,1,0.0
corrected_vs_forced,52585,0.3,2026.0,1,1,0.0,0.53643585,0.53643585,0.0,15,15,0.0,0,0,0.0,0,0,0.0
corrected_vs_forced,52585,0.3,2027.0,0,0,0.0,1.81563152,1.75768706,0.05794446,13,11,2.0,0,0,0.0,0,0,0.0
corrected_vs_forced,52585,0.3,2028.0,1,1,0.0,0.09100317,0.09100317,0.0,15,15,0.0,0,0,0.0,0,0,0.0
corrected_vs_forced,52811,0.2,2026.0,1,1,0.0,0.01160499,0.01160499,0.0,2,2,0.0,0,0,0.0,0,0,0.0
corrected_vs_forced,52811,0.2,2027.0,1,1,0.0,0.0008748,0.0008748,0.0,2,2,0.0,0,0,0.0,0,0,0.0
corrected_vs_forced,52811,0.2,2028.0,1,1,0.0,0.01313429,0.01313429,0.0,2,2,0.0,0,0,0.0,0,0,0.0
corrected_vs_forced,52811,0.3,2026.0,1,1,0.0,0.0008748,0.0008748,0.0,2,2,0.0,0,0,0.0,0,0,0.0
corrected_vs_forced,52811,0.3,2027.0,1,1,0.0,0.01160499,0.01160499,0.0,2,2,0.0,0,0,0.0,0,0,0.0
corrected_vs_forced,52811,0.3,2028.0,1,1,0.0,0.01160499,0.01160499,0.0,2,2,0.0,0,0,0.0,0,0,0.0
corrected_vs_forced,53079,0.2,2026.0,1,1,0.0,0.00811177,0.00811177,0.0,2,2,0.0,0,0,0.0,0,0,0.0
corrected_vs_forced,53079,0.2,2027.0,1,1,0.0,0.00811177,0.00811177,0.0,2,2,0.0,0,0,0.0,0,0,0.0
corrected_vs_forced,53079,0.2,2028.0,1,1,0.0,0.00811177,0.00811177,0.0,2,2,0.0,0,0,0.0,0,0,0.0
corrected_vs_forced,53079,0.3,2026.0,1,1,0.0,0.00811177,0.00811177,0.0,2,2,0.0,0,0,0.0,0,0,0.0
corrected_vs_forced,53079,0.3,2027.0,1,1,0.0,0.00130561,0.00130561,0.0,5,5,0.0,0,0,0.0,0,0,0.0
corrected_vs_forced,53079,0.3,2028.0,1,1,0.0,0.00012934,0.00012934,0.0,4,4,0.0,1,1,0.0,0,0,0.0
corrected_vs_forced,53377,0.2,2026.0,1,1,0.0,0.01707959,0.01707959,0.0,3,3,0.0,0,0,0.0,0,0,0.0
corrected_vs_forced,53377,0.2,2027.0,0,0,0.0,1.86361951,1.86361951,0.0,3,3,0.0,0,0,0.0,0,0,0.0
corrected_vs_forced,53377,0.2,2028.0,0,0,0.0,1.78519507,1.78519507,0.0,9,9,0.0,0,0,0.0,0,0,0.0
corrected_vs_forced,53377,0.3,2026.0,1,1,0.0,0.01943088,0.01943088,0.0,2,2,0.0,0,0,0.0,0,0,0.0
corrected_vs_forced,53377,0.3,2027.0,1,1,0.0,0.01943088,0.01943088,0.0,2,2,0.0,0,0,0.0,0,0,0.0
corrected_vs_forced,53377,0.3,2028.0,1,1,0.0,0.01707959,0.01707959,0.0,3,3,0.0,0,0,0.0,0,0,0.0
corrected_vs_forced,53395,0.2,2026.0,1,1,0.0,0.00107392,0.00107392,0.0,7,7,0.0,0,0,0.0,0,0,0.0
corrected_vs_forced,53395,0.2,2027.0,1,1,0.0,0.01483717,0.01483717,0.0,7,7,0.0,0,0,0.0,0,0,0.0
corrected_vs_forced,53395,0.2,2028.0,1,1,0.0,0.00107406,0.00107406,0.0,8,8,0.0,0,0,0.0,0,0,0.0
corrected_vs_forced,53395,0.3,2026.0,1,1,0.0,0.02207198,0.02207198,0.0,13,13,0.0,1,1,0.0,1,1,0.0
corrected_vs_forced,53395,0.3,2027.0,1,1,0.0,0.0136705,0.0136705,0.0,8,8,0.0,0,0,0.0,0,0,0.0
corrected_vs_forced,53395,0.3,2028.0,1,1,0.0,0.01073483,0.01073483,0.0,7,7,0.0,0,0,0.0,0,0,0.0
corrected_vs_forced,5447,0.2,2026.0,0,0,0.0,1.05014125,1.05014125,0.0,15,15,0.0,0,0,0.0,0,0,0.0
corrected_vs_forced,5447,0.2,2027.0,0,0,0.0,1.70417552,1.76972885,-0.06555333,15,14,1.0,1,1,0.0,0,0,0.0
corrected_vs_forced,5447,0.2,2028.0,0,0,0.0,1.03568439,1.03568439,0.0,15,15,0.0,0,0,0.0,0,0,0.0
corrected_vs_forced,5447,0.3,2026.0,0,0,0.0,1.19626338,1.93064884,-0.73438546,15,15,0.0,0,1,-1.0,0,1,-1.0
corrected_vs_forced,5447,0.3,2027.0,0,0,0.0,1.05000056,1.05000056,0.0,15,15,0.0,0,0,0.0,0,0,0.0
corrected_vs_forced,5447,0.3,2028.0,0,0,0.0,1.06447583,1.06447583,0.0,15,15,0.0,0,0,0.0,0,0,0.0
corrected_vs_forced,54787,0.2,2026.0,1,1,0.0,0.00738355,0.00738355,0.0,4,4,0.0,0,0,0.0,0,0,0.0
corrected_vs_forced,54787,0.2,2027.0,1,1,0.0,0.00629478,0.00629478,0.0,4,4,0.0,0,0,0.0,0,0,0.0
corrected_vs_forced,54787,0.2,2028.0,1,1,0.0,0.00629478,0.00629478,0.0,4,4,0.0,0,0,0.0,0,0,0.0
corrected_vs_forced,54787,0.3,2026.0,1,1,0.0,0.00629478,0.00629478,0.0,4,4,0.0,0,0,0.0,0,0,0.0
corrected_vs_forced,54787,0.3,2027.0,1,1,0.0,0.00629478,0.00629478,0.0,4,4,0.0,0,0,0.0,0,0,0.0
corrected_vs_forced,54787,0.3,2028.0,1,1,0.0,0.00890135,0.00890135,0.0,6,6,0.0,0,0,0.0,0,0,0.0
corrected_vs_forced,54948,0.2,2026.0,0,0,0.0,1.77397955,1.77397955,0.0,9,9,0.0,0,0,0.0,0,0,0.0
corrected_vs_forced,54948,0.2,2027.0,0,0,0.0,0.97594854,0.97594854,0.0,15,15,0.0,0,0,0.0,0,0,0.0
corrected_vs_forced,54948,0.2,2028.0,0,0,0.0,0.94809127,0.94809127,0.0,15,15,0.0,0,0,0.0,0,0,0.0
corrected_vs_forced,54948,0.3,2026.0,0,0,0.0,1.45531319,1.45531319,0.0,15,15,0.0,0,0,0.0,0,0,0.0
corrected_vs_forced,54948,0.3,2027.0,0,0,0.0,1.2319552,1.2319552,0.0,15,15,0.0,0,0,0.0,0,0,0.0
corrected_vs_forced,54948,0.3,2028.0,1,1,0.0,0.0321986,0.0321986,0.0,7,7,0.0,0,0,0.0,0,0,0.0
corrected_vs_forced,54952,0.2,2026.0,1,1,0.0,0.00032895,0.00032895,0.0,3,3,0.0,0,0,0.0,0,0,0.0
corrected_vs_forced,54952,0.2,2027.0,1,1,0.0,0.00032895,0.00032895,0.0,3,3,0.0,0,0,0.0,0,0,0.0
corrected_vs_forced,54952,0.2,2028.0,0,0,0.0,0.86658088,0.86658088,0.0,15,15,0.0,0,0,0.0,0,0,0.0
corrected_vs_forced,54952,0.3,2026.0,1,1,0.0,0.00069818,0.00069818,0.0,2,2,0.0,0,0,0.0,0,0,0.0
corrected_vs_forced,54952,0.3,2027.0,1,1,0.0,0.00441088,0.00441088,0.0,3,3,0.0,0,0,0.0,0,0,0.0
corrected_vs_forced,54952,0.3,2028.0,1,1,0.0,0.01559612,0.01559612,0.0,3,3,0.0,0,0,0.0,0,0,0.0
corrected_vs_forced,55433,0.2,2026.0,1,1,0.0,0.01092356,0.01092356,0.0,2,2,0.0,0,0,0.0,0,0,0.0
corrected_vs_forced,55433,0.2,2027.0,1,1,0.0,0.01042459,0.01042459,0.0,1,1,0.0,0,0,0.0,0,0,0.0
corrected_vs_forced,55433,0.2,2028.0,1,1,0.0,0.01042459,0.01042459,0.0,1,1,0.0,0,0,0.0,0,0,0.0
corrected_vs_forced,55433,0.3,2026.0,1,1,0.0,0.01042459,0.01042459,0.0,1,1,0.0,0,0,0.0,0,0,0.0
corrected_vs_forced,55433,0.3,2027.0,1,1,0.0,0.01042459,0.01042459,0.0,1,1,0.0,0,0,0.0,0,0,0.0
corrected_vs_forced,55433,0.3,2028.0,1,1,0.0,0.01042459,0.01042459,0.0,1,1,0.0,0,0,0.0,0,0,0.0
corrected_vs_forced,56328,0.2,2026.0,1,1,0.0,0.00126276,0.00126276,0.0,4,4,0.0,0,0,0.0,0,0,0.0
corrected_vs_forced,56328,0.2,2027.0,1,1,0.0,0.00063815,0.03642418,-0.03578603,15,10,5.0,0,1,-1.0,0,0,0.0
corrected_vs_forced,56328,0.2,2028.0,1,1,0.0,0.00565102,0.00565102,0.0,7,7,0.0,0,0,0.0,0,0,0.0
corrected_vs_forced,56328,0.3,2026.0,1,1,0.0,0.001304,0.001304,0.0,6,6,0.0,0,0,0.0,0,0,0.0
corrected_vs_forced,56328,0.3,2027.0,1,1,0.0,0.00155632,0.00155632,0.0,7,8,-1.0,0,1,-1.0,0,1,-1.0
corrected_vs_forced,56328,0.3,2028.0,1,1,0.0,0.00229246,0.00229246,0.0,7,7,0.0,0,0,0.0,0,0,0.0
corrected_vs_forced,5640,0.2,2026.0,1,1,0.0,0.00059368,0.00059368,0.0,3,3,0.0,0,0,0.0,0,0,0.0
corrected_vs_forced,5640,0.2,2027.0,1,1,0.0,0.00059368,0.00059368,0.0,3,3,0.0,0,0,0.0,0,0,0.0
corrected_vs_forced,5640,0.2,2028.0,1,1,0.0,0.00059368,0.00059368,0.0,3,3,0.0,0,0,0.0,0,0,0.0
corrected_vs_forced,5640,0.3,2026.0,1,1,0.0,0.00074019,0.00074019,0.0,12,12,0.0,1,1,0.0,0,0,0.0
corrected_vs_forced,5640,0.3,2027.0,1,1,0.0,0.37793663,0.37793663,0.0,15,15,0.0,0,0,0.0,0,0,0.0
corrected_vs_forced,5640,0.3,2028.0,1,1,0.0,0.00872661,0.00872661,0.0,3,3,0.0,0,0,0.0,0,0,0.0
corrected_vs_forced,57078,0.2,2026.0,1,1,0.0,0.00102728,0.00102728,0.0,4,4,0.0,0,0,0.0,0,0,0.0
corrected_vs_forced,57078,0.2,2027.0,0,0,0.0,1.79141717,1.79141717,0.0,5,5,0.0,0,0,0.0,0,0,0.0
corrected_vs_forced,57078,0.2,2028.0,1,1,0.0,0.00275127,0.00060338,0.00214789,15,15,0.0,0,1,-1.0,0,0,0.0
corrected_vs_forced,57078,0.3,2026.0,1,1,0.0,0.00102728,0.00102728,0.0,4,4,0.0,0,0,0.0,0,0,0.0
corrected_vs_forced,57078,0.3,2027.0,1,1,0.0,0.00021392,0.00021392,0.0,6,6,0.0,0,0,0.0,0,0,0.0
corrected_vs_forced,57078,0.3,2028.0,1,0,1.0,0.29305732,1.75598567,-1.46292835,15,6,9.0,1,1,0.0,1,1,0.0
corrected_vs_forced,57298,0.2,2026.0,1,1,0.0,0.0214106,0.0214106,0.0,5,5,0.0,0,0,0.0,0,0,0.0
corrected_vs_forced,57298,0.2,2027.0,1,1,0.0,0.00511082,0.00511082,0.0,3,3,0.0,0,0,0.0,0,0,0.0
corrected_vs_forced,57298,0.2,2028.0,1,1,0.0,0.00573518,0.00573518,0.0,3,3,0.0,0,0,0.0,0,0,0.0
corrected_vs_forced,57298,0.3,2026.0,1,1,0.0,0.0187322,0.0187322,0.0,7,7,0.0,0,0,0.0,0,0,0.0
corrected_vs_forced,57298,0.3,2027.0,1,1,0.0,0.0165396,0.0165396,0.0,3,3,0.0,0,0,0.0,0,0,0.0
corrected_vs_forced,57298,0.3,2028.0,1,1,0.0,0.00669864,0.00669864,0.0,6,6,0.0,0,0,0.0,0,0,0.0
corrected_vs_forced,57703,0.2,2026.0,1,1,0.0,0.01224339,0.01224339,0.0,4,4,0.0,0,0,0.0,0,0,0.0
corrected_vs_forced,57703,0.2,2027.0,1,1,0.0,0.00030384,0.00030384,0.0,6,6,0.0,0,0,0.0,0,0,0.0
corrected_vs_forced,57703,0.2,2028.0,1,1,0.0,0.00054572,0.00054572,0.0,10,10,0.0,1,1,0.0,1,1,0.0
corrected_vs_forced,57703,0.3,2026.0,1,1,0.0,0.00050697,0.00050697,0.0,3,3,0.0,0,0,0.0,0,0,0.0
corrected_vs_forced,57703,0.3,2027.0,1,1,0.0,0.00215749,0.00215749,0.0,4,4,0.0,0,0,0.0,0,0,0.0
corrected_vs_forced,57703,0.3,2028.0,1,1,0.0,0.00779558,0.00779558,0.0,7,7,0.0,0,0,0.0,0,0,0.0
corrected_vs_forced,5803,0.2,2026.0,1,1,0.0,0.00839327,0.00839327,0.0,6,6,0.0,0,0,0.0,0,0,0.0
corrected_vs_forced,5803,0.2,2027.0,1,1,0.0,0.07484476,0.07484476,0.0,5,5,0.0,0,0,0.0,0,0,0.0
corrected_vs_forced,5803,0.2,2028.0,1,1,0.0,0.07484476,0.07484476,0.0,5,5,0.0,0,0,0.0,0,0,0.0
corrected_vs_forced,5803,0.3,2026.0,1,1,0.0,0.01366297,0.01667646,-0.00301349,9,8,1.0,1,1,0.0,0,0,0.0
corrected_vs_forced,5803,0.3,2027.0,1,1,0.0,0.02113123,0.02113123,0.0,7,7,0.0,0,0,0.0,0,0,0.0
corrected_vs_forced,5803,0.3,2028.0,1,1,0.0,0.03110944,0.03110944,0.0,7,7,0.0,0,0,0.0,0,0,0.0
corrected_vs_forced,58290,0.2,2026.0,1,1,0.0,0.00839327,0.00839327,0.0,6,6,0.0,0,0,0.0,0,0,0.0
corrected_vs_forced,58290,0.2,2027.0,1,1,0.0,0.07484476,0.07484476,0.0,5,5,0.0,0,0,0.0,0,0,0.0
corrected_vs_forced,58290,0.2,2028.0,1,1,0.0,0.07484476,0.07484476,0.0,5,5,0.0,0,0,0.0,0,0,0.0
corrected_vs_forced,58290,0.3,2026.0,1,1,0.0,0.07484476,0.07484476,0.0,5,5,0.0,0,0,0.0,0,0,0.0
corrected_vs_forced,58290,0.3,2027.0,1,1,0.0,0.07484476,0.07484476,0.0,5,5,0.0,0,0,0.0,0,0,0.0
corrected_vs_forced,58290,0.3,2028.0,1,1,0.0,0.00839327,0.00839327,0.0,6,6,0.0,0,0,0.0,0,0,0.0
corrected_vs_forced,59603,0.2,2026.0,1,1,0.0,0.00260929,0.00260929,0.0,13,13,0.0,0,0,0.0,0,0,0.0
corrected_vs_forced,59603,0.2,2027.0,1,0,1.0,0.00013358,1.93449256,-1.93435898,13,7,6.0,0,1,-1.0,0,1,-1.0
corrected_vs_forced,59603,0.2,2028.0,1,1,0.0,0.00015032,0.03053835,-0.03038803,10,9,1.0,0,1,-1.0,0,1,-1.0
corrected_vs_forced,59603,0.3,2026.0,1,1,0.0,0.00015056,0.03057823,-0.03042767,12,11,1.0,0,1,-1.0,0,1,-1.0
corrected_vs_forced,59603,0.3,2027.0,1,1,0.0,0.00015194,0.00015194,0.0,11,12,-1.0,0,1,-1.0,0,1,-1.0
corrected_vs_forced,59603,0.3,2028.0,1,1,0.0,0.00161259,0.02978498,-0.02817239,12,10,2.0,0,1,-1.0,0,0,0.0
corrected_vs_forced,59747,0.2,2026.0,1,1,0.0,0.00048475,0.00048475,0.0,2,2,0.0,0,0,0.0,0,0,0.0
corrected_vs_forced,59747,0.2,2027.0,1,1,0.0,0.00048475,0.00048475,0.0,2,2,0.0,0,0,0.0,0,0,0.0
corrected_vs_forced,59747,0.2,2028.0,1,1,0.0,0.00360776,0.01419492,-0.01058716,11,11,0.0,0,1,-1.0,0,1,-1.0
corrected_vs_forced,59747,0.3,2026.0,1,1,0.0,0.00034262,0.00034262,0.0,4,4,0.0,0,0,0.0,0,0,0.0
corrected_vs_forced,59747,0.3,2027.0,1,1,0.0,0.00048475,0.00048475,0.0,2,2,0.0,0,0,0.0,0,0,0.0
corrected_vs_forced,59747,0.3,2028.0,1,1,0.0,0.00048475,0.00048475,0.0,2,2,0.0,0,0,0.0,0,0,0.0
corrected_vs_forced,60118,0.2,2026.0,1,1,0.0,0.01514424,0.01514424,0.0,2,2,0.0,0,0,0.0,0,0,0.0
corrected_vs_forced,60118,0.2,2027.0,1,1,0.0,0.0006737,0.0006737,0.0,4,4,0.0,0,0,0.0,0,0,0.0
corrected_vs_forced,60118,0.2,2028.0,1,1,0.0,0.01514424,0.01514424,0.0,2,2,0.0,0,0,0.0,0,0,0.0
corrected_vs_forced,60118,0.3,2026.0,1,1,0.0,0.01514424,0.01514424,0.0,2,2,0.0,0,0,0.0,0,0,0.0
corrected_vs_forced,60118,0.3,2027.0,1,1,0.0,0.01514424,0.01514424,0.0,2,2,0.0,0,0,0.0,0,0,0.0
corrected_vs_forced,60118,0.3,2028.0,1,1,0.0,0.39393945,0.39393945,0.0,15,15,0.0,0,0,0.0,0,0,0.0
corrected_vs_forced,60326,0.2,2026.0,1,1,0.0,0.01853659,0.01853659,0.0,1,1,0.0,0,0,0.0,0,0,0.0
corrected_vs_forced,60326,0.2,2027.0,1,1,0.0,0.01311348,0.01311348,0.0,13,13,0.0,0,0,0.0,0,0,0.0
corrected_vs_forced,60326,0.2,2028.0,1,1,0.0,0.01853659,0.01853659,0.0,1,1,0.0,0,0,0.0,0,0,0.0
corrected_vs_forced,60326,0.3,2026.0,1,1,0.0,0.02186933,0.02186933,0.0,2,2,0.0,0,0,0.0,0,0,0.0
corrected_vs_forced,60326,0.3,2027.0,1,1,0.0,0.01853659,0.01853659,0.0,1,1,0.0,0,0,0.0,0,0,0.0
corrected_vs_forced,60326,0.3,2028.0,1,1,0.0,0.01853659,0.01853659,0.0,1,1,0.0,0,0,0.0,0,0,0.0
corrected_vs_forced,60577,0.2,2026.0,1,1,0.0,0.0002246,0.0002246,0.0,4,4,0.0,0,0,0.0,0,0,0.0
corrected_vs_forced,60577,0.2,2027.0,1,1,0.0,5.691e-05,5.691e-05,0.0,6,6,0.0,0,0,0.0,0,0,0.0
corrected_vs_forced,60577,0.2,2028.0,1,1,0.0,0.00061818,0.00061818,0.0,4,4,0.0,0,0,0.0,0,0,0.0
corrected_vs_forced,60577,0.3,2026.0,1,1,0.0,2.18e-05,2.18e-05,0.0,8,8,0.0,1,1,0.0,0,0,0.0
corrected_vs_forced,60577,0.3,2027.0,1,1,0.0,0.00422426,0.00422426,0.0,7,7,0.0,0,0,0.0,0,0,0.0
corrected_vs_forced,60577,0.3,2028.0,0,0,0.0,1.16833241,1.16833241,0.0,15,15,0.0,0,0,0.0,0,0,0.0
corrected_vs_forced,61232,0.2,2026.0,1,1,0.0,0.03524856,0.03524856,0.0,1,1,0.0,0,0,0.0,0,0,0.0
corrected_vs_forced,61232,0.2,2027.0,1,1,0.0,0.03524856,0.03524856,0.0,1,1,0.0,0,0,0.0,0,0,0.0
corrected_vs_forced,61232,0.2,2028.0,1,1,0.0,0.03524856,0.03524856,0.0,1,1,0.0,0,0,0.0,0,0,0.0
corrected_vs_forced,61232,0.3,2026.0,1,1,0.0,0.03524856,0.03524856,0.0,1,1,0.0,0,0,0.0,0,0,0.0
corrected_vs_forced,61232,0.3,2027.0,1,1,0.0,0.03524856,0.03524856,0.0,1,1,0.0,0,0,0.0,0,0,0.0
corrected_vs_forced,61232,0.3,2028.0,1,1,0.0,0.03524856,0.03524856,0.0,1,1,0.0,0,0,0.0,0,0,0.0
corrected_vs_forced,61497,0.2,2026.0,1,1,0.0,0.03175748,0.0208618,0.01089568,11,11,0.0,1,1,0.0,0,0,0.0
corrected_vs_forced,61497,0.2,2027.0,1,1,0.0,0.00621901,0.00621901,0.0,8,8,0.0,0,0,0.0,0,0,0.0
corrected_vs_forced,61497,0.2,2028.0,1,1,0.0,0.01243013,0.01243013,0.0,9,9,0.0,0,0,0.0,0,0,0.0
corrected_vs_forced,61497,0.3,2026.0,0,0,0.0,1.17010919,1.17010919,0.0,15,15,0.0,1,1,0.0,1,1,0.0
corrected_vs_forced,61497,0.3,2027.0,0,0,0.0,1.78261263,1.78261263,0.0,2,2,0.0,0,0,0.0,0,0,0.0
corrected_vs_forced,61497,0.3,2028.0,1,1,0.0,0.05088134,0.05088134,0.0,9,9,0.0,0,0,0.0,0,0,0.0
corrected_vs_forced,61737,0.2,2026.0,1,1,0.0,0.00218806,0.00218806,0.0,6,6,0.0,0,0,0.0,0,0,0.0
corrected_vs_forced,61737,0.2,2027.0,1,1,0.0,8.505e-05,8.505e-05,0.0,6,6,0.0,0,0,0.0,0,0,0.0
corrected_vs_forced,61737,0.2,2028.0,1,1,0.0,0.00161616,0.00161616,0.0,6,6,0.0,0,0,0.0,0,0,0.0
corrected_vs_forced,61737,0.3,2026.0,1,1,0.0,0.00139906,0.00239567,-0.00099661,11,9,2.0,0,1,-1.0,0,0,0.0
corrected_vs_forced,61737,0.3,2027.0,1,1,0.0,0.00238623,0.00238623,0.0,6,6,0.0,0,0,0.0,0,0,0.0
corrected_vs_forced,61737,0.3,2028.0,1,1,0.0,0.00014469,0.01360108,-0.01345639,9,8,1.0,0,1,-1.0,0,1,-1.0
corrected_vs_forced,61848,0.2,2026.0,1,1,0.0,0.00763356,0.00763356,0.0,7,7,0.0,0,0,0.0,0,0,0.0
corrected_vs_forced,61848,0.2,2027.0,0,0,0.0,0.8935474,0.8935474,0.0,15,15,0.0,1,1,0.0,1,1,0.0
corrected_vs_forced,61848,0.2,2028.0,1,1,0.0,0.00031131,0.00031131,0.0,6,6,0.0,0,0,0.0,0,0,0.0
corrected_vs_forced,61848,0.3,2026.0,1,1,0.0,0.00042669,0.00042669,0.0,14,14,0.0,1,1,0.0,1,1,0.0
corrected_vs_forced,61848,0.3,2027.0,1,1,0.0,0.00270019,0.00270019,0.0,11,11,0.0,0,0,0.0,0,0,0.0
corrected_vs_forced,61848,0.3,2028.0,1,1,0.0,0.00030021,0.00030021,0.0,8,8,0.0,0,0,0.0,0,0,0.0
corrected_vs_forced,64748,0.2,2026.0,0,0,0.0,1.01292222,1.01292222,0.0,15,15,0.0,1,1,0.0,0,0,0.0
corrected_vs_forced,64748,0.2,2027.0,0,0,0.0,1.03909244,1.03909244,0.0,15,15,0.0,0,0,0.0,0,0,0.0
corrected_vs_forced,64748,0.2,2028.0,0,0,0.0,1.19059513,1.19059513,0.0,15,15,0.0,0,0,0.0,0,0,0.0
corrected_vs_forced,64748,0.3,2026.0,1,1,0.0,0.00294517,0.00294517,0.0,13,13,0.0,0,0,0.0,0,0,0.0
corrected_vs_forced,64748,0.3,2027.0,0,0,0.0,1.19444175,1.70898539,-0.51454364,15,8,7.0,0,1,-1.0,0,1,-1.0
corrected_vs_forced,64748,0.3,2028.0,0,0,0.0,1.20057145,1.75526792,-0.55469647,15,11,4.0,1,1,0.0,1,1,0.0
corrected_vs_forced,67430,0.2,2026.0,0,0,0.0,1.02652162,1.02652162,0.0,15,15,0.0,0,0,0.0,0,0,0.0
corrected_vs_forced,67430,0.2,2027.0,0,0,0.0,1.01449214,1.01449214,0.0,15,15,0.0,0,0,0.0,0,0,0.0
corrected_vs_forced,67430,0.2,2028.0,1,1,0.0,0.00192282,0.00192282,0.0,9,9,0.0,0,0,0.0,0,0,0.0
corrected_vs_forced,67430,0.3,2026.0,0,0,0.0,1.80164952,1.80164952,0.0,9,9,0.0,0,0,0.0,0,0,0.0
corrected_vs_forced,67430,0.3,2027.0,1,1,0.0,0.00346274,0.00346274,0.0,9,8,1.0,1,1,0.0,0,0,0.0
corrected_vs_forced,67430,0.3,2028.0,1,1,0.0,0.00235818,0.00235818,0.0,6,6,0.0,0,0,0.0,0,0,0.0
corrected_vs_forced,67557,0.2,2026.0,0,0,0.0,1.02713636,1.02713636,0.0,15,15,0.0,0,0,0.0,0,0,0.0
corrected_vs_forced,67557,0.2,2027.0,1,1,0.0,0.00228762,0.00228762,0.0,12,12,0.0,1,1,0.0,0,0,0.0
corrected_vs_forced,67557,0.2,2028.0,1,1,0.0,0.00050982,0.00050982,0.0,13,13,0.0,0,0,0.0,0,0,0.0
corrected_vs_forced,67557,0.3,2026.0,1,1,0.0,0.01713831,0.01713831,0.0,15,15,0.0,0,0,0.0,0,0,0.0
corrected_vs_forced,67557,0.3,2027.0,1,1,0.0,0.00866058,0.00866058,0.0,13,13,0.0,0,0,0.0,0,0,0.0
corrected_vs_forced,67557,0.3,2028.0,0,0,0.0,1.95154973,1.95154973,0.0,7,7,0.0,0,0,0.0,0,0,0.0
corrected_vs_forced,6756,0.2,2026.0,0,0,0.0,0.76436888,0.76436888,0.0,15,15,0.0,0,0,0.0,0,0,0.0
corrected_vs_forced,6756,0.2,2027.0,1,1,0.0,0.43327824,0.43327824,0.0,15,15,0.0,0,0,0.0,0,0,0.0
corrected_vs_forced,6756,0.2,2028.0,0,0,0.0,1.08089905,1.08089905,0.0,15,15,0.0,0,0,0.0,0,0,0.0
corrected_vs_forced,6756,0.3,2026.0,1,1,0.0,0.00879335,0.00879335,0.0,15,15,0.0,0,0,0.0,0,0,0.0
corrected_vs_forced,6756,0.3,2027.0,0,0,0.0,0.95006535,0.95006535,0.0,15,15,0.0,0,0,0.0,0,0,0.0
corrected_vs_forced,6756,0.3,2028.0,0,0,0.0,1.9677277,1.9677277,0.0,14,14,0.0,0,0,0.0,0,0,0.0
corrected_vs_forced,67646,0.2,2026.0,1,1,0.0,0.00419528,0.00419528,0.0,3,3,0.0,0,0,0.0,0,0,0.0
corrected_vs_forced,67646,0.2,2027.0,1,1,0.0,0.01566177,0.01566177,0.0,5,5,0.0,0,0,0.0,0,0,0.0
corrected_vs_forced,67646,0.2,2028.0,1,1,0.0,0.01112761,0.01112761,0.0,5,5,0.0,0,0,0.0,0,0,0.0
corrected_vs_forced,67646,0.3,2026.0,1,1,0.0,0.0050265,0.0050265,0.0,4,4,0.0,0,0,0.0,0,0,0.0
corrected_vs_forced,67646,0.3,2027.0,1,1,0.0,0.00015777,0.00217921,-0.00202144,11,11,0.0,0,1,-1.0,0,0,0.0
corrected_vs_forced,67646,0.3,2028.0,1,1,0.0,0.00419528,0.00419528,0.0,3,3,0.0,0,0,0.0,0,0,0.0
corrected_vs_forced,681,0.2,2026.0,0,0,0.0,1.01646855,1.01646855,0.0,15,15,0.0,0,0,0.0,0,0,0.0
corrected_vs_forced,681,0.2,2027.0,0,0,0.0,1.06380004,1.13818587,-0.07438583,15,15,0.0,1,1,0.0,1,1,0.0
corrected_vs_forced,681,0.2,2028.0,0,0,0.0,1.73995599,1.73995599,0.0,15,15,0.0,0,0,0.0,0,0,0.0
corrected_vs_forced,681,0.3,2026.0,0,0,0.0,1.40026176,1.40026176,0.0,15,15,0.0,0,1,-1.0,0,1,-1.0
corrected_vs_forced,681,0.3,2027.0,0,0,0.0,1.08146503,1.08146503,0.0,15,15,0.0,0,0,0.0,0,0,0.0
corrected_vs_forced,681,0.3,2028.0,0,0,0.0,1.86581264,1.86581264,0.0,8,8,0.0,0,0,0.0,0,0,0.0
corrected_vs_forced,68624,0.2,2026.0,1,1,0.0,0.00044494,0.00044494,0.0,11,11,0.0,1,1,0.0,0,0,0.0
corrected_vs_forced,68624,0.2,2027.0,1,1,0.0,0.0134996,0.0134996,0.0,9,9,0.0,0,0,0.0,0,0,0.0
corrected_vs_forced,68624,0.2,2028.0,1,1,0.0,0.17006244,0.17006244,0.0,15,15,0.0,1,1,0.0,0,0,0.0
corrected_vs_forced,68624,0.3,2026.0,1,1,0.0,0.00042481,0.00042481,0.0,9,9,0.0,0,0,0.0,0,0,0.0
corrected_vs_forced,68624,0.3,2027.0,1,1,0.0,8.387e-05,0.01289449,-0.01281062,12,11,1.0,1,1,0.0,0,0,0.0
corrected_vs_forced,68624,0.3,2028.0,0,0,0.0,1.04838735,1.05664295,-0.0082556,15,15,0.0,0,1,-1.0,0,0,0.0
corrected_vs_forced,68974,0.2,2026.0,0,0,0.0,0.97630803,0.97630803,0.0,15,15,0.0,0,0,0.0,0,0,0.0
corrected_vs_forced,68974,0.2,2027.0,1,1,0.0,0.00196817,0.00196817,0.0,14,14,0.0,1,1,0.0,0,0,0.0
corrected_vs_forced,68974,0.2,2028.0,1,1,0.0,0.00011562,0.00011562,0.0,6,6,0.0,0,0,0.0,0,0,0.0
corrected_vs_forced,68974,0.3,2026.0,0,0,0.0,1.0450222,1.0450222,0.0,15,15,0.0,0,0,0.0,0,0,0.0
corrected_vs_forced,68974,0.3,2027.0,1,1,0.0,0.00437418,0.00437418,0.0,10,10,0.0,0,0,0.0,0,0,0.0
corrected_vs_forced,68974,0.3,2028.0,1,1,0.0,0.60601117,0.60601117,0.0,15,15,0.0,0,0,0.0,0,0,0.0
corrected_vs_forced,69372,0.2,2026.0,0,0,0.0,1.88212436,1.88212436,0.0,3,3,0.0,0,0,0.0,0,0,0.0
corrected_vs_forced,69372,0.2,2027.0,1,1,0.0,0.0002246,0.0002246,0.0,4,4,0.0,0,0,0.0,0,0,0.0
corrected_vs_forced,69372,0.2,2028.0,0,0,0.0,0.98636592,0.98636592,0.0,15,15,0.0,0,0,0.0,0,0,0.0
corrected_vs_forced,69372,0.3,2026.0,1,1,0.0,6.101e-05,6.101e-05,0.0,4,4,0.0,0,0,0.0,0,0,0.0
corrected_vs_forced,69372,0.3,2027.0,1,1,0.0,3.921e-05,3.921e-05,0.0,6,6,0.0,1,1,0.0,0,0,0.0
corrected_vs_forced,69372,0.3,2028.0,0,0,0.0,0.92832072,0.92832072,0.0,15,15,0.0,0,0,0.0,0,0,0.0
corrected_vs_forced,69402,0.2,2026.0,1,1,0.0,0.00914077,0.00914077,0.0,4,4,0.0,0,0,0.0,0,0,0.0
corrected_vs_forced,69402,0.2,2027.0,1,1,0.0,0.00968801,0.00968801,0.0,7,7,0.0,0,0,0.0,0,0,0.0
corrected_vs_forced,69402,0.2,2028.0,1,1,0.0,0.00914077,0.00914077,0.0,4,4,0.0,0,0,0.0,0,0,0.0
corrected_vs_forced,69402,0.3,2026.0,1,1,0.0,0.00914077,0.00914077,0.0,4,4,0.0,0,0,0.0,0,0,0.0
corrected_vs_forced,69402,0.3,2027.0,1,1,0.0,0.00102672,0.00102672,0.0,7,7,0.0,0,0,0.0,0,0,0.0
corrected_vs_forced,69402,0.3,2028.0,0,0,0.0,1.0132978,1.0132978,0.0,15,15,0.0,0,0,0.0,0,0,0.0
corrected_vs_forced,70085,0.2,2026.0,1,1,0.0,0.00626476,0.00626476,0.0,4,4,0.0,0,0,0.0,0,0,0.0
corrected_vs_forced,70085,0.2,2027.0,1,1,0.0,1.216e-05,1.216e-05,0.0,4,4,0.0,0,0,0.0,0,0,0.0
corrected_vs_forced,70085,0.2,2028.0,1,1,0.0,1.216e-05,1.216e-05,0.0,4,4,0.0,0,0,0.0,0,0,0.0
corrected_vs_forced,70085,0.3,2026.0,1,1,0.0,1.216e-05,1.216e-05,0.0,4,4,0.0,0,0,0.0,0,0,0.0
corrected_vs_forced,70085,0.3,2027.0,1,1,0.0,0.00245568,0.00245568,0.0,4,4,0.0,0,0,0.0,0,0,0.0
corrected_vs_forced,70085,0.3,2028.0,1,1,0.0,1.25e-05,1.25e-05,0.0,4,4,0.0,0,0,0.0,0,0,0.0
corrected_vs_forced,7013,0.2,2026.0,0,0,0.0,1.77716986,1.77716986,0.0,8,8,0.0,0,0,0.0,0,0,0.0
corrected_vs_forced,7013,0.2,2027.0,0,0,0.0,1.00431324,1.00431324,0.0,15,15,0.0,0,0,0.0,0,0,0.0
corrected_vs_forced,7013,0.2,2028.0,0,0,0.0,1.02604652,1.02604652,0.0,15,15,0.0,0,0,0.0,0,0,0.0
corrected_vs_forced,7013,0.3,2026.0,0,0,0.0,1.0280219,1.0280219,0.0,15,15,0.0,0,0,0.0,0,0,0.0
corrected_vs_forced,7013,0.3,2027.0,0,0,0.0,1.09217939,1.09217939,0.0,15,15,0.0,0,0,0.0,0,0,0.0
corrected_vs_forced,7013,0.3,2028.0,0,0,0.0,1.73296327,1.73296327,0.0,7,7,0.0,0,0,0.0,0,0,0.0
corrected_vs_forced,71249,0.2,2026.0,1,1,0.0,0.00456375,0.00456375,0.0,5,5,0.0,0,0,0.0,0,0,0.0
corrected_vs_forced,71249,0.2,2027.0,1,1,0.0,0.00257782,0.00257782,0.0,5,5,0.0,0,0,0.0,0,0,0.0
corrected_vs_forced,71249,0.2,2028.0,1,1,0.0,0.00343451,0.00343451,0.0,7,7,0.0,0,0,0.0,0,0,0.0
corrected_vs_forced,71249,0.3,2026.0,1,1,0.0,0.05966729,0.06614226,-0.00647497,15,14,1.0,1,1,0.0,0,0,0.0
corrected_vs_forced,71249,0.3,2027.0,1,1,0.0,0.00706127,0.00142187,0.0056394,15,15,0.0,0,1,-1.0,0,0,0.0
corrected_vs_forced,71249,0.3,2028.0,0,0,0.0,0.98757331,0.98757331,0.0,15,15,0.0,0,0,0.0,0,0,0.0
corrected_vs_forced,71499,0.2,2026.0,1,1,0.0,0.00123218,0.05793013,-0.05669795,9,9,0.0,0,1,-1.0,0,0,0.0
corrected_vs_forced,71499,0.2,2027.0,1,1,0.0,0.06359876,0.06359876,0.0,6,6,0.0,0,0,0.0,0,0,0.0
corrected_vs_forced,71499,0.2,2028.0,1,1,0.0,0.06359876,0.06359876,0.0,6,6,0.0,0,0,0.0,0,0,0.0
corrected_vs_forced,71499,0.3,2026.0,1,1,0.0,0.01817087,0.01817087,0.0,6,6,0.0,0,0,0.0,0,0,0.0
corrected_vs_forced,71499,0.3,2027.0,0,0,0.0,1.85920712,1.83169937,0.02750775,9,7,2.0,0,0,0.0,0,0,0.0
corrected_vs_forced,71499,0.3,2028.0,1,1,0.0,0.00839327,0.00839327,0.0,6,6,0.0,0,0,0.0,0,0,0.0
corrected_vs_forced,7169,0.2,2026.0,1,1,0.0,0.00215005,0.00215005,0.0,4,4,0.0,0,0,0.0,0,0,0.0
corrected_vs_forced,7169,0.2,2027.0,1,1,0.0,0.03854053,0.03854053,0.0,2,2,0.0,0,0,0.0,0,0,0.0
corrected_vs_forced,7169,0.2,2028.0,1,1,0.0,0.00215005,0.00215005,0.0,4,4,0.0,0,0,0.0,0,0,0.0
corrected_vs_forced,7169,0.3,2026.0,1,1,0.0,0.00265998,0.00265998,0.0,3,3,0.0,0,0,0.0,0,0,0.0
corrected_vs_forced,7169,0.3,2027.0,1,1,0.0,0.00700915,0.00700915,0.0,10,10,0.0,1,1,0.0,0,0,0.0
corrected_vs_forced,7169,0.3,2028.0,1,1,0.0,0.00236958,0.00236958,0.0,6,6,0.0,1,1,0.0,0,0,0.0
corrected_vs_forced,72012,0.2,2026.0,1,1,0.0,0.0037733,0.0037733,0.0,3,3,0.0,0,0,0.0,0,0,0.0
corrected_vs_forced,72012,0.2,2027.0,1,1,0.0,0.0037733,0.0037733,0.0,3,3,0.0,0,0,0.0,0,0,0.0
corrected_vs_forced,72012,0.2,2028.0,1,1,0.0,0.0037733,0.0037733,0.0,3,3,0.0,0,0,0.0,0,0,0.0
corrected_vs_forced,72012,0.3,2026.0,1,1,0.0,0.00378188,0.00378188,0.0,3,3,0.0,0,0,0.0,0,0,0.0
corrected_vs_forced,72012,0.3,2027.0,0,0,0.0,1.06298146,1.06298146,0.0,15,15,0.0,0,0,0.0,0,0,0.0
corrected_vs_forced,72012,0.3,2028.0,0,0,0.0,1.02042203,1.02042203,0.0,15,15,0.0,0,0,0.0,0,0,0.0
corrected_vs_forced,72058,0.2,2026.0,0,0,0.0,0.84431616,0.84431616,0.0,15,15,0.0,0,0,0.0,0,0,0.0
corrected_vs_forced,72058,0.2,2027.0,0,0,0.0,1.12079519,1.21875078,-0.09795559,15,15,0.0,0,1,-1.0,0,0,0.0
corrected_vs_forced,72058,0.2,2028.0,1,1,0.0,0.00199156,0.00199156,0.0,15,15,0.0,0,0,0.0,0,0,0.0
corrected_vs_forced,72058,0.3,2026.0,0,0,0.0,1.78190331,1.78190331,0.0,12,12,0.0,0,0,0.0,0,0,0.0
corrected_vs_forced,72058,0.3,2027.0,0,0,0.0,0.86405348,0.86405348,0.0,15,15,0.0,0,0,0.0,0,0,0.0
corrected_vs_forced,72058,0.3,2028.0,0,0,0.0,0.92957298,0.92957298,0.0,15,15,0.0,0,0,0.0,0,0,0.0
corrected_vs_forced,72546,0.2,2026.0,1,1,0.0,0.00883543,0.00883543,0.0,3,3,0.0,0,0,0.0,0,0,0.0
corrected_vs_forced,72546,0.2,2027.0,1,1,0.0,0.00549748,0.00549748,0.0,3,3,0.0,0,0,0.0,0,0,0.0
corrected_vs_forced,72546,0.2,2028.0,1,1,0.0,0.00883543,0.00883543,0.0,3,3,0.0,0,0,0.0,0,0,0.0
corrected_vs_forced,72546,0.3,2026.0,1,1,0.0,0.00549748,0.00549748,0.0,3,3,0.0,0,0,0.0,0,0,0.0
corrected_vs_forced,72546,0.3,2027.0,1,1,0.0,0.00131967,0.00131967,0.0,7,5,2.0,1,1,0.0,0,0,0.0
corrected_vs_forced,72546,0.3,2028.0,1,1,0.0,0.00254543,0.00254543,0.0,4,4,0.0,0,0,0.0,0,0,0.0
corrected_vs_forced,73295,0.2,2026.0,1,1,0.0,0.00018857,0.00018857,0.0,6,6,0.0,0,0,0.0,0,0,0.0
corrected_vs_forced,73295,0.2,2027.0,1,1,0.0,0.00372178,0.00372178,0.0,7,7,0.0,0,0,0.0,0,0,0.0
corrected_vs_forced,73295,0.2,2028.0,1,1,0.0,0.00018857,0.00018857,0.0,6,6,0.0,0,0,0.0,0,0,0.0
corrected_vs_forced,73295,0.3,2026.0,1,1,0.0,0.00046995,0.00046995,0.0,5,5,0.0,0,0,0.0,0,0,0.0
corrected_vs_forced,73295,0.3,2027.0,0,0,0.0,1.04256128,1.04256128,0.0,15,15,0.0,0,0,0.0,0,0,0.0
corrected_vs_forced,73295,0.3,2028.0,0,0,0.0,1.73268534,1.73268534,0.0,5,5,0.0,0,0,0.0,0,0,0.0
corrected_vs_forced,74885,0.2,2026.0,0,0,0.0,0.96048936,0.96048936,0.0,15,15,0.0,0,0,0.0,0,0,0.0
corrected_vs_forced,74885,0.2,2027.0,0,0,0.0,0.92643993,0.92643993,0.0,15,15,0.0,0,0,0.0,0,0,0.0
corrected_vs_forced,74885,0.2,2028.0,0,0,0.0,0.97256299,0.97256299,0.0,15,15,0.0,0,0,0.0,0,0,0.0
corrected_vs_forced,74885,0.3,2026.0,0,0,0.0,0.98404068,0.98404068,0.0,15,15,0.0,0,0,0.0,0,0,0.0
corrected_vs_forced,74885,0.3,2027.0,0,0,0.0,1.19701934,1.19701934,0.0,15,15,0.0,0,0,0.0,0,0,0.0
corrected_vs_forced,74885,0.3,2028.0,0,0,0.0,1.00472241,1.00472241,0.0,15,15,0.0,1,1,0.0,0,0,0.0
corrected_vs_forced,74916,0.2,2026.0,0,0,0.0,1.87444026,1.87444026,0.0,9,9,0.0,0,0,0.0,0,0,0.0
corrected_vs_forced,74916,0.2,2027.0,0,0,0.0,0.87501847,0.87501847,0.0,15,15,0.0,0,0,0.0,0,0,0.0
corrected_vs_forced,74916,0.2,2028.0,1,1,0.0,0.09532127,0.09532127,0.0,15,15,0.0,0,0,0.0,0,0,0.0
corrected_vs_forced,74916,0.3,2026.0,0,0,0.0,1.81805019,1.77602897,0.04202122,12,11,1.0,1,1,0.0,1,1,0.0
corrected_vs_forced,74916,0.3,2027.0,1,1,0.0,0.76671671,0.76671671,0.0,15,15,0.0,0,0,0.0,0,0,0.0
corrected_vs_forced,74916,0.3,2028.0,0,0,0.0,1.27123324,1.27123324,0.0,15,15,0.0,1,1,0.0,1,1,0.0
corrected_vs_forced,7571,0.2,2026.0,1,1,0.0,0.11281712,0.00147653,0.11134059,15,12,3.0,1,1,0.0,0,0,0.0
corrected_vs_forced,7571,0.2,2027.0,1,1,0.0,0.00252802,0.00252802,0.0,2,2,0.0,0,0,0.0,0,0,0.0
corrected_vs_forced,7571,0.2,2028.0,1,1,0.0,0.00193896,0.00193896,0.0,2,2,0.0,0,0,0.0,0,0,0.0
corrected_vs_forced,7571,0.3,2026.0,1,1,0.0,0.00193896,0.00193896,0.0,2,2,0.0,0,0,0.0,0,0,0.0
corrected_vs_forced,7571,0.3,2027.0,1,1,0.0,0.00614722,0.00614722,0.0,3,3,0.0,0,0,0.0,0,0,0.0
corrected_vs_forced,7571,0.3,2028.0,1,1,0.0,0.00215602,0.00215602,0.0,2,2,0.0,0,0,0.0,0,0,0.0
corrected_vs_forced,75733,0.2,2026.0,1,1,0.0,0.02663848,0.02663848,0.0,2,2,0.0,0,0,0.0,0,0,0.0
corrected_vs_forced,75733,0.2,2027.0,1,1,0.0,0.02663848,0.02663848,0.0,2,2,0.0,0,0,0.0,0,0,0.0
corrected_vs_forced,75733,0.2,2028.0,1,1,0.0,0.0248572,0.0248572,0.0,3,3,0.0,0,0,0.0,0,0,0.0
corrected_vs_forced,75733,0.3,2026.0,1,1,0.0,0.02663848,0.02663848,0.0,2,2,0.0,0,0,0.0,0,0,0.0
corrected_vs_forced,75733,0.3,2027.0,1,1,0.0,0.02663848,0.02663848,0.0,2,2,0.0,0,0,0.0,0,0,0.0
corrected_vs_forced,75733,0.3,2028.0,1,1,0.0,0.0060455,0.0060455,0.0,14,14,0.0,0,0,0.0,0,0,0.0
corrected_vs_forced,75760,0.2,2026.0,0,0,0.0,1.77575378,1.77575378,0.0,9,9,0.0,0,0,0.0,0,0,0.0
corrected_vs_forced,75760,0.2,2027.0,0,0,0.0,0.70457815,0.70457815,0.0,15,15,0.0,0,0,0.0,0,0,0.0
corrected_vs_forced,75760,0.2,2028.0,1,1,0.0,0.00327696,0.00327696,0.0,11,11,0.0,0,0,0.0,0,0,0.0
corrected_vs_forced,75760,0.3,2026.0,1,1,0.0,7.3e-05,0.01304035,-0.01296735,10,10,0.0,0,1,-1.0,0,1,-1.0
corrected_vs_forced,75760,0.3,2027.0,1,1,0.0,0.07736848,0.01166595,0.06570253,15,14,1.0,0,1,-1.0,0,1,-1.0
corrected_vs_forced,75760,0.3,2028.0,1,1,0.0,0.00372449,0.00372449,0.0,8,8,0.0,1,1,0.0,0,0,0.0
corrected_vs_forced,76630,0.2,2026.0,1,1,0.0,0.00193838,0.00193838,0.0,3,3,0.0,0,0,0.0,0,0,0.0
corrected_vs_forced,76630,0.2,2027.0,1,1,0.0,0.00267317,0.00267317,0.0,11,11,0.0,1,1,0.0,1,1,0.0
corrected_vs_forced,76630,0.2,2028.0,1,1,0.0,0.00155706,0.00155706,0.0,3,3,0.0,0,0,0.0,0,0,0.0
corrected_vs_forced,76630,0.3,2026.0,1,1,0.0,0.00155706,0.00155706,0.0,3,3,0.0,0,0,0.0,0,0,0.0
corrected_vs_forced,76630,0.3,2027.0,1,1,0.0,0.00155706,0.00155706,0.0,3,3,0.0,0,0,0.0,0,0,0.0
corrected_vs_forced,76630,0.3,2028.0,1,1,0.0,0.00033731,0.00033731,0.0,7,7,0.0,1,1,0.0,1,1,0.0
corrected_vs_forced,77351,0.2,2026.0,1,1,0.0,0.00284678,0.00284678,0.0,6,6,0.0,0,0,0.0,0,0,0.0
corrected_vs_forced,77351,0.2,2027.0,1,1,0.0,0.01092356,0.01092356,0.0,2,2,0.0,0,0,0.0,0,0,0.0
corrected_vs_forced,77351,0.2,2028.0,1,1,0.0,0.00058032,0.00058032,0.0,8,8,0.0,0,0,0.0,0,0,0.0
corrected_vs_forced,77351,0.3,2026.0,1,1,0.0,0.00259171,0.00098813,0.00160358,12,11,1.0,0,1,-1.0,0,1,-1.0
corrected_vs_forced,77351,0.3,2027.0,1,1,0.0,0.00284678,0.00284678,0.0,6,6,0.0,0,0,0.0,0,0,0.0
corrected_vs_forced,77351,0.3,2028.0,1,1,0.0,0.00021211,0.00021211,0.0,6,6,0.0,0,0,0.0,0,0,0.0
corrected_vs_forced,77455,0.2,2026.0,0,0,0.0,1.13484776,1.13484776,0.0,15,15,0.0,0,0,0.0,0,0,0.0
corrected_vs_forced,77455,0.2,2027.0,1,1,0.0,0.00049985,0.00049985,0.0,10,10,0.0,0,0,0.0,0,0,0.0
corrected_vs_forced,77455,0.2,2028.0,0,0,0.0,1.91440032,1.91440032,0.0,12,13,-1.0,0,1,-1.0,0,1,-1.0
corrected_vs_forced,77455,0.3,2026.0,0,0,0.0,1.96579445,1.96579445,0.0,6,6,0.0,0,0,0.0,0,0,0.0
corrected_vs_forced,77455,0.3,2027.0,1,1,0.0,0.00051506,0.00051506,0.0,6,6,0.0,0,0,0.0,0,0,0.0
corrected_vs_forced,77455,0.3,2028.0,0,0,0.0,1.8816595,1.8816595,0.0,3,3,0.0,0,0,0.0,0,0,0.0
corrected_vs_forced,77692,0.2,2026.0,0,0,0.0,1.87340557,1.87340557,0.0,8,8,0.0,0,0,0.0,0,0,0.0
corrected_vs_forced,77692,0.2,2027.0,1,1,0.0,0.01086031,0.01086031,0.0,11,11,0.0,0,0,0.0,0,0,0.0
corrected_vs_forced,77692,0.2,2028.0,1,1,0.0,0.00725584,0.00725584,0.0,13,13,0.0,0,0,0.0,0,0,0.0
corrected_vs_forced,77692,0.3,2026.0,0,0,0.0,0.94887012,0.94887012,0.0,15,15,0.0,0,0,0.0,0,0,0.0
corrected_vs_forced,77692,0.3,2027.0,1,1,0.0,0.01109849,0.01109849,0.0,14,14,0.0,0,0,0.0,0,0,0.0
corrected_vs_forced,77692,0.3,2028.0,0,0,0.0,1.04649842,1.04649842,0.0,15,15,0.0,1,1,0.0,1,1,0.0
corrected_vs_forced,78017,0.2,2026.0,1,1,0.0,0.00312238,0.00312238,0.0,7,7,0.0,0,0,0.0,0,0,0.0
corrected_vs_forced,78017,0.2,2027.0,1,1,0.0,0.00858735,0.02958034,-0.02099299,7,7,0.0,0,1,-1.0,0,1,-1.0
corrected_vs_forced,78017,0.2,2028.0,1,1,0.0,0.0001875,0.0001875,0.0,5,5,0.0,0,0,0.0,0,0,0.0
corrected_vs_forced,78017,0.3,2026.0,1,1,0.0,0.0001875,0.0001875,0.0,5,5,0.0,0,0,0.0,0,0,0.0
corrected_vs_forced,78017,0.3,2027.0,1,1,0.0,0.00448156,0.00448156,0.0,6,6,0.0,0,0,0.0,0,0,0.0
corrected_vs_forced,78017,0.3,2028.0,1,1,0.0,0.00486942,0.00486942,0.0,9,10,-1.0,0,1,-1.0,0,1,-1.0
corrected_vs_forced,78162,0.2,2026.0,0,0,0.0,1.03525046,1.03525046,0.0,15,15,0.0,0,0,0.0,0,0,0.0
corrected_vs_forced,78162,0.2,2027.0,0,0,0.0,0.8877839,0.8877839,0.0,15,15,0.0,0,0,0.0,0,0,0.0
corrected_vs_forced,78162,0.2,2028.0,0,0,0.0,0.97925549,0.97925549,0.0,15,15,0.0,0,0,0.0,0,0,0.0
corrected_vs_forced,78162,0.3,2026.0,0,0,0.0,1.1341438,1.1341438,0.0,15,15,0.0,0,0,0.0,0,0,0.0
corrected_vs_forced,78162,0.3,2027.0,0,0,0.0,1.91539031,1.91539031,0.0,13,13,0.0,0,0,0.0,0,0,0.0
corrected_vs_forced,78162,0.3,2028.0,0,0,0.0,1.57891788,1.57891788,0.0,15,15,0.0,0,1,-1.0,0,1,-1.0
corrected_vs_forced,78207,0.2,2026.0,1,1,0.0,0.00059368,0.00059368,0.0,3,3,0.0,0,0,0.0,0,0,0.0
corrected_vs_forced,78207,0.2,2027.0,1,1,0.0,0.00073987,0.00073987,0.0,11,11,0.0,1,1,0.0,0,0,0.0
corrected_vs_forced,78207,0.2,2028.0,1,1,0.0,0.00059368,0.00059368,0.0,3,3,0.0,0,0,0.0,0,0,0.0
corrected_vs_forced,78207,0.3,2026.0,1,1,0.0,0.00059368,0.00059368,0.0,3,3,0.0,0,0,0.0,0,0,0.0
corrected_vs_forced,78207,0.3,2027.0,0,0,0.0,1.85987736,1.84220899,0.01766837,7,6,1.0,1,1,0.0,1,1,0.0
corrected_vs_forced,78207,0.3,2028.0,1,1,0.0,0.00059368,0.00059368,0.0,3,3,0.0,0,0,0.0,0,0,0.0
corrected_vs_forced,78225,0.2,2026.0,1,1,0.0,0.00459349,0.00064877,0.00394472,9,7,2.0,0,1,-1.0,0,0,0.0
corrected_vs_forced,78225,0.2,2027.0,1,1,0.0,0.0020388,0.0020388,0.0,5,5,0.0,0,0,0.0,0,0,0.0
corrected_vs_forced,78225,0.2,2028.0,1,1,0.0,0.003828,0.003828,0.0,3,3,0.0,0,0,0.0,0,0,0.0
corrected_vs_forced,78225,0.3,2026.0,1,1,0.0,0.00134824,0.00134824,0.0,3,3,0.0,0,0,0.0,0,0,0.0
corrected_vs_forced,78225,0.3,2027.0,1,1,0.0,0.01259944,0.01259944,0.0,4,4,0.0,0,0,0.0,0,0,0.0
corrected_vs_forced,78225,0.3,2028.0,1,1,0.0,0.00148994,0.00931857,-0.00782863,10,12,-2.0,0,1,-1.0,0,0,0.0
corrected_vs_forced,78369,0.2,2026.0,1,1,0.0,0.00320247,0.00320247,0.0,5,5,0.0,0,0,0.0,0,0,0.0
corrected_vs_forced,78369,0.2,2027.0,0,0,0.0,0.94741634,0.94741634,0.0,15,15,0.0,0,0,0.0,0,0,0.0
corrected_vs_forced,78369,0.2,2028.0,1,1,0.0,0.00539858,0.00539858,0.0,6,6,0.0,0,0,0.0,0,0,0.0
corrected_vs_forced,78369,0.3,2026.0,1,1,0.0,0.00320247,0.00320247,0.0,5,5,0.0,0,0,0.0,0,0,0.0
corrected_vs_forced,78369,0.3,2027.0,1,1,0.0,0.00031611,0.00031611,0.0,9,9,0.0,0,0,0.0,0,0,0.0
corrected_vs_forced,78369,0.3,2028.0,1,1,0.0,0.00134539,0.02911602,-0.02777063,8,8,0.0,0,1,-1.0,0,1,-1.0
corrected_vs_forced,7861,0.2,2026.0,1,1,0.0,0.00370761,0.00370761,0.0,6,6,0.0,0,0,0.0,0,0,0.0
corrected_vs_forced,7861,0.2,2027.0,1,1,0.0,0.00427051,0.00427051,0.0,7,7,0.0,0,0,0.0,0,0,0.0
corrected_vs_forced,7861,0.2,2028.0,1,1,0.0,0.83191701,0.83191701,0.0,15,15,0.0,0,0,0.0,0,0,0.0
corrected_vs_forced,7861,0.3,2026.0,1,1,0.0,0.73047459,0.77856242,-0.04808783,15,15,0.0,0,1,-1.0,0,1,-1.0
corrected_vs_forced,7861,0.3,2027.0,1,1,0.0,0.8923694,0.8923694,0.0,15,15,0.0,0,0,0.0,0,0,0.0
corrected_vs_forced,7861,0.3,2028.0,1,1,0.0,0.010878,0.010878,0.0,6,6,0.0,0,0,0.0,0,0,0.0
corrected_vs_forced,80212,0.2,2026.0,0,0,0.0,1.77362511,1.77362511,0.0,4,4,0.0,0,0,0.0,0,0,0.0
corrected_vs_forced,80212,0.2,2027.0,1,1,0.0,0.00874114,0.00874114,0.0,7,7,0.0,0,0,0.0,0,0,0.0
corrected_vs_forced,80212,0.2,2028.0,1,1,0.0,0.00241334,0.00241334,0.0,5,5,0.0,0,0,0.0,0,0,0.0
corrected_vs_forced,80212,0.3,2026.0,1,1,0.0,0.00408806,0.00408806,0.0,10,10,0.0,0,0,0.0,0,0,0.0
corrected_vs_forced,80212,0.3,2027.0,0,0,0.0,1.77775167,1.77775167,0.0,10,10,0.0,0,0,0.0,0,0,0.0
corrected_vs_forced,80212,0.3,2028.0,1,1,0.0,0.00810725,0.00810725,0.0,8,8,0.0,0,0,0.0,0,0,0.0
corrected_vs_forced,80277,0.2,2026.0,1,1,0.0,0.00385067,0.00385067,0.0,7,7,0.0,0,0,0.0,0,0,0.0
corrected_vs_forced,80277,0.2,2027.0,1,1,0.0,3.97e-05,3.97e-05,0.0,5,5,0.0,0,0,0.0,0,0,0.0
corrected_vs_forced,80277,0.2,2028.0,1,1,0.0,3.972e-05,3.972e-05,0.0,6,6,0.0,0,0,0.0,0,0,0.0
corrected_vs_forced,80277,0.3,2026.0,1,1,0.0,0.00571327,0.00571327,0.0,11,11,0.0,1,1,0.0,0,0,0.0
corrected_vs_forced,80277,0.3,2027.0,0,0,0.0,1.15384027,1.62328741,-0.46944714,15,12,3.0,0,1,-1.0,0,1,-1.0
corrected_vs_forced,80277,0.3,2028.0,0,0,0.0,1.93206207,1.93206207,0.0,9,9,0.0,0,0,0.0,0,0,0.0
corrected_vs_forced,81601,0.2,2026.0,0,0,0.0,1.86598872,1.86598872,0.0,2,2,0.0,0,0,0.0,0,0,0.0
corrected_vs_forced,81601,0.2,2027.0,1,1,0.0,0.00717843,0.00717843,0.0,4,4,0.0,0,0,0.0,0,0,0.0
corrected_vs_forced,81601,0.2,2028.0,1,1,0.0,0.00717843,0.00717843,0.0,4,4,0.0,0,0,0.0,0,0,0.0
corrected_vs_forced,81601,0.3,2026.0,1,1,0.0,0.00717843,0.00717843,0.0,4,4,0.0,0,0,0.0,0,0,0.0
corrected_vs_forced,81601,0.3,2027.0,1,1,0.0,0.00717843,0.00717843,0.0,4,4,0.0,0,0,0.0,0,0,0.0
corrected_vs_forced,81601,0.3,2028.0,0,0,0.0,1.87751853,1.87751853,0.0,3,3,0.0,0,0,0.0,0,0,0.0
corrected_vs_forced,82888,0.2,2026.0,0,0,0.0,0.95998442,0.95998442,0.0,15,15,0.0,0,0,0.0,0,0,0.0
corrected_vs_forced,82888,0.2,2027.0,1,1,0.0,0.00335533,0.00335533,0.0,12,12,0.0,0,0,0.0,0,0,0.0
corrected_vs_forced,82888,0.2,2028.0,1,1,0.0,0.00100569,0.00100569,0.0,15,15,0.0,0,0,0.0,0,0,0.0
corrected_vs_forced,82888,0.3,2026.0,0,0,0.0,1.90150932,1.90150932,0.0,6,6,0.0,0,0,0.0,0,0,0.0
corrected_vs_forced,82888,0.3,2027.0,0,0,0.0,1.54880975,1.54880975,0.0,15,15,0.0,0,0,0.0,0,0,0.0
corrected_vs_forced,82888,0.3,2028.0,0,0,0.0,0.92311751,0.92311751,0.0,15,15,0.0,0,0,0.0,0,0,0.0
corrected_vs_forced,8310,0.2,2026.0,0,0,0.0,1.84015815,1.84015815,0.0,7,7,0.0,0,0,0.0,0,0,0.0
corrected_vs_forced,8310,0.2,2027.0,1,0,1.0,0.05202777,1.615286,-1.56325823,15,9,6.0,0,0,0.0,0,0,0.0
corrected_vs_forced,8310,0.2,2028.0,0,0,0.0,1.0554724,1.0554724,0.0,15,15,0.0,0,0,0.0,0,0,0.0
corrected_vs_forced,8310,0.3,2026.0,0,0,0.0,1.73588396,1.73588396,0.0,11,11,0.0,1,1,0.0,0,0,0.0
corrected_vs_forced,8310,0.3,2027.0,0,0,0.0,1.02090455,1.02090455,0.0,15,15,0.0,0,0,0.0,0,0,0.0
corrected_vs_forced,8310,0.3,2028.0,1,1,0.0,0.00100062,0.00100062,0.0,11,11,0.0,0,0,0.0,0,0,0.0
corrected_vs_forced,83138,0.2,2026.0,1,1,0.0,0.00453411,0.00453411,0.0,4,4,0.0,0,0,0.0,0,0,0.0
corrected_vs_forced,83138,0.2,2027.0,1,1,0.0,0.00128531,0.0040558,-0.00277049,7,6,1.0,0,1,-1.0,0,0,0.0
corrected_vs_forced,83138,0.2,2028.0,1,1,0.0,0.00625652,0.00625652,0.0,5,5,0.0,0,0,0.0,0,0,0.0
corrected_vs_forced,83138,0.3,2026.0,1,1,0.0,0.00106937,0.00106937,0.0,6,6,0.0,0,0,0.0,0,0,0.0
corrected_vs_forced,83138,0.3,2027.0,1,1,0.0,0.01790624,0.01790624,0.0,6,6,0.0,0,0,0.0,0,0,0.0
corrected_vs_forced,83138,0.3,2028.0,1,1,0.0,0.00257982,0.00257982,0.0,5,5,0.0,0,0,0.0,0,0,0.0
corrected_vs_forced,83767,0.2,2026.0,1,1,0.0,4.493e-05,0.01126974,-0.01122481,13,12,1.0,0,1,-1.0,0,1,-1.0
corrected_vs_forced,83767,0.2,2027.0,1,1,0.0,0.00304709,0.00304709,0.0,3,3,0.0,0,0,0.0,0,0,0.0
corrected_vs_forced,83767,0.2,2028.0,1,1,0.0,0.00253979,0.00253979,0.0,5,5,0.0,0,0,0.0,0,0,0.0
corrected_vs_forced,83767,0.3,2026.0,1,1,0.0,0.00021924,0.00021924,0.0,5,5,0.0,0,0,0.0,0,0,0.0
corrected_vs_forced,83767,0.3,2027.0,1,1,0.0,0.00280941,0.00280941,0.0,14,14,0.0,0,0,0.0,0,0,0.0
corrected_vs_forced,83767,0.3,2028.0,1,1,0.0,0.00304709,0.00304709,0.0,3,3,0.0,0,0,0.0,0,0,0.0
corrected_vs_forced,83868,0.2,2026.0,1,1,0.0,0.01915245,0.01915245,0.0,2,2,0.0,0,0,0.0,0,0,0.0
corrected_vs_forced,83868,0.2,2027.0,1,1,0.0,0.01915245,0.01915245,0.0,2,2,0.0,0,0,0.0,0,0,0.0
corrected_vs_forced,83868,0.2,2028.0,1,1,0.0,0.00153811,0.00153811,0.0,2,2,0.0,0,0,0.0,0,0,0.0
corrected_vs_forced,83868,0.3,2026.0,1,1,0.0,0.00153811,0.00153811,0.0,2,2,0.0,0,0,0.0,0,0,0.0
corrected_vs_forced,83868,0.3,2027.0,1,1,0.0,0.00153811,0.00153811,0.0,2,2,0.0,0,0,0.0,0,0,0.0
corrected_vs_forced,83868,0.3,2028.0,1,1,0.0,0.02060125,0.02060125,0.0,2,2,0.0,0,0,0.0,0,0,0.0
corrected_vs_forced,84221,0.2,2026.0,1,1,0.0,0.00153811,0.00153811,0.0,2,2,0.0,0,0,0.0,0,0,0.0
corrected_vs_forced,84221,0.2,2027.0,1,1,0.0,0.02993334,0.02993334,0.0,3,3,0.0,0,0,0.0,0,0,0.0
corrected_vs_forced,84221,0.2,2028.0,1,1,0.0,0.00153811,0.00153811,0.0,2,2,0.0,0,0,0.0,0,0,0.0
corrected_vs_forced,84221,0.3,2026.0,1,1,0.0,0.02061492,0.02061492,0.0,2,2,0.0,0,0,0.0,0,0,0.0
corrected_vs_forced,84221,0.3,2027.0,1,1,0.0,0.00153811,0.00153811,0.0,2,2,0.0,0,0,0.0,0,0,0.0
corrected_vs_forced,84221,0.3,2028.0,1,1,0.0,0.02037717,0.02037717,0.0,3,3,0.0,0,0,0.0,0,0,0.0
corrected_vs_forced,84233,0.2,2026.0,1,1,0.0,0.01761458,0.01761458,0.0,1,1,0.0,0,0,0.0,0,0,0.0
corrected_vs_forced,84233,0.2,2027.0,1,1,0.0,0.01761458,0.01761458,0.0,1,1,0.0,0,0,0.0,0,0,0.0
corrected_vs_forced,84233,0.2,2028.0,1,1,0.0,0.01761458,0.01761458,0.0,1,1,0.0,0,0,0.0,0,0,0.0
corrected_vs_forced,84233,0.3,2026.0,1,1,0.0,0.01761458,0.01761458,0.0,1,1,0.0,0,0,0.0,0,0,0.0
corrected_vs_forced,84233,0.3,2027.0,1,1,0.0,0.00045694,0.00232036,-0.00186342,12,12,0.0,0,1,-1.0,0,1,-1.0
corrected_vs_forced,84233,0.3,2028.0,1,1,0.0,0.01761458,0.01761458,0.0,1,1,0.0,0,0,0.0,0,0,0.0
corrected_vs_forced,84903,0.2,2026.0,1,1,0.0,0.00042708,0.00042708,0.0,9,9,0.0,0,0,0.0,0,0,0.0
corrected_vs_forced,84903,0.2,2027.0,1,1,0.0,0.00077612,0.00077612,0.0,9,9,0.0,0,0,0.0,0,0,0.0
corrected_vs_forced,84903,0.2,2028.0,0,0,0.0,1.8062154,1.8062154,0.0,4,4,0.0,0,0,0.0,0,0,0.0
corrected_vs_forced,84903,0.3,2026.0,1,1,0.0,0.00040997,0.00040997,0.0,7,7,0.0,0,0,0.0,0,0,0.0
corrected_vs_forced,84903,0.3,2027.0,1,1,0.0,3.388e-05,3.388e-05,0.0,8,8,0.0,0,0,0.0,0,0,0.0
corrected_vs_forced,84903,0.3,2028.0,1,1,0.0,0.00043662,0.00043662,0.0,10,10,0.0,0,0,0.0,0,0,0.0
corrected_vs_forced,85727,0.2,2026.0,1,1,0.0,0.76382898,0.76382898,0.0,15,15,0.0,0,0,0.0,0,0,0.0
corrected_vs_forced,85727,0.2,2027.0,0,0,0.0,0.92876382,0.92876382,0.0,15,15,0.0,0,0,0.0,0,0,0.0
corrected_vs_forced,85727,0.2,2028.0,0,0,0.0,0.9469752,0.9469752,0.0,15,15,0.0,0,0,0.0,0,0,0.0
corrected_vs_forced,85727,0.3,2026.0,0,0,0.0,1.35711054,1.35711054,0.0,15,15,0.0,0,0,0.0,0,0,0.0
corrected_vs_forced,85727,0.3,2027.0,1,1,0.0,0.85854768,0.85854768,0.0,15,15,0.0,0,0,0.0,0,0,0.0
corrected_vs_forced,85727,0.3,2028.0,0,0,0.0,0.91037913,0.91037913,0.0,15,15,0.0,0,0,0.0,0,0,0.0
corrected_vs_forced,85736,0.2,2026.0,1,1,0.0,0.0005021,0.0005021,0.0,5,5,0.0,0,0,0.0,0,0,0.0
corrected_vs_forced,85736,0.2,2027.0,1,1,0.0,0.0005021,0.0005021,0.0,5,5,0.0,0,0,0.0,0,0,0.0
corrected_vs_forced,85736,0.2,2028.0,1,1,0.0,0.00979362,0.00979362,0.0,5,5,0.0,0,0,0.0,0,0,0.0
corrected_vs_forced,85736,0.3,2026.0,0,0,0.0,0.90453588,0.90453588,0.0,15,15,0.0,0,0,0.0,0,0,0.0
corrected_vs_forced,85736,0.3,2027.0,1,1,0.0,0.01327964,0.01327964,0.0,4,4,0.0,0,0,0.0,0,0,0.0
corrected_vs_forced,85736,0.3,2028.0,1,1,0.0,0.01280879,0.01280879,0.0,5,5,0.0,0,0,0.0,0,0,0.0
corrected_vs_forced,85911,0.2,2026.0,0,0,0.0,0.95234012,0.95234012,0.0,15,15,0.0,0,0,0.0,0,0,0.0
corrected_vs_forced,85911,0.2,2027.0,1,1,0.0,0.82039188,0.82039188,0.0,15,15,0.0,0,0,0.0,0,0,0.0
corrected_vs_forced,85911,0.2,2028.0,0,0,0.0,1.88687681,1.88687681,0.0,15,15,0.0,1,1,0.0,0,0,0.0
corrected_vs_forced,85911,0.3,2026.0,0,0,0.0,1.70396039,1.70396039,0.0,14,14,0.0,0,0,0.0,0,0,0.0
corrected_vs_forced,85911,0.3,2027.0,0,0,0.0,1.01451214,1.01451214,0.0,15,15,0.0,0,1,-1.0,0,1,-1.0
corrected_vs_forced,85911,0.3,2028.0,0,0,0.0,1.3197158,1.3197158,0.0,15,15,0.0,0,0,0.0,0,0,0.0
corrected_vs_forced,86202,0.2,2026.0,0,0,0.0,1.93171838,1.93171838,0.0,11,11,0.0,0,0,0.0,0,0,0.0
corrected_vs_forced,86202,0.2,2027.0,1,1,0.0,0.00966427,0.00966427,0.0,5,5,0.0,0,0,0.0,0,0,0.0
corrected_vs_forced,86202,0.2,2028.0,1,1,0.0,0.00130237,0.00130237,0.0,4,4,0.0,0,0,0.0,0,0,0.0
corrected_vs_forced,86202,0.3,2026.0,1,1,0.0,0.00130237,0.00130237,0.0,4,4,0.0,0,0,0.0,0,0,0.0
corrected_vs_forced,86202,0.3,2027.0,1,1,0.0,0.01186348,0.01186348,0.0,8,8,0.0,1,1,0.0,1,1,0.0
corrected_vs_forced,86202,0.3,2028.0,0,0,0.0,1.20631308,1.20631308,0.0,15,15,0.0,0,0,0.0,0,0,0.0
corrected_vs_forced,86739,0.2,2026.0,0,0,0.0,1.83920148,1.83920148,0.0,15,15,0.0,0,0,0.0,0,0,0.0
corrected_vs_forced,86739,0.2,2027.0,1,1,0.0,0.45503617,0.45503617,0.0,15,15,0.0,0,0,0.0,0,0,0.0
corrected_vs_forced,86739,0.2,2028.0,0,0,0.0,0.92686505,0.92686505,0.0,15,15,0.0,0,0,0.0,0,0,0.0
corrected_vs_forced,86739,0.3,2026.0,1,1,0.0,0.00336418,0.00336418,0.0,10,10,0.0,0,0,0.0,0,0,0.0
corrected_vs_forced,86739,0.3,2027.0,1,1,0.0,0.01114766,0.00112045,0.01002721,14,13,1.0,1,1,0.0,0,1,-1.0
corrected_vs_forced,86739,0.3,2028.0,0,0,0.0,1.02386558,1.02386558,0.0,15,15,0.0,0,0,0.0,0,0,0.0
corrected_vs_forced,87344,0.2,2026.0,1,1,0.0,0.00838825,0.00838825,0.0,3,3,0.0,0,0,0.0,0,0,0.0
corrected_vs_forced,87344,0.2,2027.0,1,1,0.0,0.00037456,0.00037456,0.0,4,4,0.0,0,0,0.0,0,0,0.0
corrected_vs_forced,87344,0.2,2028.0,1,1,0.0,0.00838825,0.00838825,0.0,3,3,0.0,0,0,0.0,0,0,0.0
corrected_vs_forced,87344,0.3,2026.0,1,1,0.0,0.00838825,0.00838825,0.0,3,3,0.0,0,0,0.0,0,0,0.0
corrected_vs_forced,87344,0.3,2027.0,1,1,0.0,0.00668492,0.00668492,0.0,5,5,0.0,0,0,0.0,0,0,0.0
corrected_vs_forced,87344,0.3,2028.0,1,1,0.0,0.00386728,0.00386728,0.0,9,9,0.0,1,1,0.0,0,0,0.0
corrected_vs_forced,87604,0.2,2026.0,1,1,0.0,0.01359522,0.01359522,0.0,12,12,0.0,0,0,0.0,0,0,0.0
corrected_vs_forced,87604,0.2,2027.0,1,1,0.0,0.00673504,0.00673504,0.0,6,6,0.0,0,0,0.0,0,0,0.0
corrected_vs_forced,87604,0.2,2028.0,1,1,0.0,0.01213867,0.01213867,0.0,6,6,0.0,1,1,0.0,0,0,0.0
corrected_vs_forced,87604,0.3,2026.0,1,1,0.0,0.00027906,0.00027906,0.0,7,7,0.0,1,1,0.0,1,1,0.0
corrected_vs_forced,87604,0.3,2027.0,1,1,0.0,0.00682428,0.00682428,0.0,7,7,0.0,0,0,0.0,0,0,0.0
corrected_vs_forced,87604,0.3,2028.0,1,1,0.0,0.00673504,0.00673504,0.0,6,6,0.0,0,0,0.0,0,0,0.0
corrected_vs_forced,88032,0.2,2026.0,0,0,0.0,0.99805118,0.99805118,0.0,15,15,0.0,0,0,0.0,0,0,0.0
corrected_vs_forced,88032,0.2,2027.0,0,0,0.0,1.02136627,1.02136627,0.0,15,15,0.0,0,0,0.0,0,0,0.0
corrected_vs_forced,88032,0.2,2028.0,0,0,0.0,1.53347716,1.53347716,0.0,15,15,0.0,0,0,0.0,0,0,0.0
corrected_vs_forced,88032,0.3,2026.0,0,0,0.0,1.0533311,1.0533311,0.0,15,15,0.0,0,0,0.0,0,0,0.0
corrected_vs_forced,88032,0.3,2027.0,0,0,0.0,1.08647112,1.09675319,-0.01028207,15,15,0.0,0,1,-1.0,0,1,-1.0
corrected_vs_forced,88032,0.3,2028.0,0,0,0.0,1.0222309,1.0222309,0.0,15,15,0.0,0,0,0.0,0,0,0.0
corrected_vs_forced,89009,0.2,2026.0,1,1,0.0,0.00011683,0.07408766,-0.07397083,10,3,7.0,1,0,1.0,0,0,0.0
corrected_vs_forced,89009,0.2,2027.0,1,1,0.0,0.00033847,0.07408766,-0.07374919,11,3,8.0,0,0,0.0,0,0,0.0
corrected_vs_forced,89009,0.2,2028.0,0,0,0.0,1.10696102,1.19265132,-0.0856903,15,6,9.0,0,1,-1.0,0,1,-1.0
corrected_vs_forced,89009,0.3,2026.0,1,1,0.0,0.04878361,0.07408766,-0.02530405,15,3,12.0,0,0,0.0,0,0,0.0
corrected_vs_forced,89009,0.3,2027.0,1,1,0.0,0.03743351,0.07408766,-0.03665415,9,3,6.0,0,0,0.0,0,0,0.0
corrected_vs_forced,89009,0.3,2028.0,0,0,0.0,1.95876596,1.95876596,0.0,14,14,0.0,0,0,0.0,0,0,0.0
corrected_vs_forced,89256,0.2,2026.0,1,1,0.0,0.02914778,0.02914778,0.0,1,1,0.0,0,0,0.0,0,0,0.0
corrected_vs_forced,89256,0.2,2027.0,1,1,0.0,0.02914778,0.02914778,0.0,1,1,0.0,0,0,0.0,0,0,0.0
corrected_vs_forced,89256,0.2,2028.0,1,1,0.0,0.02914778,0.02914778,0.0,1,1,0.0,0,0,0.0,0,0,0.0
corrected_vs_forced,89256,0.3,2026.0,1,1,0.0,0.02914778,0.02914778,0.0,1,1,0.0,0,0,0.0,0,0,0.0
corrected_vs_forced,89256,0.3,2027.0,1,1,0.0,0.46859113,0.46859113,0.0,15,15,0.0,0,0,0.0,0,0,0.0
corrected_vs_forced,89256,0.3,2028.0,1,1,0.0,0.02914778,0.02914778,0.0,1,1,0.0,0,0,0.0,0,0,0.0
corrected_vs_forced,89859,0.2,2026.0,1,1,0.0,0.00114103,0.00114103,0.0,2,2,0.0,0,0,0.0,0,0,0.0
corrected_vs_forced,89859,0.2,2027.0,1,1,0.0,0.00114103,0.00114103,0.0,2,2,0.0,0,0,0.0,0,0,0.0
corrected_vs_forced,89859,0.2,2028.0,1,1,0.0,0.00114103,0.00114103,0.0,2,2,0.0,0,0,0.0,0,0,0.0
corrected_vs_forced,89859,0.3,2026.0,1,1,0.0,0.00869123,0.00869123,0.0,4,4,0.0,0,0,0.0,0,0,0.0
corrected_vs_forced,89859,0.3,2027.0,0,0,0.0,1.8603642,1.8603642,0.0,3,3,0.0,0,0,0.0,0,0,0.0
corrected_vs_forced,89859,0.3,2028.0,1,1,0.0,0.00225171,0.00225171,0.0,2,2,0.0,0,0,0.0,0,0,0.0
corrected_vs_forced,90251,0.2,2026.0,1,1,0.0,0.00017422,0.00017422,0.0,5,5,0.0,0,0,0.0,0,0,0.0
corrected_vs_forced,90251,0.2,2027.0,1,1,0.0,0.00017422,0.00017422,0.0,5,5,0.0,0,0,0.0,0,0,0.0
corrected_vs_forced,90251,0.2,2028.0,1,1,0.0,0.00020523,0.00020523,0.0,5,5,0.0,0,0,0.0,0,0,0.0
corrected_vs_forced,90251,0.3,2026.0,1,1,0.0,0.00389061,0.00389061,0.0,6,6,0.0,0,0,0.0,0,0,0.0
corrected_vs_forced,90251,0.3,2027.0,1,1,0.0,0.00074415,0.00104249,-0.00029834,10,6,4.0,1,1,0.0,1,0,1.0
corrected_vs_forced,90251,0.3,2028.0,1,1,0.0,0.00327669,0.00409885,-0.00082216,6,7,-1.0,1,1,0.0,0,0,0.0
corrected_vs_forced,90954,0.2,2026.0,1,1,0.0,0.0001808,0.00672675,-0.00654595,10,11,-1.0,0,1,-1.0,0,0,0.0
corrected_vs_forced,90954,0.2,2027.0,1,1,0.0,0.0016719,0.0016719,0.0,7,7,0.0,0,0,0.0,0,0,0.0
corrected_vs_forced,90954,0.2,2028.0,1,1,0.0,0.00027714,0.00027714,0.0,7,7,0.0,0,0,0.0,0,0,0.0
corrected_vs_forced,90954,0.3,2026.0,1,1,0.0,0.00024714,0.00024714,0.0,10,10,0.0,0,0,0.0,0,0,0.0
corrected_vs_forced,90954,0.3,2027.0,0,0,0.0,1.86347023,1.86347023,0.0,4,4,0.0,0,0,0.0,0,0,0.0
corrected_vs_forced,90954,0.3,2028.0,1,1,0.0,0.00028924,0.00028924,0.0,7,7,0.0,0,0,0.0,0,0,0.0
corrected_vs_forced,92532,0.2,2026.0,0,0,0.0,1.0088932,1.0088932,0.0,15,15,0.0,0,0,0.0,0,0,0.0
corrected_vs_forced,92532,0.2,2027.0,0,0,0.0,1.10020159,1.10020159,0.0,15,15,0.0,0,0,0.0,0,0,0.0
corrected_vs_forced,92532,0.2,2028.0,0,0,0.0,1.2634748,1.2634748,0.0,15,15,0.0,0,0,0.0,0,0,0.0
corrected_vs_forced,92532,0.3,2026.0,0,0,0.0,0.94471265,0.94471265,0.0,15,15,0.0,0,0,0.0,0,0,0.0
corrected_vs_forced,92532,0.3,2027.0,0,0,0.0,1.96222743,1.96222743,0.0,11,11,0.0,0,0,0.0,0,0,0.0
corrected_vs_forced,92532,0.3,2028.0,0,0,0.0,0.99469692,0.99469692,0.0,15,15,0.0,0,0,0.0,0,0,0.0
corrected_vs_forced,92863,0.2,2026.0,1,1,0.0,0.06215323,0.06215323,0.0,3,3,0.0,0,0,0.0,0,0,0.0
corrected_vs_forced,92863,0.2,2027.0,1,1,0.0,0.02914778,0.02914778,0.0,1,1,0.0,0,0,0.0,0,0,0.0
corrected_vs_forced,92863,0.2,2028.0,1,1,0.0,0.02914778,0.02914778,0.0,1,1,0.0,0,0,0.0,0,0,0.0
corrected_vs_forced,92863,0.3,2026.0,1,1,0.0,0.02914778,0.02914778,0.0,1,1,0.0,0,0,0.0,0,0,0.0
corrected_vs_forced,92863,0.3,2027.0,1,1,0.0,0.02914778,0.02914778,0.0,1,1,0.0,0,0,0.0,0,0,0.0
corrected_vs_forced,92863,0.3,2028.0,1,1,0.0,0.04095896,0.0644598,-0.02350084,13,13,0.0,0,1,-1.0,0,0,0.0
corrected_vs_forced,92888,0.2,2026.0,1,1,0.0,0.00057591,0.00057591,0.0,10,10,0.0,0,0,0.0,0,0,0.0
corrected_vs_forced,92888,0.2,2027.0,0,0,0.0,1.26897278,1.21424396,0.05472882,15,15,0.0,0,1,-1.0,0,1,-1.0
corrected_vs_forced,92888,0.2,2028.0,0,0,0.0,1.01430873,1.01430873,0.0,15,15,0.0,1,1,0.0,1,1,0.0
corrected_vs_forced,92888,0.3,2026.0,1,1,0.0,0.00047523,0.00047523,0.0,10,10,0.0,0,0,0.0,0,0,0.0
corrected_vs_forced,92888,0.3,2027.0,1,1,0.0,0.00114404,0.00114404,0.0,14,14,0.0,0,0,0.0,0,0,0.0
corrected_vs_forced,92888,0.3,2028.0,0,0,0.0,1.86197559,1.86197559,0.0,3,3,0.0,0,0,0.0,0,0,0.0
corrected_vs_forced,92927,0.2,2026.0,1,1,0.0,0.00627849,0.00627849,0.0,15,15,0.0,0,0,0.0,0,0,0.0
corrected_vs_forced,92927,0.2,2027.0,1,1,0.0,0.00296377,0.00296377,0.0,8,8,0.0,0,0,0.0,0,0,0.0
corrected_vs_forced,92927,0.2,2028.0,1,1,0.0,0.0001977,0.03755951,-0.03736181,13,13,0.0,0,1,-1.0,0,1,-1.0
corrected_vs_forced,92927,0.3,2026.0,0,0,0.0,1.85283647,1.93526575,-0.08242928,12,12,0.0,0,1,-1.0,0,1,-1.0
corrected_vs_forced,92927,0.3,2027.0,1,1,0.0,0.78876463,0.78876463,0.0,15,15,0.0,0,0,0.0,0,0,0.0
corrected_vs_forced,92927,0.3,2028.0,1,1,0.0,0.49303778,0.49303778,0.0,15,15,0.0,0,0,0.0,0,0,0.0
corrected_vs_forced,92941,0.2,2026.0,0,0,0.0,1.0508556,1.0508556,0.0,15,15,0.0,0,0,0.0,0,0,0.0
corrected_vs_forced,92941,0.2,2027.0,0,0,0.0,0.99975652,0.99975652,0.0,15,15,0.0,0,0,0.0,0,0,0.0
corrected_vs_forced,92941,0.2,2028.0,0,0,0.0,1.03196783,1.03196783,0.0,15,15,0.0,0,0,0.0,0,0,0.0
corrected_vs_forced,92941,0.3,2026.0,0,0,0.0,1.21677843,1.21677843,0.0,15,15,0.0,0,0,0.0,0,0,0.0
corrected_vs_forced,92941,0.3,2027.0,0,0,0.0,1.16285699,1.16285699,0.0,15,15,0.0,0,0,0.0,0,0,0.0
corrected_vs_forced,92941,0.3,2028.0,0,0,0.0,1.74009868,1.74009868,0.0,5,5,0.0,0,0,0.0,0,0,0.0
corrected_vs_forced,93872,0.2,2026.0,1,1,0.0,0.00160995,0.00160995,0.0,2,2,0.0,0,0,0.0,0,0,0.0
corrected_vs_forced,93872,0.2,2027.0,1,1,0.0,0.00181607,0.00181607,0.0,5,5,0.0,0,0,0.0,0,0,0.0
corrected_vs_forced,93872,0.2,2028.0,1,1,0.0,0.00903552,0.00903552,0.0,4,4,0.0,0,0,0.0,0,0,0.0
corrected_vs_forced,93872,0.3,2026.0,1,1,0.0,0.00365075,0.00365075,0.0,2,2,0.0,0,0,0.0,0,0,0.0
corrected_vs_forced,93872,0.3,2027.0,1,1,0.0,0.00160995,0.00160995,0.0,2,2,0.0,0,0,0.0,0,0,0.0
corrected_vs_forced,93872,0.3,2028.0,1,1,0.0,0.00161672,0.00161672,0.0,3,3,0.0,0,0,0.0,0,0,0.0
corrected_vs_forced,94518,0.2,2026.0,1,1,0.0,0.00415588,0.00415588,0.0,3,3,0.0,0,0,0.0,0,0,0.0
corrected_vs_forced,94518,0.2,2027.0,1,1,0.0,0.0007524,0.0007524,0.0,3,3,0.0,0,0,0.0,0,0,0.0
corrected_vs_forced,94518,0.2,2028.0,1,1,0.0,0.0007524,0.0007524,0.0,3,3,0.0,0,0,0.0,0,0,0.0
corrected_vs_forced,94518,0.3,2026.0,1,1,0.0,0.00641084,0.00641084,0.0,6,6,0.0,0,0,0.0,0,0,0.0
corrected_vs_forced,94518,0.3,2027.0,1,1,0.0,0.01056549,0.01056549,0.0,5,5,0.0,0,0,0.0,0,0,0.0
corrected_vs_forced,94518,0.3,2028.0,1,1,0.0,0.0007524,0.0007524,0.0,3,3,0.0,0,0,0.0,0,0,0.0
corrected_vs_forced,95569,0.2,2026.0,1,1,0.0,0.01277118,0.01277118,0.0,14,14,0.0,0,0,0.0,0,0,0.0
corrected_vs_forced,95569,0.2,2027.0,1,1,0.0,0.00528397,0.01507737,-0.0097934,9,9,0.0,0,1,-1.0,0,1,-1.0
corrected_vs_forced,95569,0.2,2028.0,1,1,0.0,0.63787834,0.69355276,-0.05567442,15,15,0.0,0,1,-1.0,0,1,-1.0
corrected_vs_forced,95569,0.3,2026.0,0,0,0.0,1.83976075,1.83976075,0.0,3,3,0.0,0,0,0.0,0,0,0.0
corrected_vs_forced,95569,0.3,2027.0,0,0,0.0,0.92363277,0.92363277,0.0,15,15,0.0,0,0,0.0,0,0,0.0
corrected_vs_forced,95569,0.3,2028.0,1,1,0.0,0.48671636,0.48671636,0.0,15,15,0.0,0,0,0.0,0,0,0.0
corrected_vs_forced,9636,0.2,2026.0,1,1,0.0,0.00038404,0.00038404,0.0,4,4,0.0,0,0,0.0,0,0,0.0
corrected_vs_forced,9636,0.2,2027.0,1,1,0.0,0.03282905,0.03282905,0.0,4,4,0.0,0,0,0.0,0,0,0.0
corrected_vs_forced,9636,0.2,2028.0,1,1,0.0,0.00859624,0.00859624,0.0,2,2,0.0,0,0,0.0,0,0,0.0
corrected_vs_forced,9636,0.3,2026.0,1,1,0.0,0.00885246,0.00885246,0.0,8,8,0.0,0,0,0.0,0,0,0.0
corrected_vs_forced,9636,0.3,2027.0,1,1,0.0,0.0030313,0.0030313,0.0,3,3,0.0,0,0,0.0,0,0,0.0
corrected_vs_forced,9636,0.3,2028.0,1,1,0.0,0.0049747,0.0049747,0.0,2,2,0.0,0,0,0.0,0,0,0.0
corrected_vs_forced,97191,0.2,2026.0,0,0,0.0,1.40828164,1.40828164,0.0,15,15,0.0,1,1,0.0,1,1,0.0
corrected_vs_forced,97191,0.2,2027.0,1,1,0.0,0.00661148,0.00661148,0.0,12,12,0.0,0,0,0.0,0,0,0.0
corrected_vs_forced,97191,0.2,2028.0,0,0,0.0,0.93106594,0.93106594,0.0,15,15,0.0,0,0,0.0,0,0,0.0
corrected_vs_forced,97191,0.3,2026.0,1,1,0.0,0.00632609,0.00632609,0.0,12,12,0.0,0,0,0.0,0,0,0.0
corrected_vs_forced,97191,0.3,2027.0,0,0,0.0,1.2882261,1.57115248,-0.28292638,15,15,0.0,0,1,-1.0,0,1,-1.0
corrected_vs_forced,97191,0.3,2028.0,0,0,0.0,0.93757932,0.93757932,0.0,15,15,0.0,0,0,0.0,0,0,0.0
corrected_vs_forced,97228,0.2,2026.0,1,1,0.0,0.12422207,0.21223344,-0.08801137,15,13,2.0,0,0,0.0,0,0,0.0
corrected_vs_forced,97228,0.2,2027.0,1,1,0.0,0.09137343,0.09137343,0.0,15,15,0.0,0,0,0.0,0,0,0.0
corrected_vs_forced,97228,0.2,2028.0,1,1,0.0,0.04498268,0.04498268,0.0,9,9,0.0,0,0,0.0,0,0,0.0
corrected_vs_forced,97228,0.3,2026.0,1,1,0.0,0.02851635,0.02851635,0.0,11,11,0.0,0,0,0.0,0,0,0.0
corrected_vs_forced,97228,0.3,2027.0,1,1,0.0,0.03397782,0.03397782,0.0,11,11,0.0,0,0,0.0,0,0,0.0
corrected_vs_forced,97228,0.3,2028.0,1,1,0.0,0.03819809,0.03819809,0.0,10,10,0.0,0,0,0.0,0,0,0.0
corrected_vs_forced,97540,0.2,2026.0,1,1,0.0,0.00370044,0.00370044,0.0,2,2,0.0,0,0,0.0,0,0,0.0
corrected_vs_forced,97540,0.2,2027.0,1,1,0.0,0.00029384,0.00029384,0.0,2,2,0.0,0,0,0.0,0,0,0.0
corrected_vs_forced,97540,0.2,2028.0,1,1,0.0,0.00029384,0.00029384,0.0,2,2,0.0,0,0,0.0,0,0,0.0
corrected_vs_forced,97540,0.3,2026.0,1,1,0.0,0.00029384,0.00029384,0.0,2,2,0.0,0,0,0.0,0,0,0.0
corrected_vs_forced,97540,0.3,2027.0,1,1,0.0,0.00403282,0.00403282,0.0,3,3,0.0,0,0,0.0,0,0,0.0
corrected_vs_forced,97540,0.3,2028.0,1,1,0.0,0.00449253,0.00449253,0.0,2,2,0.0,0,0,0.0,0,0,0.0
corrected_vs_forced,97571,0.2,2026.0,0,0,0.0,1.22517645,1.52369572,-0.29851927,15,15,0.0,0,1,-1.0,0,1,-1.0
corrected_vs_forced,97571,0.2,2027.0,0,0,0.0,1.08854937,1.08854937,0.0,15,15,0.0,0,0,0.0,0,0,0.0
corrected_vs_forced,97571,0.2,2028.0,1,1,0.0,0.01007975,0.01007975,0.0,12,12,0.0,0,0,0.0,0,0,0.0
corrected_vs_forced,97571,0.3,2026.0,0,0,0.0,1.1838658,1.1838658,0.0,15,15,0.0,0,0,0.0,0,0,0.0
corrected_vs_forced,97571,0.3,2027.0,1,1,0.0,0.00396363,0.00396363,0.0,13,13,0.0,0,0,0.0,0,0,0.0
corrected_vs_forced,97571,0.3,2028.0,0,0,0.0,1.42943684,1.42943684,0.0,15,15,0.0,0,0,0.0,0,0,0.0
corrected_vs_forced,97951,0.2,2026.0,1,1,0.0,0.00118374,0.00118374,0.0,2,2,0.0,0,0,0.0,0,0,0.0
corrected_vs_forced,97951,0.2,2027.0,1,1,0.0,0.00118374,0.00118374,0.0,2,2,0.0,0,0,0.0,0,0,0.0
corrected_vs_forced,97951,0.2,2028.0,1,1,0.0,0.00118374,0.00118374,0.0,2,2,0.0,0,0,0.0,0,0,0.0
corrected_vs_forced,97951,0.3,2026.0,0,0,0.0,1.81603847,1.81603847,0.0,3,3,0.0,0,0,0.0,0,0,0.0
corrected_vs_forced,97951,0.3,2027.0,1,1,0.0,0.00118374,0.00118374,0.0,2,2,0.0,0,0,0.0,0,0,0.0
corrected_vs_forced,97951,0.3,2028.0,1,1,0.0,0.00118374,0.00118374,0.0,2,2,0.0,0,0,0.0,0,0,0.0
corrected_vs_forced,99585,0.2,2026.0,1,1,0.0,0.01948264,0.01948264,0.0,15,15,0.0,0,0,0.0,0,0,0.0
corrected_vs_forced,99585,0.2,2027.0,0,0,0.0,1.94589545,1.94589545,0.0,6,6,0.0,0,0,0.0,0,0,0.0
corrected_vs_forced,99585,0.2,2028.0,1,1,0.0,0.59769717,0.59769717,0.0,15,15,0.0,1,1,0.0,1,1,0.0
corrected_vs_forced,99585,0.3,2026.0,0,0,0.0,1.02803546,1.02803546,0.0,15,15,0.0,0,0,0.0,0,0,0.0
corrected_vs_forced,99585,0.3,2027.0,1,1,0.0,0.05915919,0.05915919,0.0,15,15,0.0,0,0,0.0,0,0,0.0
corrected_vs_forced,99585,0.3,2028.0,0,0,0.0,1.08824759,1.08824759,0.0,15,15,0.0,0,0,0.0,0,0,0.0
forced_vs_heuristic,100333,0.2,2026.0,1,1,0.0,0.01404958,0.00014404,0.01390554,2,5,-3.0,0,1,-1.0,0,0,0.0
forced_vs_heuristic,100333,0.2,2027.0,1,1,0.0,0.00226634,0.0055814,-0.00331506,5,6,-1.0,1,0,1.0,0,0,0.0
forced_vs_heuristic,100333,0.2,2028.0,1,1,0.0,0.00104417,0.00104417,0.0,2,2,0.0,0,0,0.0,0,0,0.0
forced_vs_heuristic,100333,0.3,2026.0,1,1,0.0,0.00104417,0.00104417,0.0,2,2,0.0,0,0,0.0,0,0,0.0
forced_vs_heuristic,100333,0.3,2027.0,1,1,0.0,0.00104417,0.00104417,0.0,2,2,0.0,0,0,0.0,0,0,0.0
forced_vs_heuristic,100333,0.3,2028.0,1,1,0.0,0.00104417,0.00104417,0.0,2,2,0.0,0,0,0.0,0,0,0.0
forced_vs_heuristic,100786,0.2,2026.0,1,1,0.0,0.00682778,7.129e-05,0.00675649,8,7,1.0,1,1,0.0,0,1,-1.0
forced_vs_heuristic,100786,0.2,2027.0,1,1,0.0,0.00267944,0.00031848,0.00236096,6,9,-3.0,0,1,-1.0,0,1,-1.0
forced_vs_heuristic,100786,0.2,2028.0,1,1,0.0,0.00273291,7.191e-05,0.002661,9,9,0.0,0,1,-1.0,0,0,0.0
forced_vs_heuristic,100786,0.3,2026.0,1,1,0.0,0.00086641,0.00351812,-0.00265171,12,10,2.0,1,1,0.0,1,0,1.0
forced_vs_heuristic,100786,0.3,2027.0,1,0,1.0,0.00380653,0.9176456,-0.91383907,5,15,-10.0,0,1,-1.0,0,1,-1.0
forced_vs_heuristic,100786,0.3,2028.0,1,1,0.0,0.01225333,7.129e-05,0.01218204,7,7,0.0,0,1,-1.0,0,1,-1.0
forced_vs_heuristic,100894,0.2,2026.0,1,1,0.0,0.0231878,0.00760862,0.01557918,13,7,6.0,1,1,0.0,0,0,0.0
forced_vs_heuristic,100894,0.2,2027.0,1,1,0.0,0.01620198,0.0096634,0.00653858,6,5,1.0,1,0,1.0,1,0,1.0
forced_vs_heuristic,100894,0.2,2028.0,1,1,0.0,0.01391732,0.0020857,0.01183162,5,4,1.0,0,0,0.0,0,0,0.0
forced_vs_heuristic,100894,0.3,2026.0,1,1,0.0,0.00215084,0.0096634,-0.00751256,5,5,0.0,1,0,1.0,1,0,1.0
forced_vs_heuristic,100894,0.3,2027.0,1,1,0.0,0.00934833,0.00143336,0.00791497,8,11,-3.0,1,1,0.0,1,1,0.0
forced_vs_heuristic,100894,0.3,2028.0,1,1,0.0,0.01615402,0.0096634,0.00649062,5,5,0.0,1,0,1.0,1,0,1.0
forced_vs_heuristic,101434,0.2,2026.0,1,1,0.0,0.00958545,0.00231187,0.00727358,11,13,-2.0,0,1,-1.0,0,1,-1.0
forced_vs_heuristic,101434,0.2,2027.0,0,0,0.0,1.25867883,1.37607009,-0.11739126,15,15,0.0,0,1,-1.0,0,0,0.0
forced_vs_heuristic,101434,0.2,2028.0,0,1,-1.0,1.15588263,0.44056216,0.71532047,15,15,0.0,0,1,-1.0,0,0,0.0
forced_vs_heuristic,101434,0.3,2026.0,1,1,0.0,0.48091727,0.14422927,0.336688,15,15,0.0,0,1,-1.0,0,1,-1.0
forced_vs_heuristic,101434,0.3,2027.0,1,0,1.0,0.01902563,0.73179145,-0.71276582,13,15,-2.0,1,1,0.0,0,1,-1.0
forced_vs_heuristic,101434,0.3,2028.0,1,0,1.0,0.75239724,1.06257061,-0.31017337,15,15,0.0,0,1,-1.0,0,0,0.0
forced_vs_heuristic,101999,0.2,2026.0,1,1,0.0,0.0037733,0.00383549,-6.219e-05,3,2,1.0,0,0,0.0,0,0,0.0
forced_vs_heuristic,101999,0.2,2027.0,1,1,0.0,0.0037733,0.00383549,-6.219e-05,3,2,1.0,0,0,0.0,0,0,0.0
forced_vs_heuristic,101999,0.2,2028.0,1,1,0.0,0.00763783,0.00210195,0.00553588,3,5,-2.0,0,1,-1.0,0,1,-1.0
forced_vs_heuristic,101999,0.3,2026.0,1,1,0.0,0.0037733,0.00383549,-6.219e-05,3,2,1.0,0,0,0.0,0,0,0.0
forced_vs_heuristic,101999,0.3,2027.0,1,1,0.0,0.0037733,0.00383549,-6.219e-05,3,2,1.0,0,0,0.0,0,0,0.0
forced_vs_heuristic,101999,0.3,2028.0,1,1,0.0,0.00642346,0.00524173,0.00118173,3,4,-1.0,0,1,-1.0,0,1,-1.0
forced_vs_heuristic,102209,0.2,2026.0,1,1,0.0,0.00518576,0.00208545,0.00310031,6,6,0.0,0,1,-1.0,0,1,-1.0
forced_vs_heuristic,102209,0.2,2027.0,1,1,0.0,0.00012002,0.0001637,-4.368e-05,4,3,1.0,0,0,0.0,0,0,0.0
forced_vs_heuristic,102209,0.2,2028.0,1,1,0.0,0.01769187,0.00019556,0.01749631,6,6,0.0,0,1,-1.0,0,1,-1.0
forced_vs_heuristic,102209,0.3,2026.0,0,1,-1.0,1.92256059,0.00588412,1.91667647,4,5,-1.0,0,1,-1.0,0,1,-1.0
forced_vs_heuristic,102209,0.3,2027.0,1,1,0.0,0.00171812,0.00236508,-0.00064696,4,3,1.0,0,0,0.0,0,0,0.0
forced_vs_heuristic,102209,0.3,2028.0,1,1,0.0,0.00017319,0.00599011,-0.00581692,9,12,-3.0,1,1,0.0,0,1,-1.0
forced_vs_heuristic,102711,0.2,2026.0,1,1,0.0,0.01949391,0.00522711,0.0142668,1,8,-7.0,0,1,-1.0,0,0,0.0
forced_vs_heuristic,102711,0.2,2027.0,1,1,0.0,0.02500434,0.00425894,0.0207454,2,10,-8.0,0,0,0.0,0,0,0.0
forced_vs_heuristic,102711,0.2,2028.0,1,1,0.0,0.01949391,0.00599896,0.01349495,1,5,-4.0,0,0,0.0,0,0,0.0
forced_vs_heuristic,102711,0.3,2026.0,1,1,0.0,0.00273196,0.03441774,-0.03168578,15,15,0.0,1,0,1.0,0,0,0.0
forced_vs_heuristic,102711,0.3,2027.0,1,1,0.0,0.01949391,0.00389403,0.01559988,1,5,-4.0,0,0,0.0,0,0,0.0
forced_vs_heuristic,102711,0.3,2028.0,1,1,0.0,0.01949391,0.0013888,0.01810511,1,4,-3.0,0,0,0.0,0,0,0.0
forced_vs_heuristic,102872,0.2,2026.0,1,1,0.0,7.583e-05,6.024e-05,1.559e-05,5,5,0.0,0,0,0.0,0,0,0.0
forced_vs_heuristic,102872,0.2,2027.0,1,1,0.0,7.583e-05,1.766e-05,5.817e-05,5,6,-1.0,0,0,0.0,0,0,0.0
forced_vs_heuristic,102872,0.2,2028.0,1,1,0.0,0.00013834,2.816e-05,0.00011018,4,5,-1.0,0,0,0.0,0,0,0.0
forced_vs_heuristic,102872,0.3,2026.0,1,1,0.0,9.476e-05,0.00026495,-0.00017019,9,5,4.0,1,1,0.0,0,0,0.0
forced_vs_heuristic,102872,0.3,2027.0,1,1,0.0,0.00130488,2.867e-05,0.00127621,5,5,0.0,0,0,0.0,0,0,0.0
forced_vs_heuristic,102872,0.3,2028.0,0,0,0.0,1.77638613,1.05004955,0.72633658,5,15,-10.0,0,1,-1.0,0,0,0.0
forced_vs_heuristic,102986,0.2,2026.0,1,1,0.0,7.893e-05,7.893e-05,0.0,7,7,0.0,1,1,0.0,0,0,0.0
forced_vs_heuristic,102986,0.2,2027.0,1,1,0.0,0.03843531,0.0053433,0.03309201,7,8,-1.0,0,1,-1.0,0,1,-1.0
forced_vs_heuristic,102986,0.2,2028.0,1,1,0.0,0.00800102,8.672e-05,0.0079143,5,7,-2.0,0,1,-1.0,0,1,-1.0
forced_vs_heuristic,102986,0.3,2026.0,1,1,0.0,0.00040953,0.00040953,0.0,5,5,0.0,0,0,0.0,0,0,0.0
forced_vs_heuristic,102986,0.3,2027.0,1,1,0.0,0.00456254,0.00962465,-0.00506211,6,6,0.0,0,1,-1.0,0,1,-1.0
forced_vs_heuristic,102986,0.3,2028.0,0,1,-1.0,1.66708747,0.0357871,1.63130037,2,14,-12.0,0,1,-1.0,0,1,-1.0
forced_vs_heuristic,103775,0.2,2026.0,1,1,0.0,0.00048475,7.523e-05,0.00040952,2,3,-1.0,0,0,0.0,0,0,0.0
forced_vs_heuristic,103775,0.2,2027.0,1,1,0.0,0.00048475,7.523e-05,0.00040952,2,3,-1.0,0,0,0.0,0,0,0.0
forced_vs_heuristic,103775,0.2,2028.0,1,1,0.0,0.00048475,7.523e-05,0.00040952,2,3,-1.0,0,0,0.0,0,0,0.0
forced_vs_heuristic,103775,0.3,2026.0,1,1,0.0,0.00048475,0.00048475,0.0,2,3,-1.0,0,0,0.0,0,0,0.0
forced_vs_heuristic,103775,0.3,2027.0,1,1,0.0,0.00048475,8.102e-05,0.00040373,2,3,-1.0,0,0,0.0,0,0,0.0
forced_vs_heuristic,103775,0.3,2028.0,0,0,0.0,1.89523385,1.00858084,0.88665301,5,15,-10.0,0,1,-1.0,0,1,-1.0
forced_vs_heuristic,104168,0.2,2026.0,1,1,0.0,0.01001012,0.00261274,0.00739738,2,3,-1.0,0,0,0.0,0,0,0.0
forced_vs_heuristic,104168,0.2,2027.0,1,1,0.0,0.01001012,0.00261274,0.00739738,2,3,-1.0,0,0,0.0,0,0,0.0
forced_vs_heuristic,104168,0.2,2028.0,1,1,0.0,0.01049845,0.00272589,0.00777256,3,6,-3.0,0,1,-1.0,0,0,0.0
forced_vs_heuristic,104168,0.3,2026.0,1,1,0.0,0.01001012,0.00261274,0.00739738,2,3,-1.0,0,0,0.0,0,0,0.0
forced_vs_heuristic,104168,0.3,2027.0,1,1,0.0,0.0067598,0.00172503,0.00503477,4,6,-2.0,1,1,0.0,0,0,0.0
forced_vs_heuristic,104168,0.3,2028.0,1,1,0.0,0.01049845,0.00124985,0.0092486,3,5,-2.0,0,0,0.0,0,0,0.0
forced_vs_heuristic,105358,0.2,2026.0,1,0,1.0,0.00627414,1.00729653,-1.00102239,8,15,-7.0,0,1,-1.0,0,0,0.0
forced_vs_heuristic,105358,0.2,2027.0,1,1,0.0,0.00319686,0.00469276,-0.0014959,6,4,2.0,0,0,0.0,0,0,0.0
forced_vs_heuristic,105358,0.2,2028.0,0,1,-1.0,1.78391216,0.00018745,1.78372471,8,5,3.0,0,0,0.0,0,0,0.0
forced_vs_heuristic,105358,0.3,2026.0,1,1,0.0,0.00106455,0.00105375,1.08e-05,9,7,2.0,0,0,0.0,0,0,0.0
forced_vs_heuristic,105358,0.3,2027.0,1,1,0.0,0.00041267,0.00060364,-0.00019097,7,9,-2.0,0,1,-1.0,0,1,-1.0
forced_vs_heuristic,105358,0.3,2028.0,0,1,-1.0,1.089127,0.66844452,0.42068248,15,15,0.0,0,1,-1.0,0,1,-1.0
forced_vs_heuristic,105717,0.2,2026.0,1,1,0.0,0.26119996,0.30549711,-0.04429715,4,6,-2.0,0,0,0.0,0,0,0.0
forced_vs_heuristic,105717,0.2,2027.0,1,1,0.0,0.07408766,0.12698715,-0.05289949,3,6,-3.0,0,0,0.0,0,0,0.0
forced_vs_heuristic,105717,0.2,2028.0,1,1,0.0,0.07408766,0.12698715,-0.05289949,3,6,-3.0,0,0,0.0,0,0,0.0
forced_vs_heuristic,105717,0.3,2026.0,1,1,0.0,0.07408766,0.12698715,-0.05289949,3,6,-3.0,0,0,0.0,0,0,0.0
forced_vs_heuristic,105717,0.3,2027.0,1,1,0.0,0.03754268,0.02616936,0.01137332,7,8,-1.0,0,0,0.0,0,0,0.0
forced_vs_heuristic,105717,0.3,2028.0,1,1,0.0,0.07408766,0.12698715,-0.05289949,3,6,-3.0,0,0,0.0,0,0,0.0
forced_vs_heuristic,105944,0.2,2026.0,1,1,0.0,0.00122991,0.00122991,0.0,2,2,0.0,0,0,0.0,0,0,0.0
forced_vs_heuristic,105944,0.2,2027.0,1,1,0.0,0.00102161,0.00365365,-0.00263204,10,6,4.0,1,0,1.0,0,0,0.0
forced_vs_heuristic,105944,0.2,2028.0,1,1,0.0,0.00122991,0.00122991,0.0,2,2,0.0,0,0,0.0,0,0,0.0
forced_vs_heuristic,105944,0.3,2026.0,1,1,0.0,0.00122991,0.00122991,0.0,2,2,0.0,0,0,0.0,0,0,0.0
forced_vs_heuristic,105944,0.3,2027.0,1,1,0.0,0.00122991,0.00122991,0.0,2,2,0.0,0,0,0.0,0,0,0.0
forced_vs_heuristic,105944,0.3,2028.0,1,1,0.0,0.00122991,0.00122991,0.0,2,2,0.0,0,0,0.0,0,0,0.0
forced_vs_heuristic,107295,0.2,2026.0,1,1,0.0,0.07484476,0.01977005,0.05507471,5,12,-7.0,0,1,-1.0,0,0,0.0
forced_vs_heuristic,107295,0.2,2027.0,0,1,-1.0,0.98345365,0.00108231,0.98237134,15,13,2.0,1,1,0.0,1,0,1.0
forced_vs_heuristic,107295,0.2,2028.0,1,1,0.0,0.06359876,0.00529824,0.05830052,6,7,-1.0,0,0,0.0,0,0,0.0
forced_vs_heuristic,107295,0.3,2026.0,1,1,0.0,0.07484476,0.00760989,0.06723487,5,13,-8.0,0,1,-1.0,0,1,-1.0
forced_vs_heuristic,107295,0.3,2027.0,1,1,0.0,0.04647486,0.48841989,-0.44194503,6,15,-9.0,0,1,-1.0,0,0,0.0
forced_vs_heuristic,107295,0.3,2028.0,0,1,-1.0,1.82339351,0.00372208,1.81967143,10,10,0.0,0,1,-1.0,0,0,0.0
forced_vs_heuristic,107435,0.2,2026.0,1,1,0.0,0.01853659,0.00067787,0.01785872,1,3,-2.0,0,0,0.0,0,0,0.0
forced_vs_heuristic,107435,0.2,2027.0,1,1,0.0,0.01853659,0.00067787,0.01785872,1,3,-2.0,0,0,0.0,0,0,0.0
forced_vs_heuristic,107435,0.2,2028.0,1,1,0.0,0.01853659,0.00067787,0.01785872,1,3,-2.0,0,0,0.0,0,0,0.0
forced_vs_heuristic,107435,0.3,2026.0,1,1,0.0,0.01853659,0.0258864,-0.00734981,1,9,-8.0,0,1,-1.0,0,1,-1.0
forced_vs_heuristic,107435,0.3,2027.0,0,1,-1.0,1.03597353,0.44674962,0.58922391,15,15,0.0,0,1,-1.0,0,0,0.0
forced_vs_heuristic,107435,0.3,2028.0,1,1,0.0,0.01853659,0.0009342,0.01760239,1,3,-2.0,0,0,0.0,0,0,0.0
forced_vs_heuristic,107753,0.2,2026.0,1,0,1.0,0.0006126,0.89784951,-0.89723691,7,15,-8.0,0,1,-1.0,0,1,-1.0
forced_vs_heuristic,107753,0.2,2027.0,1,1,0.0,0.00146321,0.00163295,-0.00016974,5,4,1.0,0,0,0.0,0,0,0.0
forced_vs_heuristic,107753,0.2,2028.0,1,1,0.0,0.00610267,0.00631346,-0.00021079,3,2,1.0,0,0,0.0,0,0,0.0
forced_vs_heuristic,107753,0.3,2026.0,0,1,-1.0,1.6913198,8.502e-05,1.69123478,1,15,-14.0,0,1,-1.0,0,0,0.0
forced_vs_heuristic,107753,0.3,2027.0,1,1,0.0,0.00246299,0.00041768,0.00204531,6,12,-6.0,0,1,-1.0,0,0,0.0
forced_vs_heuristic,107753,0.3,2028.0,1,1,0.0,0.00300082,0.00647076,-0.00346994,6,7,-1.0,1,1,0.0,1,1,0.0
forced_vs_heuristic,108419,0.2,2026.0,1,1,0.0,0.11558569,0.04470672,0.07087897,4,8,-4.0,0,0,0.0,0,0,0.0
forced_vs_heuristic,108419,0.2,2027.0,0,0,0.0,1.24070856,1.37912427,-0.13841571,4,11,-7.0,0,1,-1.0,0,1,-1.0
forced_vs_heuristic,108419,0.2,2028.0,1,1,0.0,0.18116622,0.12573929,0.05542693,7,12,-5.0,1,1,0.0,1,1,0.0
forced_vs_heuristic,108419,0.3,2026.0,1,1,0.0,0.08442394,0.131681,-0.04725706,4,7,-3.0,0,1,-1.0,0,1,-1.0
forced_vs_heuristic,108419,0.3,2027.0,1,0,1.0,0.13422251,1.67744443,-1.54322192,4,13,-9.0,0,1,-1.0,0,1,-1.0
forced_vs_heuristic,108419,0.3,2028.0,1,1,0.0,0.11558569,0.15060135,-0.03501566,5,15,-10.0,1,1,0.0,1,1,0.0
forced_vs_heuristic,108535,0.2,2026.0,1,1,0.0,0.00772826,0.00011157,0.00761669,9,8,1.0,0,1,-1.0,0,1,-1.0
forced_vs_heuristic,108535,0.2,2027.0,0,1,-1.0,1.82800947,0.00337701,1.82463246,5,6,-1.0,0,0,0.0,0,0,0.0
forced_vs_heuristic,108535,0.2,2028.0,1,1,0.0,0.00423181,0.00337701,0.0008548,9,6,3.0,0,0,0.0,0,0,0.0
forced_vs_heuristic,108535,0.3,2026.0,1,1,0.0,0.0067943,0.00626236,0.00053194,12,9,3.0,0,1,-1.0,0,1,-1.0
forced_vs_heuristic,108535,0.3,2027.0,0,1,-1.0,1.84214756,0.02496291,1.81718465,14,15,-1.0,0,1,-1.0,0,1,-1.0
forced_vs_heuristic,108535,0.3,2028.0,1,1,0.0,0.00441174,0.00337701,0.00103473,8,6,2.0,0,0,0.0,0,0,0.0
forced_vs_heuristic,109084,0.2,2026.0,1,1,0.0,0.00032177,0.00067694,-0.00035517,6,6,0.0,0,1,-1.0,0,1,-1.0
forced_vs_heuristic,109084,0.2,2027.0,1,1,0.0,0.00155391,0.00034913,0.00120478,6,9,-3.0,1,1,0.0,0,1,-1.0
forced_vs_heuristic,109084,0.2,2028.0,1,1,0.0,0.00418816,0.00042708,0.00376108,5,10,-5.0,0,0,0.0,0,0,0.0
forced_vs_heuristic,109084,0.3,2026.0,1,1,0.0,0.01222387,0.00565723,0.00656664,8,11,-3.0,1,1,0.0,0,1,-1.0
forced_vs_heuristic,109084,0.3,2027.0,1,1,0.0,0.00214589,0.00259456,-0.00044867,8,8,0.0,0,1,-1.0,0,1,-1.0
forced_vs_heuristic,109084,0.3,2028.0,1,1,0.0,0.02594912,0.00513249,0.02081663,7,10,-3.0,0,1,-1.0,0,1,-1.0
forced_vs_heuristic,109136,0.2,2026.0,1,1,0.0,0.02663848,0.00010447,0.02653401,2,6,-4.0,0,0,0.0,0,0,0.0
forced_vs_heuristic,109136,0.2,2027.0,1,1,0.0,0.02663848,0.0016314,0.02500708,2,5,-3.0,0,0,0.0,0,0,0.0
forced_vs_heuristic,109136,0.2,2028.0,1,1,0.0,0.02663848,0.00016059,0.02647789,2,8,-6.0,0,1,-1.0,0,0,0.0
forced_vs_heuristic,109136,0.3,2026.0,1,1,0.0,0.02663848,0.01359772,0.01304076,2,11,-9.0,0,0,0.0,0,0,0.0
forced_vs_heuristic,109136,0.3,2027.0,1,1,0.0,0.02310029,0.00320421,0.01989608,3,12,-9.0,0,0,0.0,0,0,0.0
forced_vs_heuristic,109136,0.3,2028.0,1,1,0.0,0.02874113,9.922e-05,0.02864191,3,8,-5.0,0,1,-1.0,0,0,0.0
forced_vs_heuristic,109937,0.2,2026.0,1,1,0.0,0.00246299,0.00048406,0.00197893,6,12,-6.0,0,1,-1.0,0,1,-1.0
forced_vs_heuristic,109937,0.2,2027.0,1,1,0.0,0.01508018,0.00902807,0.00605211,6,4,2.0,1,0,1.0,1,0,1.0
forced_vs_heuristic,109937,0.2,2028.0,1,1,0.0,0.00157265,0.00902807,-0.00745542,6,4,2.0,1,0,1.0,1,0,1.0
forced_vs_heuristic,109937,0.3,2026.0,1,1,0.0,0.00157265,4.427e-05,0.00152838,6,6,0.0,1,1,0.0,1,1,0.0
forced_vs_heuristic,109937,0.3,2027.0,1,1,0.0,0.01502871,0.00902807,0.00600064,6,4,2.0,1,0,1.0,1,0,1.0
forced_vs_heuristic,109937,0.3,2028.0,0,1,-1.0,1.6913198,0.57596323,1.11535657,1,15,-14.0,0,1,-1.0,0,0,0.0
forced_vs_heuristic,11076,0.2,2026.0,0,0,0.0,1.29317618,1.89551338,-0.6023372,15,12,3.0,1,1,0.0,1,1,0.0
forced_vs_heuristic,11076,0.2,2027.0,0,1,-1.0,0.92718573,0.19768914,0.72949659,15,15,0.0,1,1,0.0,1,1,0.0
forced_vs_heuristic,11076,0.2,2028.0,0,0,0.0,1.80446664,1.97481902,-0.17035238,5,9,-4.0,0,1,-1.0,0,0,0.0
forced_vs_heuristic,11076,0.3,2026.0,0,0,0.0,1.25297533,1.97859271,-0.72561738,15,15,0.0,1,1,0.0,1,1,0.0
forced_vs_heuristic,11076,0.3,2027.0,0,0,0.0,0.93164111,1.97288911,-1.041248,15,10,5.0,1,1,0.0,1,0,1.0
forced_vs_heuristic,11076,0.3,2028.0,0,0,0.0,1.49525461,1.78199709,-0.28674248,15,14,1.0,1,1,0.0,1,1,0.0
forced_vs_heuristic,111597,0.2,2026.0,1,1,0.0,0.00526281,0.00526281,0.0,3,3,0.0,0,0,0.0,0,0,0.0
forced_vs_heuristic,111597,0.2,2027.0,1,1,0.0,0.00638838,5.837e-05,0.00633001,3,4,-1.0,0,1,-1.0,0,1,-1.0
forced_vs_heuristic,111597,0.2,2028.0,1,1,0.0,0.00526281,0.00526281,0.0,3,3,0.0,0,0,0.0,0,0,0.0
forced_vs_heuristic,111597,0.3,2026.0,1,1,0.0,0.00526281,0.00526281,0.0,3,3,0.0,0,0,0.0,0,0,0.0
forced_vs_heuristic,111597,0.3,2027.0,1,1,0.0,0.00066156,0.00066156,0.0,7,7,0.0,1,1,0.0,0,0,0.0
forced_vs_heuristic,111597,0.3,2028.0,1,1,0.0,0.00087967,0.00024838,0.00063129,3,5,-2.0,0,1,-1.0,0,1,-1.0
forced_vs_heuristic,111718,0.2,2026.0,1,1,0.0,0.00837912,0.62438771,-0.61600859,12,15,-3.0,0,1,-1.0,0,1,-1.0
forced_vs_heuristic,111718,0.2,2027.0,1,1,0.0,0.75152258,8.822e-05,0.75143436,15,11,4.0,0,1,-1.0,0,0,0.0
forced_vs_heuristic,111718,0.2,2028.0,0,1,-1.0,0.84502175,0.00025594,0.84476581,15,14,1.0,1,1,0.0,1,0,1.0
forced_vs_heuristic,111718,0.3,2026.0,1,1,0.0,0.00072526,0.00107227,-0.00034701,11,9,2.0,0,0,0.0,0,0,0.0
forced_vs_heuristic,111718,0.3,2027.0,1,1,0.0,0.01147802,0.00053748,0.01094054,11,13,-2.0,0,1,-1.0,0,1,-1.0
forced_vs_heuristic,111718,0.3,2028.0,0,1,-1.0,1.03618115,0.01345997,1.02272118,15,14,1.0,1,1,0.0,1,0,1.0
forced_vs_heuristic,111892,0.2,2026.0,0,1,-1.0,0.96876136,0.0146301,0.95413126,15,15,0.0,0,1,-1.0,0,0,0.0
forced_vs_heuristic,111892,0.2,2027.0,1,1,0.0,0.00680424,9.043e-05,0.00671381,12,15,-3.0,0,1,-1.0,0,1,-1.0
forced_vs_heuristic,111892,0.2,2028.0,0,1,-1.0,1.72819893,0.52702614,1.20117279,4,15,-11.0,0,1,-1.0,0,0,0.0
forced_vs_heuristic,111892,0.3,2026.0,1,1,0.0,0.28502195,0.00452263,0.28049932,15,15,0.0,0,1,-1.0,0,0,0.0
forced_vs_heuristic,111892,0.3,2027.0,1,1,0.0,0.00664107,0.62376196,-0.61712089,12,15,-3.0,0,1,-1.0,0,1,-1.0
forced_vs_heuristic,111892,0.3,2028.0,0,0,0.0,0.99086893,0.59283083,0.3980381,15,15,0.0,0,1,-1.0,0,0,0.0
forced_vs_heuristic,112339,0.2,2026.0,0,0,0.0,1.73675304,1.54848277,0.18827027,14,15,-1.0,0,1,-1.0,0,0,0.0
forced_vs_heuristic,112339,0.2,2027.0,0,0,0.0,1.85913587,1.05152134,0.80761453,3,15,-12.0,0,1,-1.0,0,0,0.0
forced_vs_heuristic,112339,0.2,2028.0,0,0,0.0,1.85428121,1.83927904,0.01500217,12,14,-2.0,0,1,-1.0,0,1,-1.0
forced_vs_heuristic,112339,0.3,2026.0,1,1,0.0,0.63878365,0.59147152,0.04731213,15,15,0.0,0,1,-1.0,0,0,0.0
forced_vs_heuristic,112339,0.3,2027.0,1,1,0.0,0.65915397,0.28081503,0.37833894,15,15,0.0,0,1,-1.0,0,1,-1.0
forced_vs_heuristic,112339,0.3,2028.0,1,1,0.0,0.01042061,0.30561581,-0.2951952,11,15,-4.0,0,1,-1.0,0,1,-1.0
forced_vs_heuristic,112884,0.2,2026.0,0,1,-1.0,1.85186501,0.39435377,1.45751124,10,15,-5.0,0,1,-1.0,0,0,0.0
forced_vs_heuristic,112884,0.2,2027.0,1,1,0.0,0.04510061,0.0086865,0.03641411,14,12,2.0,1,0,1.0,0,0,0.0
forced_vs_heuristic,112884,0.2,2028.0,1,1,0.0,0.02893768,0.01514065,0.01379703,4,5,-1.0,0,0,0.0,0,0,0.0
forced_vs_heuristic,112884,0.3,2026.0,0,0,0.0,0.90662047,1.00661955,-0.09999908,15,15,0.0,1,1,0.0,1,0,1.0
forced_vs_heuristic,112884,0.3,2027.0,1,1,0.0,0.02244298,0.00813736,0.01430562,4,5,-1.0,0,0,0.0,0,0,0.0
forced_vs_heuristic,112884,0.3,2028.0,1,1,0.0,0.026972,0.01417427,0.01279773,6,7,-1.0,0,0,0.0,0,0,0.0
forced_vs_heuristic,114028,0.2,2026.0,1,0,1.0,0.00311678,1.83500269,-1.83188591,3,9,-6.0,0,0,0.0,0,0,0.0
forced_vs_heuristic,114028,0.2,2027.0,0,1,-1.0,1.72639526,0.00807838,1.71831688,5,7,-2.0,1,1,0.0,1,1,0.0
forced_vs_heuristic,114028,0.2,2028.0,1,1,0.0,0.00023747,0.00863089,-0.00839342,7,8,-1.0,0,1,-1.0,0,1,-1.0
forced_vs_heuristic,114028,0.3,2026.0,1,1,0.0,0.00020261,3.383e-05,0.00016878,3,8,-5.0,0,1,-1.0,0,0,0.0
forced_vs_heuristic,114028,0.3,2027.0,1,1,0.0,0.00020261,0.00121913,-0.00101652,3,6,-3.0,0,0,0.0,0,0,0.0
forced_vs_heuristic,114028,0.3,2028.0,1,1,0.0,0.00311166,0.0012099,0.00190176,3,14,-11.0,0,1,-1.0,0,1,-1.0
forced_vs_heuristic,114042,0.2,2026.0,1,1,0.0,0.00022659,0.00022659,0.0,3,3,0.0,0,0,0.0,0,0,0.0
forced_vs_heuristic,114042,0.2,2027.0,1,1,0.0,0.00022659,0.00022659,0.0,3,3,0.0,0,0,0.0,0,0,0.0
forced_vs_heuristic,114042,0.2,2028.0,1,1,0.0,0.00017476,0.00017476,0.0,4,4,0.0,0,0,0.0,0,0,0.0
forced_vs_heuristic,114042,0.3,2026.0,1,1,0.0,0.00042249,0.00042249,0.0,4,4,0.0,0,0,0.0,0,0,0.0
forced_vs_heuristic,114042,0.3,2027.0,1,1,0.0,0.00022659,0.00022659,0.0,3,3,0.0,0,0,0.0,0,0,0.0
forced_vs_heuristic,114042,0.3,2028.0,1,1,0.0,0.00025325,0.00025325,0.0,3,3,0.0,0,0,0.0,0,0,0.0
forced_vs_heuristic,114245,0.2,2026.0,1,1,0.0,0.01737128,0.00629854,0.01107274,13,12,1.0,0,1,-1.0,0,1,-1.0
forced_vs_heuristic,114245,0.2,2027.0,1,1,0.0,0.00160516,0.00195923,-0.00035407,6,4,2.0,0,0,0.0,0,0,0.0
forced_vs_heuristic,114245,0.2,2028.0,1,1,0.0,0.00036794,0.00656321,-0.00619527,9,11,-2.0,0,1,-1.0,0,1,-1.0
forced_vs_heuristic,114245,0.3,2026.0,1,1,0.0,0.00763938,0.00573967,0.00189971,10,14,-4.0,0,1,-1.0,0,1,-1.0
forced_vs_heuristic,114245,0.3,2027.0,1,1,0.0,0.00045465,0.00189333,-0.00143868,8,10,-2.0,0,1,-1.0,0,1,-1.0
forced_vs_heuristic,114245,0.3,2028.0,0,0,0.0,1.87597406,1.74865667,0.12731739,6,5,1.0,0,1,-1.0,0,0,0.0
forced_vs_heuristic,115235,0.2,2026.0,1,1,0.0,0.01633864,0.000167,0.01617164,4,6,-2.0,1,1,0.0,1,0,1.0
forced_vs_heuristic,115235,0.2,2027.0,1,1,0.0,0.00883543,0.00326902,0.00556641,3,5,-2.0,0,0,0.0,0,0,0.0
forced_vs_heuristic,115235,0.2,2028.0,1,1,0.0,0.00883543,0.0041878,0.00464763,3,5,-2.0,0,0,0.0,0,0,0.0
forced_vs_heuristic,115235,0.3,2026.0,1,1,0.0,0.01633864,0.00010808,0.01623056,4,7,-3.0,1,1,0.0,1,0,1.0
forced_vs_heuristic,115235,0.3,2027.0,1,1,0.0,0.00883543,0.00326902,0.00556641,3,5,-2.0,0,0,0.0,0,0,0.0
forced_vs_heuristic,115235,0.3,2028.0,1,1,0.0,0.68395791,0.00385283,0.68010508,15,10,5.0,0,1,-1.0,0,0,0.0
forced_vs_heuristic,116452,0.2,2026.0,0,0,0.0,1.21791432,1.12961687,0.08829745,15,15,0.0,0,1,-1.0,0,1,-1.0
forced_vs_heuristic,116452,0.2,2027.0,0,0,0.0,1.20787299,1.62348429,-0.4156113,15,15,0.0,1,1,0.0,1,1,0.0
forced_vs_heuristic,116452,0.2,2028.0,0,0,0.0,1.43019351,1.26963166,0.16056185,15,15,0.0,0,1,-1.0,0,0,0.0
forced_vs_heuristic,116452,0.3,2026.0,0,0,0.0,0.90638468,0.82694255,0.07944213,15,15,0.0,0,1,-1.0,0,0,0.0
forced_vs_heuristic,116452,0.3,2027.0,1,0,1.0,0.73929817,1.17562064,-0.43632247,15,15,0.0,0,1,-1.0,0,1,-1.0
forced_vs_heuristic,116452,0.3,2028.0,0,1,-1.0,1.88344877,0.73740539,1.14604338,12,15,-3.0,0,1,-1.0,0,0,0.0
forced_vs_heuristic,116991,0.2,2026.0,1,1,0.0,0.00034358,0.00092731,-0.00058373,3,8,-5.0,0,1,-1.0,0,1,-1.0
forced_vs_heuristic,116991,0.2,2027.0,0,1,-1.0,1.82527834,0.6041536,1.22112474,3,15,-12.0,0,1,-1.0,0,1,-1.0
forced_vs_heuristic,116991,0.2,2028.0,1,1,0.0,0.0049747,0.00300227,0.00197243,2,6,-4.0,0,1,-1.0,0,1,-1.0
forced_vs_heuristic,116991,0.3,2026.0,1,1,0.0,0.0049747,0.0029091,0.0020656,2,3,-1.0,0,0,0.0,0,0,0.0
forced_vs_heuristic,116991,0.3,2027.0,1,1,0.0,0.00859624,9.316e-05,0.00850308,2,10,-8.0,0,1,-1.0,0,0,0.0
forced_vs_heuristic,116991,0.3,2028.0,1,1,0.0,0.00243948,0.0029091,-0.00046962,7,3,4.0,1,0,1.0,0,0,0.0
forced_vs_heuristic,117339,0.2,2026.0,1,1,0.0,0.0050979,0.00625519,-0.00115729,9,11,-2.0,1,1,0.0,0,0,0.0
forced_vs_heuristic,117339,0.2,2027.0,1,0,1.0,0.00265419,0.64722568,-0.64457149,5,15,-10.0,0,1,-1.0,0,1,-1.0
forced_vs_heuristic,117339,0.2,2028.0,0,1,-1.0,1.73161775,0.65783696,1.07378079,15,15,0.0,0,1,-1.0,0,0,0.0
forced_vs_heuristic,117339,0.3,2026.0,1,1,0.0,0.01817341,0.01344576,0.00472765,10,9,1.0,1,1,0.0,0,0,0.0
forced_vs_heuristic,117339,0.3,2027.0,1,1,0.0,0.00046782,0.00389577,-0.00342795,6,10,-4.0,0,1,-1.0,0,1,-1.0
forced_vs_heuristic,117339,0.3,2028.0,1,1,0.0,0.0021225,0.00050673,0.00161577,6,12,-6.0,0,1,-1.0,0,0,0.0
forced_vs_heuristic,117692,0.2,2026.0,0,0,0.0,0.93317788,1.05758662,-0.12440874,15,15,0.0,0,1,-1.0,0,0,0.0
forced_vs_heuristic,117692,0.2,2027.0,1,1,0.0,0.01063339,0.00174232,0.00889107,12,11,1.0,0,1,-1.0,0,1,-1.0
forced_vs_heuristic,117692,0.2,2028.0,1,1,0.0,0.00022651,1.859e-05,0.00020792,11,10,1.0,0,0,0.0,0,0,0.0
forced_vs_heuristic,117692,0.3,2026.0,0,1,-1.0,1.95582432,8.423e-05,1.95574009,8,12,-4.0,0,1,-1.0,0,1,-1.0
forced_vs_heuristic,117692,0.3,2027.0,0,0,0.0,0.96661204,0.9859702,-0.01935816,15,15,0.0,0,1,-1.0,0,1,-1.0
forced_vs_heuristic,117692,0.3,2028.0,1,0,1.0,0.00161002,0.63665049,-0.63504047,10,15,-5.0,0,1,-1.0,0,0,0.0
forced_vs_heuristic,118067,0.2,2026.0,1,0,1.0,0.00621668,1.88177538,-1.8755587,7,3,4.0,0,0,0.0,0,0,0.0
forced_vs_heuristic,118067,0.2,2027.0,1,1,0.0,0.00028879,0.00155127,-0.00126248,7,8,-1.0,0,1,-1.0,0,1,-1.0
forced_vs_heuristic,118067,0.2,2028.0,1,1,0.0,0.01127781,0.0010793,0.01019851,8,6,2.0,0,0,0.0,0,0,0.0
forced_vs_heuristic,118067,0.3,2026.0,1,1,0.0,0.00537102,0.00114872,0.0042223,11,8,3.0,0,1,-1.0,0,1,-1.0
forced_vs_heuristic,118067,0.3,2027.0,0,1,-1.0,1.96274631,0.00028215,1.96246416,5,12,-7.0,0,1,-1.0,0,1,-1.0
forced_vs_heuristic,118067,0.3,2028.0,1,1,0.0,0.01412563,0.00219423,0.0119314,15,14,1.0,0,1,-1.0,0,0,0.0
forced_vs_heuristic,118143,0.2,2026.0,1,1,0.0,0.00010653,0.00020277,-9.624e-05,6,7,-1.0,0,0,0.0,0,0,0.0
forced_vs_heuristic,118143,0.2,2027.0,0,0,0.0,1.06022188,1.26597661,-0.20575473,15,15,0.0,0,0,0.0,0,0,0.0
forced_vs_heuristic,118143,0.2,2028.0,0,1,-1.0,1.00104339,3.664e-05,1.00100675,15,9,6.0,0,1,-1.0,0,0,0.0
forced_vs_heuristic,118143,0.3,2026.0,1,0,1.0,0.01180559,0.88876941,-0.87696382,12,15,-3.0,0,1,-1.0,0,1,-1.0
forced_vs_heuristic,118143,0.3,2027.0,0,0,0.0,1.04297355,1.03611066,0.00686289,15,15,0.0,0,0,0.0,0,0,0.0
forced_vs_heuristic,118143,0.3,2028.0,1,0,1.0,0.00135585,1.082161,-1.08080515,10,15,-5.0,1,1,0.0,0,1,-1.0
forced_vs_heuristic,11918,0.2,2026.0,1,1,0.0,0.00746805,0.06833564,-0.06086759,10,15,-5.0,1,1,0.0,0,0,0.0
forced_vs_heuristic,11918,0.2,2027.0,1,1,0.0,0.0009845,0.0009845,0.0,3,3,0.0,0,0,0.0,0,0,0.0
forced_vs_heuristic,11918,0.2,2028.0,1,1,0.0,0.0009845,0.0009845,0.0,3,3,0.0,0,0,0.0,0,0,0.0
forced_vs_heuristic,11918,0.3,2026.0,1,1,0.0,0.0009845,0.0009845,0.0,3,3,0.0,0,0,0.0,0,0,0.0
forced_vs_heuristic,11918,0.3,2027.0,1,1,0.0,0.00113302,0.00113302,0.0,3,3,0.0,0,0,0.0,0,0,0.0
forced_vs_heuristic,11918,0.3,2028.0,1,1,0.0,0.00730066,0.00444528,0.00285538,5,7,-2.0,0,1,-1.0,0,1,-1.0
forced_vs_heuristic,1195,0.2,2026.0,1,1,0.0,9.518e-05,0.00294091,-0.00284573,3,5,-2.0,0,1,-1.0,0,1,-1.0
forced_vs_heuristic,1195,0.2,2027.0,1,1,0.0,5.738e-05,0.00300433,-0.00294695,2,5,-3.0,0,1,-1.0,0,0,0.0
forced_vs_heuristic,1195,0.2,2028.0,1,1,0.0,5.738e-05,0.00279988,-0.0027425,2,3,-1.0,0,0,0.0,0,0,0.0
forced_vs_heuristic,1195,0.3,2026.0,1,1,0.0,5.738e-05,0.00279988,-0.0027425,2,3,-1.0,0,0,0.0,0,0,0.0
forced_vs_heuristic,1195,0.3,2027.0,1,1,0.0,5.738e-05,3.727e-05,2.011e-05,2,6,-4.0,0,1,-1.0,0,1,-1.0
forced_vs_heuristic,1195,0.3,2028.0,1,1,0.0,0.00132302,0.00279988,-0.00147686,3,3,0.0,0,0,0.0,0,0,0.0
forced_vs_heuristic,119507,0.2,2026.0,1,1,0.0,0.00914077,0.00054944,0.00859133,4,5,-1.0,0,0,0.0,0,0,0.0
forced_vs_heuristic,119507,0.2,2027.0,1,1,0.0,0.00774877,0.00400905,0.00373972,6,8,-2.0,0,1,-1.0,0,0,0.0
forced_vs_heuristic,119507,0.2,2028.0,1,1,0.0,0.00068178,0.00029008,0.0003917,7,6,1.0,0,0,0.0,0,0,0.0
forced_vs_heuristic,119507,0.3,2026.0,1,1,0.0,0.00914077,0.00054944,0.00859133,4,5,-1.0,0,0,0.0,0,0,0.0
forced_vs_heuristic,119507,0.3,2027.0,0,1,-1.0,1.19022032,0.44785298,0.74236734,15,15,0.0,0,1,-1.0,0,0,0.0
forced_vs_heuristic,119507,0.3,2028.0,1,1,0.0,0.00058704,0.0002884,0.00029864,14,10,4.0,0,1,-1.0,0,0,0.0
forced_vs_heuristic,119896,0.2,2026.0,1,1,0.0,0.00106799,0.00040094,0.00066705,15,11,4.0,1,1,0.0,0,0,0.0
forced_vs_heuristic,119896,0.2,2027.0,1,1,0.0,0.02161311,0.00023775,0.02137536,9,10,-1.0,0,1,-1.0,0,0,0.0
forced_vs_heuristic,119896,0.2,2028.0,1,1,0.0,0.30956241,0.00013775,0.30942466,15,6,9.0,1,0,1.0,1,0,1.0
forced_vs_heuristic,119896,0.3,2026.0,1,1,0.0,0.03908045,0.00035141,0.03872904,11,7,4.0,1,0,1.0,1,0,1.0
forced_vs_heuristic,119896,0.3,2027.0,1,1,0.0,0.02122381,0.00281009,0.01841372,11,9,2.0,0,1,-1.0,0,1,-1.0
forced_vs_heuristic,119896,0.3,2028.0,1,0,1.0,0.43308303,1.0718827,-0.63879967,15,15,0.0,1,1,0.0,0,1,-1.0
forced_vs_heuristic,12,0.2,2026.0,0,0,0.0,1.84785719,1.08305037,0.76480682,9,15,-6.0,0,1,-1.0,0,0,0.0
forced_vs_heuristic,12,0.2,2027.0,1,1,0.0,0.00118337,0.00151052,-0.00032715,6,4,2.0,0,0,0.0,0,0,0.0
forced_vs_heuristic,12,0.2,2028.0,1,1,0.0,0.00079525,0.00151052,-0.00071527,6,4,2.0,0,0,0.0,0,0,0.0
forced_vs_heuristic,12,0.3,2026.0,1,1,0.0,0.00076371,0.00118846,-0.00042475,7,6,1.0,0,1,-1.0,0,1,-1.0
forced_vs_heuristic,12,0.3,2027.0,1,1,0.0,0.00083434,0.00073335,0.00010099,6,5,1.0,0,0,0.0,0,0,0.0
forced_vs_heuristic,12,0.3,2028.0,1,1,0.0,0.00084675,0.00159753,-0.00075078,6,5,1.0,0,1,-1.0,0,1,-1.0
forced_vs_heuristic,120617,0.2,2026.0,1,1,0.0,0.02914778,0.00189942,0.02724836,1,6,-5.0,0,0,0.0,0,0,0.0
forced_vs_heuristic,120617,0.2,2027.0,1,1,0.0,0.02914778,0.00135868,0.0277891,1,6,-5.0,0,0,0.0,0,0,0.0
forced_vs_heuristic,120617,0.2,2028.0,1,1,0.0,0.02914778,0.01517911,0.01396867,1,11,-10.0,0,1,-1.0,0,0,0.0
forced_vs_heuristic,120617,0.3,2026.0,1,1,0.0,0.06215323,0.01323377,0.04891946,3,8,-5.0,0,1,-1.0,0,0,0.0
forced_vs_heuristic,120617,0.3,2027.0,1,1,0.0,0.05670117,0.00349971,0.05320146,5,11,-6.0,1,1,0.0,0,0,0.0
forced_vs_heuristic,120617,0.3,2028.0,1,1,0.0,0.02914778,0.00171582,0.02743196,1,6,-5.0,0,0,0.0,0,0,0.0
forced_vs_heuristic,121089,0.2,2026.0,1,1,0.0,0.02945089,0.65646085,-0.62700996,12,15,-3.0,0,0,0.0,0,0,0.0
forced_vs_heuristic,121089,0.2,2027.0,1,1,0.0,0.07487028,0.00586567,0.06900461,15,10,5.0,1,0,1.0,0,0,0.0
forced_vs_heuristic,121089,0.2,2028.0,1,0,1.0,0.03848282,1.58700097,-1.54851815,9,15,-6.0,1,1,0.0,0,0,0.0
forced_vs_heuristic,121089,0.3,2026.0,1,0,1.0,0.83647107,0.73500161,0.10146946,15,15,0.0,0,1,-1.0,0,0,0.0
forced_vs_heuristic,121089,0.3,2027.0,1,1,0.0,0.06139059,0.42701284,-0.36562225,15,15,0.0,0,1,-1.0,0,0,0.0
forced_vs_heuristic,121089,0.3,2028.0,1,1,0.0,0.40932722,0.66126672,-0.2519395,15,15,0.0,0,1,-1.0,0,0,0.0
forced_vs_heuristic,121262,0.2,2026.0,1,1,0.0,0.0069443,0.00012251,0.00682179,3,6,-3.0,0,0,0.0,0,0,0.0
forced_vs_heuristic,121262,0.2,2027.0,1,1,0.0,0.0069443,0.00164583,0.00529847,3,2,1.0,0,0,0.0,0,0,0.0
forced_vs_heuristic,121262,0.2,2028.0,1,1,0.0,0.0069443,0.00164583,0.00529847,3,2,1.0,0,0,0.0,0,0,0.0
forced_vs_heuristic,121262,0.3,2026.0,1,1,0.0,0.0069443,0.0019847,0.0049596,3,12,-9.0,0,1,-1.0,0,0,0.0
forced_vs_heuristic,121262,0.3,2027.0,1,1,0.0,0.00983361,0.00730211,0.0025315,3,7,-4.0,0,1,-1.0,0,1,-1.0
forced_vs_heuristic,121262,0.3,2028.0,1,1,0.0,0.00902116,0.00064445,0.00837671,1,3,-2.0,0,0,0.0,0,0,0.0
forced_vs_heuristic,121307,0.2,2026.0,1,1,0.0,0.00105651,1.764e-05,0.00103887,3,11,-8.0,0,1,-1.0,0,0,0.0
forced_vs_heuristic,121307,0.2,2027.0,1,1,0.0,0.00105651,7.595e-05,0.00098056,3,6,-3.0,0,0,0.0,0,0,0.0
forced_vs_heuristic,121307,0.2,2028.0,1,1,0.0,0.00205222,0.65875694,-0.65670472,2,15,-13.0,0,1,-1.0,0,0,0.0
forced_vs_heuristic,121307,0.3,2026.0,1,0,1.0,0.00112325,1.20446476,-1.20334151,4,15,-11.0,0,1,-1.0,0,0,0.0
forced_vs_heuristic,121307,0.3,2027.0,1,1,0.0,0.00229061,0.00083857,0.00145204,4,12,-8.0,0,1,-1.0,0,1,-1.0
forced_vs_heuristic,121307,0.3,2028.0,1,1,0.0,5.863e-05,0.00144538,-0.00138675,5,10,-5.0,0,0,0.0,0,0,0.0
forced_vs_heuristic,121385,0.2,2026.0,0,1,-1.0,1.74025164,0.00427075,1.73598089,10,10,0.0,0,1,-1.0,0,0,0.0
forced_vs_heuristic,121385,0.2,2027.0,0,1,-1.0,1.96856336,0.00270344,1.96585992,13,13,0.0,1,1,0.0,0,1,-1.0
forced_vs_heuristic,121385,0.2,2028.0,1,1,0.0,0.02414201,0.00516523,0.01897678,15,14,1.0,1,1,0.0,0,0,0.0
forced_vs_heuristic,121385,0.3,2026.0,1,1,0.0,0.78424102,0.09490627,0.68933475,15,15,0.0,0,1,-1.0,0,1,-1.0
forced_vs_heuristic,121385,0.3,2027.0,0,0,0.0,1.44600258,1.05475783,0.39124475,15,15,0.0,0,1,-1.0,0,0,0.0
forced_vs_heuristic,121385,0.3,2028.0,0,1,-1.0,0.97831135,0.28930143,0.68900992,15,15,0.0,0,1,-1.0,0,0,0.0
forced_vs_heuristic,12181,0.2,2026.0,0,1,-1.0,1.91431999,0.22885424,1.68546575,11,15,-4.0,0,1,-1.0,0,1,-1.0
forced_vs_heuristic,12181,0.2,2027.0,1,0,1.0,0.0272284,1.36537029,-1.33814189,15,15,0.0,0,1,-1.0,0,0,0.0
forced_vs_heuristic,12181,0.2,2028.0,1,0,1.0,0.00729315,1.58840044,-1.58110729,13,15,-2.0,1,1,0.0,1,1,0.0
forced_vs_heuristic,12181,0.3,2026.0,1,0,1.0,0.04995189,1.85379514,-1.80384325,15,11,4.0,0,1,-1.0,0,0,0.0
forced_vs_heuristic,12181,0.3,2027.0,1,1,0.0,0.00644825,0.0001397,0.00630855,11,7,4.0,0,0,0.0,0,0,0.0
forced_vs_heuristic,12181,0.3,2028.0,1,1,0.0,0.00494086,0.00897923,-0.00403837,11,15,-4.0,0,1,-1.0,0,1,-1.0
forced_vs_heuristic,122570,0.2,2026.0,0,0,0.0,1.83858642,1.17610078,0.66248564,14,15,-1.0,1,1,0.0,0,0,0.0
forced_vs_heuristic,122570,0.2,2027.0,0,0,0.0,0.93814858,0.86195889,0.07618969,15,15,0.0,0,1,-1.0,0,1,-1.0
forced_vs_heuristic,122570,0.2,2028.0,0,0,0.0,1.90989662,0.97970977,0.93018685,8,15,-7.0,0,1,-1.0,0,1,-1.0
forced_vs_heuristic,122570,0.3,2026.0,1,1,0.0,0.01226421,0.00077783,0.01148638,8,6,2.0,1,0,1.0,1,0,1.0
forced_vs_heuristic,122570,0.3,2027.0,0,0,0.0,1.34959645,1.01638659,0.33320986,15,15,0.0,0,1,-1.0,0,1,-1.0
forced_vs_heuristic,122570,0.3,2028.0,0,0,0.0,0.99865041,1.01369452,-0.01504411,15,15,0.0,0,1,-1.0,0,1,-1.0
forced_vs_heuristic,122931,0.2,2026.0,1,0,1.0,0.05584783,0.91183867,-0.85599084,15,15,0.0,1,1,0.0,0,1,-1.0
forced_vs_heuristic,122931,0.2,2027.0,1,1,0.0,0.13173536,0.00026617,0.13146919,15,15,0.0,1,1,0.0,1,0,1.0
forced_vs_heuristic,122931,0.2,2028.0,0,0,0.0,0.97486369,1.04095055,-0.06608686,15,15,0.0,0,1,-1.0,0,1,-1.0
forced_vs_heuristic,122931,0.3,2026.0,0,1,-1.0,1.09592833,0.0071286,1.08879973,15,14,1.0,0,1,-1.0,0,0,0.0
forced_vs_heuristic,122931,0.3,2027.0,1,1,0.0,0.63125868,0.36623214,0.26502654,15,15,0.0,0,1,-1.0,0,0,0.0
forced_vs_heuristic,122931,0.3,2028.0,0,1,-1.0,0.94491592,0.03334867,0.91156725,15,15,0.0,0,1,-1.0,0,0,0.0
forced_vs_heuristic,123544,0.2,2026.0,1,1,0.0,0.00773566,0.00521135,0.00252431,14,13,1.0,1,1,0.0,1,1,0.0
forced_vs_heuristic,123544,0.2,2027.0,1,1,0.0,0.04035951,0.03235907,0.00800044,7,15,-8.0,1,1,0.0,1,1,0.0
forced_vs_heuristic,123544,0.2,2028.0,1,1,0.0,0.03344012,0.01077904,0.02266108,8,15,-7.0,1,1,0.0,1,1,0.0
forced_vs_heuristic,123544,0.3,2026.0,1,1,0.0,0.00313447,0.00313332,1.15e-06,9,9,0.0,1,1,0.0,1,1,0.0
forced_vs_heuristic,123544,0.3,2027.0,1,1,0.0,0.00859761,0.00434959,0.00424802,6,9,-3.0,0,1,-1.0,0,1,-1.0
forced_vs_heuristic,123544,0.3,2028.0,0,1,-1.0,1.92877693,0.37014301,1.55863392,7,15,-8.0,0,1,-1.0,0,0,0.0
forced_vs_heuristic,12377,0.2,2026.0,1,1,0.0,0.0017767,4.251e-05,0.00173419,4,4,0.0,0,0,0.0,0,0,0.0
forced_vs_heuristic,12377,0.2,2027.0,1,1,0.0,0.00010413,4.63e-06,9.95e-05,4,5,-1.0,0,0,0.0,0,0,0.0
forced_vs_heuristic,12377,0.2,2028.0,1,1,0.0,0.00010413,4.251e-05,6.162e-05,4,4,0.0,0,0,0.0,0,0,0.0
forced_vs_heuristic,12377,0.3,2026.0,1,1,0.0,0.0001042,4.251e-05,6.169e-05,5,4,1.0,0,0,0.0,0,0,0.0
forced_vs_heuristic,12377,0.3,2027.0,1,0,1.0,7.193e-05,1.05239388,-1.05232195,9,15,-6.0,1,1,0.0,0,1,-1.0
forced_vs_heuristic,12377,0.3,2028.0,1,0,1.0,0.00177324,1.8883183,-1.88654506,4,2,2.0,0,0,0.0,0,0,0.0
forced_vs_heuristic,123781,0.2,2026.0,1,1,0.0,0.01568953,0.00824108,0.00744845,9,7,2.0,0,0,0.0,0,0,0.0
forced_vs_heuristic,123781,0.2,2027.0,1,1,0.0,0.01568953,0.00824108,0.00744845,9,7,2.0,0,0,0.0,0,0,0.0
forced_vs_heuristic,123781,0.2,2028.0,1,1,0.0,0.01243013,0.00013775,0.01229238,9,6,3.0,0,0,0.0,0,0,0.0
forced_vs_heuristic,123781,0.3,2026.0,0,0,0.0,1.97502522,1.97090891,0.00411631,6,3,3.0,0,0,0.0,0,0,0.0
forced_vs_heuristic,123781,0.3,2027.0,1,0,1.0,0.75585728,1.01800279,-0.26214551,15,15,0.0,0,1,-1.0,0,0,0.0
forced_vs_heuristic,123781,0.3,2028.0,0,0,0.0,0.90887824,1.03069537,-0.12181713,15,15,0.0,0,1,-1.0,0,1,-1.0
forced_vs_heuristic,123939,0.2,2026.0,1,1,0.0,0.02186933,0.00021536,0.02165397,2,5,-3.0,0,0,0.0,0,0,0.0
forced_vs_heuristic,123939,0.2,2027.0,1,1,0.0,0.01853659,0.00086299,0.0176736,1,3,-2.0,0,0,0.0,0,0,0.0
forced_vs_heuristic,123939,0.2,2028.0,1,1,0.0,0.02186933,0.00110963,0.0207597,2,6,-4.0,0,0,0.0,0,0,0.0
forced_vs_heuristic,123939,0.3,2026.0,1,1,0.0,0.01853659,0.01160668,0.00692991,1,6,-5.0,0,1,-1.0,0,1,-1.0
forced_vs_heuristic,123939,0.3,2027.0,1,1,0.0,0.02186933,0.00021536,0.02165397,2,5,-3.0,0,0,0.0,0,0,0.0
forced_vs_heuristic,123939,0.3,2028.0,1,1,0.0,0.01853659,0.00093597,0.01760062,1,4,-3.0,0,0,0.0,0,0,0.0
forced_vs_heuristic,125147,0.2,2026.0,1,1,0.0,0.00811615,0.0002839,0.00783225,15,7,8.0,0,0,0.0,0,0,0.0
forced_vs_heuristic,125147,0.2,2027.0,1,1,0.0,0.0079426,0.0002839,0.0076587,13,7,6.0,0,0,0.0,0,0,0.0
forced_vs_heuristic,125147,0.2,2028.0,1,1,0.0,0.00072652,1.914e-05,0.00070738,11,7,4.0,0,1,-1.0,0,1,-1.0
forced_vs_heuristic,125147,0.3,2026.0,1,1,0.0,0.0056119,0.00093154,0.00468036,11,11,0.0,0,1,-1.0,0,1,-1.0
forced_vs_heuristic,125147,0.3,2027.0,0,0,0.0,1.50920509,1.03595792,0.47324717,15,15,0.0,0,1,-1.0,0,1,-1.0
forced_vs_heuristic,125147,0.3,2028.0,1,1,0.0,0.0056119,0.00319456,0.00241734,12,14,-2.0,1,1,0.0,0,1,-1.0
forced_vs_heuristic,12568,0.2,2026.0,1,1,0.0,0.00810963,0.00099769,0.00711194,10,6,4.0,0,0,0.0,0,0,0.0
forced_vs_heuristic,12568,0.2,2027.0,1,1,0.0,0.07484476,0.00150059,0.07334417,5,7,-2.0,0,0,0.0,0,0,0.0
forced_vs_heuristic,12568,0.2,2028.0,1,1,0.0,0.07484476,0.00150059,0.07334417,5,7,-2.0,0,0,0.0,0,0,0.0
forced_vs_heuristic,12568,0.3,2026.0,0,1,-1.0,1.21882195,0.16959199,1.04922996,15,15,0.0,0,1,-1.0,0,0,0.0
forced_vs_heuristic,12568,0.3,2027.0,1,1,0.0,0.05916761,0.01187937,0.04728824,13,7,6.0,1,0,1.0,1,0,1.0
forced_vs_heuristic,12568,0.3,2028.0,1,1,0.0,0.07484476,0.00638961,0.06845515,5,7,-2.0,0,0,0.0,0,0,0.0
forced_vs_heuristic,125795,0.2,2026.0,1,1,0.0,0.16684727,0.04346035,0.12338692,15,12,3.0,0,1,-1.0,0,0,0.0
forced_vs_heuristic,125795,0.2,2027.0,0,1,-1.0,1.8560964,0.03508913,1.82100727,7,15,-8.0,0,1,-1.0,0,0,0.0
forced_vs_heuristic,125795,0.2,2028.0,0,0,0.0,1.771102,1.08645132,0.68465068,8,15,-7.0,0,0,0.0,0,0,0.0
forced_vs_heuristic,125795,0.3,2026.0,1,1,0.0,0.14559278,0.06723204,0.07836074,15,15,0.0,0,1,-1.0,0,1,-1.0
forced_vs_heuristic,125795,0.3,2027.0,0,0,0.0,1.03646862,1.09593367,-0.05946505,15,15,0.0,0,1,-1.0,0,0,0.0
forced_vs_heuristic,125795,0.3,2028.0,1,1,0.0,0.37027826,0.0784671,0.29181116,15,15,0.0,0,1,-1.0,0,1,-1.0
forced_vs_heuristic,127331,0.2,2026.0,1,1,0.0,0.00015887,0.00014934,9.53e-06,11,7,4.0,0,0,0.0,0,0,0.0
forced_vs_heuristic,127331,0.2,2027.0,0,0,0.0,1.00553778,1.05990792,-0.05437014,15,15,0.0,0,1,-1.0,0,1,-1.0
forced_vs_heuristic,127331,0.2,2028.0,1,1,0.0,0.00309986,0.00253291,0.00056695,13,7,6.0,0,0,0.0,0,0,0.0
forced_vs_heuristic,127331,0.3,2026.0,0,1,-1.0,0.95196465,4.118e-05,0.95192347,15,10,5.0,0,1,-1.0,0,1,-1.0
forced_vs_heuristic,127331,0.3,2027.0,0,0,0.0,0.95932484,1.09376955,-0.13444471,15,15,0.0,0,1,-1.0,0,1,-1.0
forced_vs_heuristic,127331,0.3,2028.0,0,0,0.0,1.01660066,1.00002657,0.01657409,15,15,0.0,1,1,0.0,1,0,1.0
forced_vs_heuristic,127360,0.2,2026.0,1,1,0.0,0.05535483,0.03899728,0.01635755,11,12,-1.0,1,1,0.0,0,0,0.0
forced_vs_heuristic,127360,0.2,2027.0,0,1,-1.0,1.84911114,0.02270893,1.82640221,4,12,-8.0,0,1,-1.0,0,1,-1.0
forced_vs_heuristic,127360,0.2,2028.0,1,1,0.0,0.03792336,0.039567,-0.00164364,10,11,-1.0,0,1,-1.0,0,1,-1.0
forced_vs_heuristic,127360,0.3,2026.0,0,0,0.0,0.9196956,0.70438547,0.21531013,15,15,0.0,1,1,0.0,1,1,0.0
forced_vs_heuristic,127360,0.3,2027.0,0,1,-1.0,1.05925773,0.04250962,1.01674811,15,15,0.0,0,1,-1.0,0,0,0.0
forced_vs_heuristic,127360,0.3,2028.0,1,0,1.0,0.20741752,1.40952282,-1.2021053,15,13,2.0,0,1,-1.0,0,1,-1.0
forced_vs_heuristic,128863,0.2,2026.0,1,1,0.0,0.01693194,0.00784716,0.00908478,15,13,2.0,1,1,0.0,1,1,0.0
forced_vs_heuristic,128863,0.2,2027.0,1,1,0.0,0.10210833,0.0035567,0.09855163,15,8,7.0,1,0,1.0,1,0,1.0
forced_vs_heuristic,128863,0.2,2028.0,1,1,0.0,0.02279207,0.00609722,0.01669485,14,11,3.0,1,0,1.0,1,0,1.0
forced_vs_heuristic,128863,0.3,2026.0,0,0,0.0,0.76209813,1.01242406,-0.25032593,15,15,0.0,1,1,0.0,1,0,1.0
forced_vs_heuristic,128863,0.3,2027.0,0,0,0.0,1.19809984,1.2846709,-0.08657106,15,15,0.0,0,1,-1.0,0,0,0.0
forced_vs_heuristic,128863,0.3,2028.0,0,0,0.0,0.9090456,1.91458822,-1.00554262,15,4,11.0,0,0,0.0,0,0,0.0
forced_vs_heuristic,130463,0.2,2026.0,1,1,0.0,0.00456193,0.00036676,0.00419517,13,11,2.0,0,1,-1.0,0,1,-1.0
forced_vs_heuristic,130463,0.2,2027.0,0,1,-1.0,1.8639625,0.00010739,1.86385511,9,9,0.0,1,1,0.0,1,1,0.0
forced_vs_heuristic,130463,0.2,2028.0,1,1,0.0,0.00239556,0.00244354,-4.798e-05,6,4,2.0,0,0,0.0,0,0,0.0
forced_vs_heuristic,130463,0.3,2026.0,0,0,0.0,1.05332226,1.08196717,-0.02864491,15,15,0.0,0,0,0.0,0,0,0.0
forced_vs_heuristic,130463,0.3,2027.0,1,1,0.0,0.00239556,0.00244354,-4.798e-05,6,4,2.0,0,0,0.0,0,0,0.0
forced_vs_heuristic,130463,0.3,2028.0,1,1,0.0,0.00015062,0.0031367,-0.00298608,11,5,6.0,0,1,-1.0,0,1,-1.0
forced_vs_heuristic,130883,0.2,2026.0,0,0,0.0,0.91243986,0.72776434,0.18467552,15,15,0.0,0,1,-1.0,0,1,-1.0
forced_vs_heuristic,130883,0.2,2027.0,1,1,0.0,0.01043493,0.00047183,0.0099631,13,12,1.0,1,1,0.0,1,1,0.0
forced_vs_heuristic,130883,0.2,2028.0,0,0,0.0,1.03713284,0.9227992,0.11433364,15,15,0.0,1,1,0.0,1,1,0.0
forced_vs_heuristic,130883,0.3,2026.0,1,1,0.0,0.00040828,0.00075803,-0.00034975,10,9,1.0,1,1,0.0,1,1,0.0
forced_vs_heuristic,130883,0.3,2027.0,1,1,0.0,0.00021997,0.00064433,-0.00042436,8,7,1.0,1,1,0.0,1,1,0.0
forced_vs_heuristic,130883,0.3,2028.0,0,0,0.0,1.79616677,1.25067841,0.54548836,3,15,-12.0,0,1,-1.0,0,0,0.0
forced_vs_heuristic,131225,0.2,2026.0,1,1,0.0,0.01297555,0.00286309,0.01011246,1,4,-3.0,0,1,-1.0,0,0,0.0
forced_vs_heuristic,131225,0.2,2027.0,0,0,0.0,1.01089834,0.86086752,0.15003082,15,15,0.0,0,1,-1.0,0,0,0.0
forced_vs_heuristic,131225,0.2,2028.0,1,1,0.0,0.0014897,0.0024686,-0.0009789,8,13,-5.0,0,1,-1.0,0,0,0.0
forced_vs_heuristic,131225,0.3,2026.0,1,1,0.0,0.00088228,0.00082443,5.785e-05,10,11,-1.0,0,1,-1.0,0,1,-1.0
forced_vs_heuristic,131225,0.3,2027.0,0,0,0.0,1.08423959,1.1036221,-0.01938251,15,15,0.0,1,1,0.0,1,0,1.0
forced_vs_heuristic,131225,0.3,2028.0,1,0,1.0,0.00097736,1.34345244,-1.34247508,12,15,-3.0,0,1,-1.0,0,0,0.0
forced_vs_heuristic,131349,0.2,2026.0,1,0,1.0,0.05084589,0.50541636,-0.45457047,15,15,0.0,1,1,0.0,0,0,0.0
forced_vs_heuristic,131349,0.2,2027.0,0,1,-1.0,1.86061762,0.01291694,1.84770068,8,13,-5.0,0,1,-1.0,0,1,-1.0
forced_vs_heuristic,131349,0.2,2028.0,0,0,0.0,0.65718506,1.82491893,-1.16773387,15,15,0.0,0,1,-1.0,0,1,-1.0
forced_vs_heuristic,131349,0.3,2026.0,0,1,-1.0,0.80264464,0.11765498,0.68498966,15,15,0.0,0,1,-1.0,0,1,-1.0
forced_vs_heuristic,131349,0.3,2027.0,0,0,0.0,0.80110602,1.8679067,-1.06680068,15,15,0.0,0,1,-1.0,0,0,0.0
forced_vs_heuristic,131349,0.3,2028.0,0,0,0.0,1.96191179,0.62058825,1.34132354,7,15,-8.0,0,1,-1.0,0,1,-1.0
forced_vs_heuristic,132277,0.2,2026.0,1,1,0.0,0.00982864,0.00015726,0.00967138,11,13,-2.0,0,1,-1.0,0,1,-1.0
forced_vs_heuristic,132277,0.2,2027.0,0,0,0.0,0.75457015,1.22144621,-0.46687606,15,15,0.0,1,1,0.0,1,1,0.0
forced_vs_heuristic,132277,0.2,2028.0,0,0,0.0,1.56743818,1.89460167,-0.32716349,7,10,-3.0,0,1,-1.0,0,1,-1.0
forced_vs_heuristic,132277,0.3,2026.0,0,1,-1.0,1.84134082,0.11304268,1.72829814,13,15,-2.0,1,1,0.0,1,1,0.0
forced_vs_heuristic,132277,0.3,2027.0,0,1,-1.0,1.56743818,0.00495173,1.56248645,7,11,-4.0,0,1,-1.0,0,1,-1.0
forced_vs_heuristic,132277,0.3,2028.0,1,1,0.0,0.54455008,0.1514564,0.39309368,15,15,0.0,0,1,-1.0,0,1,-1.0
forced_vs_heuristic,13229,0.2,2026.0,0,1,-1.0,1.01630567,0.00756592,1.00873975,15,14,1.0,0,1,-1.0,0,0,0.0
forced_vs_heuristic,13229,0.2,2027.0,1,1,0.0,0.00776159,0.00144704,0.00631455,15,10,5.0,0,1,-1.0,0,0,0.0
forced_vs_heuristic,13229,0.2,2028.0,1,1,0.0,0.51466067,0.00184029,0.51282038,15,12,3.0,0,1,-1.0,0,1,-1.0
forced_vs_heuristic,13229,0.3,2026.0,1,1,0.0,0.00544982,0.00311186,0.00233796,11,10,1.0,1,1,0.0,1,1,0.0
forced_vs_heuristic,13229,0.3,2027.0,0,0,0.0,1.05942344,1.12757966,-0.06815622,15,15,0.0,0,1,-1.0,0,1,-1.0
forced_vs_heuristic,13229,0.3,2028.0,1,1,0.0,0.00102507,0.00187199,-0.00084692,10,9,1.0,0,1,-1.0,0,1,-1.0
forced_vs_heuristic,13849,0.2,2026.0,1,1,0.0,0.00053959,0.00169656,-0.00115697,5,5,0.0,1,0,1.0,0,0,0.0
forced_vs_heuristic,13849,0.2,2027.0,1,1,0.0,0.00049251,0.00034355,0.00014896,4,7,-3.0,0,1,-1.0,0,1,-1.0
forced_vs_heuristic,13849,0.2,2028.0,1,1,0.0,0.00057452,0.0004559,0.00011862,2,4,-2.0,0,0,0.0,0,0,0.0
forced_vs_heuristic,13849,0.3,2026.0,1,1,0.0,0.00057452,2.639e-05,0.00054813,2,4,-2.0,0,0,0.0,0,0,0.0
forced_vs_heuristic,13849,0.3,2027.0,1,1,0.0,0.00069116,0.0013511,-0.00065994,4,13,-9.0,0,1,-1.0,0,1,-1.0
forced_vs_heuristic,13849,0.3,2028.0,1,1,0.0,0.00057452,2.639e-05,0.00054813,2,4,-2.0,0,0,0.0,0,0,0.0
forced_vs_heuristic,14061,0.2,2026.0,1,1,0.0,0.00057511,6.497e-05,0.00051014,5,10,-5.0,0,1,-1.0,0,1,-1.0
forced_vs_heuristic,14061,0.2,2027.0,1,0,1.0,0.00071958,1.07123476,-1.07051518,8,15,-7.0,1,1,0.0,0,1,-1.0
forced_vs_heuristic,14061,0.2,2028.0,1,0,1.0,0.00104586,0.95651401,-0.95546815,6,15,-9.0,0,1,-1.0,0,1,-1.0
forced_vs_heuristic,14061,0.3,2026.0,0,1,-1.0,1.94531032,0.00068145,1.94462887,8,10,-2.0,1,1,0.0,1,1,0.0
forced_vs_heuristic,14061,0.3,2027.0,1,1,0.0,0.00041813,5.713e-05,0.000361,5,13,-8.0,0,1,-1.0,0,0,0.0
forced_vs_heuristic,14061,0.3,2028.0,1,1,0.0,0.00030235,0.01940199,-0.01909964,7,15,-8.0,0,1,-1.0,0,0,0.0
forced_vs_heuristic,15856,0.2,2026.0,1,0,1.0,0.02506692,0.80332658,-0.77825966,6,15,-9.0,1,1,0.0,1,1,0.0
forced_vs_heuristic,15856,0.2,2027.0,1,1,0.0,0.02506692,0.00150447,0.02356245,6,6,0.0,1,1,0.0,1,1,0.0
forced_vs_heuristic,15856,0.2,2028.0,1,1,0.0,0.00011546,0.00068954,-0.00057408,7,4,3.0,0,0,0.0,0,0,0.0
forced_vs_heuristic,15856,0.3,2026.0,1,1,0.0,0.02588598,0.00068954,0.02519644,7,4,3.0,1,0,1.0,1,0,1.0
forced_vs_heuristic,15856,0.3,2027.0,1,1,0.0,0.00018968,0.00012037,6.931e-05,5,6,-1.0,0,0,0.0,0,0,0.0
forced_vs_heuristic,15856,0.3,2028.0,1,1,0.0,0.00149283,0.0099927,-0.00849987,6,6,0.0,0,1,-1.0,0,1,-1.0
forced_vs_heuristic,16418,0.2,2026.0,1,1,0.0,0.02062172,0.01323566,0.00738606,10,15,-5.0,0,1,-1.0,0,1,-1.0
forced_vs_heuristic,16418,0.2,2027.0,1,1,0.0,0.0047234,0.0020668,0.0026566,11,15,-4.0,0,1,-1.0,0,1,-1.0
forced_vs_heuristic,16418,0.2,2028.0,1,1,0.0,0.04505873,0.00712185,0.03793688,12,12,0.0,1,0,1.0,0,0,0.0
forced_vs_heuristic,16418,0.3,2026.0,1,1,0.0,0.00200735,0.00025481,0.00175254,12,15,-3.0,1,0,1.0,1,0,1.0
forced_vs_heuristic,16418,0.3,2027.0,1,1,0.0,0.00531271,0.01005926,-0.00474655,11,15,-4.0,1,1,0.0,1,0,1.0
forced_vs_heuristic,16418,0.3,2028.0,1,1,0.0,0.03766468,0.00177107,0.03589361,12,15,-3.0,1,1,0.0,1,1,0.0
forced_vs_heuristic,1651,0.2,2026.0,1,1,0.0,0.0118262,0.00324488,0.00858132,6,7,-1.0,1,1,0.0,0,0,0.0
forced_vs_heuristic,1651,0.2,2027.0,1,0,1.0,0.05962783,0.88709075,-0.82746292,15,15,0.0,1,1,0.0,1,0,1.0
forced_vs_heuristic,1651,0.2,2028.0,1,1,0.0,0.01325455,0.00357328,0.00968127,7,6,1.0,1,1,0.0,0,0,0.0
forced_vs_heuristic,1651,0.3,2026.0,1,0,1.0,0.90294875,0.89186161,0.01108714,15,15,0.0,0,1,-1.0,0,1,-1.0
forced_vs_heuristic,1651,0.3,2027.0,1,1,0.0,0.01689809,0.0003926,0.01650549,3,8,-5.0,0,0,0.0,0,0,0.0
forced_vs_heuristic,1651,0.3,2028.0,1,1,0.0,0.01689809,0.0003926,0.01650549,3,8,-5.0,0,0,0.0,0,0,0.0
forced_vs_heuristic,17404,0.2,2026.0,1,1,0.0,0.02427328,0.00373812,0.02053516,3,9,-6.0,0,0,0.0,0,0,0.0
forced_vs_heuristic,17404,0.2,2027.0,1,0,1.0,0.02153556,1.97455073,-1.95301517,3,6,-3.0,0,0,0.0,0,0,0.0
forced_vs_heuristic,17404,0.2,2028.0,1,1,0.0,0.01514424,0.00303956,0.01210468,2,6,-4.0,0,0,0.0,0,0,0.0
forced_vs_heuristic,17404,0.3,2026.0,1,1,0.0,0.00216557,0.00285047,-0.0006849,12,14,-2.0,1,1,0.0,0,0,0.0
forced_vs_heuristic,17404,0.3,2027.0,1,1,0.0,0.01514424,0.00316411,0.01198013,2,7,-5.0,0,0,0.0,0,0,0.0
forced_vs_heuristic,17404,0.3,2028.0,1,1,0.0,0.01514424,0.00703306,0.00811118,2,8,-6.0,0,1,-1.0,0,0,0.0
forced_vs_heuristic,19706,0.2,2026.0,1,1,0.0,0.00314648,0.00032944,0.00281704,5,5,0.0,0,0,0.0,0,0,0.0
forced_vs_heuristic,19706,0.2,2027.0,1,1,0.0,0.09919082,0.00049954,0.09869128,15,8,7.0,1,1,0.0,1,1,0.0
forced_vs_heuristic,19706,0.2,2028.0,1,1,0.0,0.00070452,0.00032944,0.00037508,7,5,2.0,0,0,0.0,0,0,0.0
forced_vs_heuristic,19706,0.3,2026.0,1,1,0.0,0.00910974,5.605e-05,0.00905369,10,10,0.0,1,1,0.0,0,0,0.0
forced_vs_heuristic,19706,0.3,2027.0,1,1,0.0,0.00314648,0.00032944,0.00281704,5,5,0.0,0,0,0.0,0,0,0.0
forced_vs_heuristic,19706,0.3,2028.0,1,0,1.0,0.00514018,1.27957048,-1.2744303,12,15,-3.0,1,1,0.0,0,1,-1.0
forced_vs_heuristic,20485,0.2,2026.0,1,1,0.0,0.05021262,0.05707078,-0.00685816,15,15,0.0,0,1,-1.0,0,0,0.0
forced_vs_heuristic,20485,0.2,2027.0,1,1,0.0,0.00271204,0.43372186,-0.43100982,11,15,-4.0,0,1,-1.0,0,0,0.0
forced_vs_heuristic,20485,0.2,2028.0,0,0,0.0,1.28623644,0.79576606,0.49047038,15,15,0.0,0,0,0.0,0,0,0.0
forced_vs_heuristic,20485,0.3,2026.0,1,1,0.0,0.77009848,0.00210079,0.76799769,15,14,1.0,0,1,-1.0,0,1,-1.0
forced_vs_heuristic,20485,0.3,2027.0,1,0,1.0,0.01000151,0.80122528,-0.79122377,13,15,-2.0,0,1,-1.0,0,0,0.0
forced_vs_heuristic,20485,0.3,2028.0,1,0,1.0,0.21963038,0.83822668,-0.6185963,15,15,0.0,0,1,-1.0,0,0,0.0
forced_vs_heuristic,20624,0.2,2026.0,1,1,0.0,0.01230917,8.03e-05,0.01222887,4,9,-5.0,0,1,-1.0,0,1,-1.0
forced_vs_heuristic,20624,0.2,2027.0,1,1,0.0,0.00526281,0.00526281,0.0,3,3,0.0,0,0,0.0,0,0,0.0
forced_vs_heuristic,20624,0.2,2028.0,1,1,0.0,0.01230917,0.00656691,0.00574226,4,5,-1.0,0,1,-1.0,0,1,-1.0
forced_vs_heuristic,20624,0.3,2026.0,1,1,0.0,0.00125758,0.0002983,0.00095928,4,6,-2.0,0,1,-1.0,0,0,0.0
forced_vs_heuristic,20624,0.3,2027.0,1,1,0.0,0.00526281,0.00526281,0.0,3,3,0.0,0,0,0.0,0,0,0.0
forced_vs_heuristic,20624,0.3,2028.0,1,1,0.0,0.00169739,0.00077436,0.00092303,3,5,-2.0,0,1,-1.0,0,1,-1.0
forced_vs_heuristic,20761,0.2,2026.0,1,1,0.0,0.03083366,0.00027255,0.03056111,6,8,-2.0,0,1,-1.0,0,1,-1.0
forced_vs_heuristic,20761,0.2,2027.0,0,0,0.0,1.73350003,1.00098477,0.73251526,8,15,-7.0,0,1,-1.0,0,1,-1.0
forced_vs_heuristic,20761,0.2,2028.0,1,1,0.0,0.33434927,0.39382973,-0.05948046,12,14,-2.0,1,1,0.0,1,1,0.0
forced_vs_heuristic,20761,0.3,2026.0,1,1,0.0,0.33434927,0.39382973,-0.05948046,12,14,-2.0,1,1,0.0,1,1,0.0
forced_vs_heuristic,20761,0.3,2027.0,0,0,0.0,1.60451454,1.54587774,0.0586368,9,10,-1.0,0,0,0.0,0,0,0.0
forced_vs_heuristic,20761,0.3,2028.0,0,0,0.0,1.16200617,1.57265507,-0.4106489,15,15,0.0,0,1,-1.0,0,0,0.0
forced_vs_heuristic,20791,0.2,2026.0,1,1,0.0,0.02285137,0.00807449,0.01477688,12,13,-1.0,1,1,0.0,1,1,0.0
forced_vs_heuristic,20791,0.2,2027.0,1,1,0.0,0.01522931,0.00164583,0.01358348,5,2,3.0,1,0,1.0,1,0,1.0
forced_vs_heuristic,20791,0.2,2028.0,1,1,0.0,0.02600378,0.00164583,0.02435795,7,2,5.0,1,0,1.0,1,0,1.0
forced_vs_heuristic,20791,0.3,2026.0,1,1,0.0,0.00902116,0.00627514,0.00274602,1,4,-3.0,0,1,-1.0,0,0,0.0
forced_vs_heuristic,20791,0.3,2027.0,1,1,0.0,0.01522931,0.00164583,0.01358348,5,2,3.0,1,0,1.0,1,0,1.0
forced_vs_heuristic,20791,0.3,2028.0,1,1,0.0,0.02600378,0.00164583,0.02435795,7,2,5.0,1,0,1.0,1,0,1.0
forced_vs_heuristic,20855,0.2,2026.0,0,0,0.0,1.90586226,1.89558007,0.01028219,4,3,1.0,0,0,0.0,0,0,0.0
forced_vs_heuristic,20855,0.2,2027.0,1,1,0.0,0.00287048,0.0006646,0.00220588,5,6,-1.0,0,0,0.0,0,0,0.0
forced_vs_heuristic,20855,0.2,2028.0,1,1,0.0,0.00142454,0.00097175,0.00045279,7,8,-1.0,1,1,0.0,1,0,1.0
forced_vs_heuristic,20855,0.3,2026.0,1,1,0.0,0.00275686,0.00090022,0.00185664,8,7,1.0,0,0,0.0,0,0,0.0
forced_vs_heuristic,20855,0.3,2027.0,1,1,0.0,0.00353501,0.737691,-0.73415599,6,15,-9.0,0,1,-1.0,0,0,0.0
forced_vs_heuristic,20855,0.3,2028.0,1,1,0.0,0.0194776,0.00011567,0.01936193,5,10,-5.0,0,0,0.0,0,0,0.0
forced_vs_heuristic,21,0.2,2026.0,1,1,0.0,0.06958252,0.01202923,0.05755329,9,14,-5.0,1,1,0.0,0,0,0.0
forced_vs_heuristic,21,0.2,2027.0,1,1,0.0,0.03524856,0.00175902,0.03348954,1,3,-2.0,0,0,0.0,0,0,0.0
forced_vs_heuristic,21,0.2,2028.0,1,1,0.0,0.11107241,0.00698316,0.10408925,15,8,7.0,1,0,1.0,1,0,1.0
forced_vs_heuristic,21,0.3,2026.0,1,1,0.0,0.03246828,0.01497983,0.01748845,15,14,1.0,1,0,1.0,1,0,1.0
forced_vs_heuristic,21,0.3,2027.0,1,1,0.0,0.03845694,0.00565751,0.03279943,4,8,-4.0,0,0,0.0,0,0,0.0
forced_vs_heuristic,21,0.3,2028.0,1,1,0.0,0.08805323,0.00813045,0.07992278,15,13,2.0,1,1,0.0,0,1,-1.0
forced_vs_heuristic,21018,0.2,2026.0,1,1,0.0,0.00913542,8.337e-05,0.00905205,7,12,-5.0,0,1,-1.0,0,1,-1.0
forced_vs_heuristic,21018,0.2,2027.0,1,0,1.0,0.01137233,1.67879889,-1.66742656,15,15,0.0,1,1,0.0,0,0,0.0
forced_vs_heuristic,21018,0.2,2028.0,1,1,0.0,0.00231231,0.00455154,-0.00223923,7,12,-5.0,0,1,-1.0,0,1,-1.0
forced_vs_heuristic,21018,0.3,2026.0,1,1,0.0,0.00913542,0.00130644,0.00782898,7,12,-5.0,0,1,-1.0,0,1,-1.0
forced_vs_heuristic,21018,0.3,2027.0,1,0,1.0,0.00072181,0.87725487,-0.87653306,15,15,0.0,0,0,0.0,0,0,0.0
forced_vs_heuristic,21018,0.3,2028.0,1,1,0.0,0.0008788,0.73925317,-0.73837437,10,15,-5.0,1,1,0.0,0,0,0.0
forced_vs_heuristic,217,0.2,2026.0,1,1,0.0,0.00974915,0.00361861,0.00613054,4,8,-4.0,0,0,0.0,0,0,0.0
forced_vs_heuristic,217,0.2,2027.0,1,1,0.0,0.00274174,0.00221265,0.00052909,8,6,2.0,0,0,0.0,0,0,0.0
forced_vs_heuristic,217,0.2,2028.0,1,1,0.0,0.00290223,0.26330521,-0.26040298,5,15,-10.0,0,0,0.0,0,0,0.0
forced_vs_heuristic,217,0.3,2026.0,0,1,-1.0,1.70261533,0.00414568,1.69846965,6,8,-2.0,0,1,-1.0,0,0,0.0
forced_vs_heuristic,217,0.3,2027.0,1,1,0.0,0.00379059,0.00370591,8.468e-05,3,6,-3.0,0,0,0.0,0,0,0.0
forced_vs_heuristic,217,0.3,2028.0,1,1,0.0,0.00024971,0.00049445,-0.00024474,3,8,-5.0,0,1,-1.0,0,0,0.0
forced_vs_heuristic,22238,0.2,2026.0,1,0,1.0,0.02595677,1.85429446,-1.82833769,11,14,-3.0,0,1,-1.0,0,0,0.0
forced_vs_heuristic,22238,0.2,2027.0,0,1,-1.0,1.86949728,0.00012297,1.86937431,8,11,-3.0,1,1,0.0,1,1,0.0
forced_vs_heuristic,22238,0.2,2028.0,1,0,1.0,0.27666933,0.91465729,-0.63798796,15,15,0.0,0,1,-1.0,0,0,0.0
forced_vs_heuristic,22238,0.3,2026.0,0,1,-1.0,1.90366537,0.63056213,1.27310324,12,15,-3.0,0,1,-1.0,0,1,-1.0
forced_vs_heuristic,22238,0.3,2027.0,1,1,0.0,0.00023404,5.873e-05,0.00017531,14,13,1.0,0,1,-1.0,0,0,0.0
forced_vs_heuristic,22238,0.3,2028.0,0,1,-1.0,1.88931595,0.62680388,1.26251207,3,15,-12.0,0,1,-1.0,0,1,-1.0
forced_vs_heuristic,22391,0.2,2026.0,1,1,0.0,0.0045091,9.644e-05,0.00441266,8,7,1.0,0,1,-1.0,0,1,-1.0
forced_vs_heuristic,22391,0.2,2027.0,1,1,0.0,0.00426122,0.00468744,-0.00042622,8,5,3.0,0,0,0.0,0,0,0.0
forced_vs_heuristic,22391,0.2,2028.0,1,1,0.0,0.00286614,0.0093952,-0.00652906,11,15,-4.0,1,1,0.0,0,1,-1.0
forced_vs_heuristic,22391,0.3,2026.0,1,1,0.0,0.00060552,0.00016008,0.00044544,8,7,1.0,0,1,-1.0,0,1,-1.0
forced_vs_heuristic,22391,0.3,2027.0,1,1,0.0,0.00510884,0.0056127,-0.00050386,14,7,7.0,0,1,-1.0,0,1,-1.0
forced_vs_heuristic,22391,0.3,2028.0,0,1,-1.0,1.88211048,0.00548986,1.87662062,5,6,-1.0,0,1,-1.0,0,0,0.0
forced_vs_heuristic,23837,0.2,2026.0,1,1,0.0,0.00074876,0.00031177,0.00043699,6,8,-2.0,0,1,-1.0,0,1,-1.0
forced_vs_heuristic,23837,0.2,2027.0,1,0,1.0,0.00074876,1.8327107,-1.83196194,6,11,-5.0,0,1,-1.0,0,1,-1.0
forced_vs_heuristic,23837,0.2,2028.0,1,1,0.0,0.00117024,0.00246224,-0.001292,3,14,-11.0,0,1,-1.0,0,1,-1.0
forced_vs_heuristic,23837,0.3,2026.0,1,1,0.0,0.0021852,0.0021852,0.0,2,2,0.0,0,0,0.0,0,0,0.0
forced_vs_heuristic,23837,0.3,2027.0,1,1,0.0,0.0021852,0.0021852,0.0,2,2,0.0,0,0,0.0,0,0,0.0
forced_vs_heuristic,23837,0.3,2028.0,1,1,0.0,0.0021852,0.0021852,0.0,2,2,0.0,0,0,0.0,0,0,0.0
forced_vs_heuristic,25573,0.2,2026.0,1,1,0.0,0.00080057,0.00135728,-0.00055671,3,3,0.0,0,0,0.0,0,0,0.0
forced_vs_heuristic,25573,0.2,2027.0,1,1,0.0,0.00035007,0.00035007,0.0,3,4,-1.0,0,1,-1.0,0,1,-1.0
forced_vs_heuristic,25573,0.2,2028.0,1,1,0.0,0.00035007,0.00035007,0.0,3,4,-1.0,0,1,-1.0,0,1,-1.0
forced_vs_heuristic,25573,0.3,2026.0,1,1,0.0,0.00135728,0.00135728,0.0,4,3,1.0,0,0,0.0,0,0,0.0
forced_vs_heuristic,25573,0.3,2027.0,1,1,0.0,0.00035007,0.00035007,0.0,3,4,-1.0,0,1,-1.0,0,1,-1.0
forced_vs_heuristic,25573,0.3,2028.0,1,1,0.0,0.00080057,0.00135728,-0.00055671,3,3,0.0,0,0,0.0,0,0,0.0
forced_vs_heuristic,2586,0.2,2026.0,1,0,1.0,0.00111149,1.1368527,-1.13574121,9,15,-6.0,0,1,-1.0,0,1,-1.0
forced_vs_heuristic,2586,0.2,2027.0,0,1,-1.0,1.05019178,4.736e-05,1.05014442,15,9,6.0,0,0,0.0,0,0,0.0
forced_vs_heuristic,2586,0.2,2028.0,0,1,-1.0,1.05014125,4.777e-05,1.05009348,15,11,4.0,0,1,-1.0,0,1,-1.0
forced_vs_heuristic,2586,0.3,2026.0,0,0,0.0,1.02556391,1.85913262,-0.83356871,15,10,5.0,0,1,-1.0,0,1,-1.0
forced_vs_heuristic,2586,0.3,2027.0,0,1,-1.0,1.05329805,0.00083611,1.05246194,15,6,9.0,0,0,0.0,0,0,0.0
forced_vs_heuristic,2586,0.3,2028.0,1,1,0.0,0.01073684,4.736e-05,0.01068948,12,9,3.0,1,0,1.0,1,0,1.0
forced_vs_heuristic,26303,0.2,2026.0,1,1,0.0,0.00318987,0.00318987,0.0,2,3,-1.0,0,0,0.0,0,0,0.0
forced_vs_heuristic,26303,0.2,2027.0,1,1,0.0,0.00318987,0.00108077,0.0021091,2,11,-9.0,0,1,-1.0,0,1,-1.0
forced_vs_heuristic,26303,0.2,2028.0,1,1,0.0,0.00318987,0.00318987,0.0,2,3,-1.0,0,0,0.0,0,0,0.0
forced_vs_heuristic,26303,0.3,2026.0,1,1,0.0,0.00318987,0.68957874,-0.68638887,2,15,-13.0,0,1,-1.0,0,0,0.0
forced_vs_heuristic,26303,0.3,2027.0,1,1,0.0,0.00318987,0.00314254,4.733e-05,2,12,-10.0,0,1,-1.0,0,0,0.0
forced_vs_heuristic,26303,0.3,2028.0,1,0,1.0,0.00199785,1.02036497,-1.01836712,5,15,-10.0,1,1,0.0,0,0,0.0
forced_vs_heuristic,26335,0.2,2026.0,1,1,0.0,0.03813038,0.00696984,0.03116054,1,15,-14.0,0,1,-1.0,0,0,0.0
forced_vs_heuristic,26335,0.2,2027.0,1,1,0.0,0.03813038,0.03998289,-0.00185251,1,12,-11.0,0,1,-1.0,0,1,-1.0
forced_vs_heuristic,26335,0.2,2028.0,1,1,0.0,0.70204204,0.00600743,0.69603461,15,8,7.0,0,0,0.0,0,0,0.0
forced_vs_heuristic,26335,0.3,2026.0,1,1,0.0,0.03813038,0.00655407,0.03157631,1,11,-10.0,0,0,0.0,0,0,0.0
forced_vs_heuristic,26335,0.3,2027.0,1,1,0.0,0.03813038,0.49613825,-0.45800787,1,15,-14.0,0,1,-1.0,0,0,0.0
forced_vs_heuristic,26335,0.3,2028.0,0,1,-1.0,0.92724895,0.01773118,0.90951777,15,11,4.0,0,1,-1.0,0,1,-1.0
forced_vs_heuristic,27432,0.2,2026.0,1,1,0.0,0.01926745,0.00492096,0.01434649,8,6,2.0,1,0,1.0,1,0,1.0
forced_vs_heuristic,27432,0.2,2027.0,0,0,0.0,1.19927114,0.88283488,0.31643626,15,15,0.0,1,1,0.0,1,0,1.0
forced_vs_heuristic,27432,0.2,2028.0,1,1,0.0,0.5465708,0.00164462,0.54492618,15,9,6.0,0,1,-1.0,0,0,0.0
forced_vs_heuristic,27432,0.3,2026.0,1,1,0.0,0.07707298,0.00824082,0.06883216,15,9,6.0,1,1,0.0,1,1,0.0
forced_vs_heuristic,27432,0.3,2027.0,1,1,0.0,0.02883474,0.00572731,0.02310743,13,8,5.0,1,1,0.0,1,0,1.0
forced_vs_heuristic,27432,0.3,2028.0,0,1,-1.0,1.08649392,0.29024512,0.7962488,15,15,0.0,0,1,-1.0,0,0,0.0
forced_vs_heuristic,27519,0.2,2026.0,0,1,-1.0,0.6094707,0.00102541,0.60844529,15,12,3.0,0,1,-1.0,0,1,-1.0
forced_vs_heuristic,27519,0.2,2027.0,0,1,-1.0,1.01357212,0.81173252,0.2018396,15,15,0.0,0,1,-1.0,0,0,0.0
forced_vs_heuristic,27519,0.2,2028.0,0,0,0.0,1.05804589,0.8968313,0.16121459,15,15,0.0,0,1,-1.0,0,1,-1.0
forced_vs_heuristic,27519,0.3,2026.0,0,1,-1.0,1.23417173,0.00969471,1.22447702,15,15,0.0,1,1,0.0,1,1,0.0
forced_vs_heuristic,27519,0.3,2027.0,1,0,1.0,0.1002769,0.89868612,-0.79840922,15,15,0.0,0,1,-1.0,0,1,-1.0
forced_vs_heuristic,27519,0.3,2028.0,0,0,0.0,0.82241219,0.82397506,-0.00156287,15,15,0.0,0,1,-1.0,0,1,-1.0
forced_vs_heuristic,27936,0.2,2026.0,1,0,1.0,0.03569194,0.71936085,-0.68366891,9,15,-6.0,1,1,0.0,1,1,0.0
forced_vs_heuristic,27936,0.2,2027.0,0,0,0.0,0.9314013,1.06230246,-0.13090116,15,15,0.0,0,1,-1.0,0,0,0.0
forced_vs_heuristic,27936,0.2,2028.0,0,1,-1.0,1.72285743,0.21513018,1.50772725,8,15,-7.0,0,1,-1.0,0,1,-1.0
forced_vs_heuristic,27936,0.3,2026.0,0,1,-1.0,1.00200215,0.66218055,0.3398216,15,15,0.0,1,1,0.0,1,1,0.0
forced_vs_heuristic,27936,0.3,2027.0,1,0,1.0,0.02309553,0.70955257,-0.68645704,3,15,-12.0,0,1,-1.0,0,1,-1.0
forced_vs_heuristic,27936,0.3,2028.0,1,1,0.0,0.04774506,0.28337409,-0.23562903,10,15,-5.0,1,1,0.0,1,1,0.0
forced_vs_heuristic,28316,0.2,2026.0,0,1,-1.0,1.02873234,1.581e-05,1.02871653,15,9,6.0,0,1,-1.0,0,1,-1.0
forced_vs_heuristic,28316,0.2,2027.0,0,1,-1.0,0.91506571,4.499e-05,0.91502072,15,12,3.0,1,1,0.0,1,0,1.0
forced_vs_heuristic,28316,0.2,2028.0,0,1,-1.0,1.0884546,0.00086981,1.08758479,15,7,8.0,0,0,0.0,0,0,0.0
forced_vs_heuristic,28316,0.3,2026.0,0,0,0.0,0.98120544,1.44991216,-0.46870672,15,15,0.0,0,1,-1.0,0,1,-1.0
forced_vs_heuristic,28316,0.3,2027.0,0,1,-1.0,1.34408314,0.00109339,1.34298975,15,8,7.0,0,1,-1.0,0,1,-1.0
forced_vs_heuristic,28316,0.3,2028.0,1,1,0.0,0.00038321,5.85e-05,0.00032471,15,11,4.0,0,0,0.0,0,0,0.0
forced_vs_heuristic,28829,0.2,2026.0,1,1,0.0,0.01046296,0.00079982,0.00966314,1,5,-4.0,0,1,-1.0,0,1,-1.0
forced_vs_heuristic,28829,0.2,2027.0,1,1,0.0,0.00246021,0.63554344,-0.63308323,3,15,-12.0,0,0,0.0,0,0,0.0
forced_vs_heuristic,28829,0.2,2028.0,1,1,0.0,0.01046296,0.00398473,0.00647823,1,4,-3.0,0,0,0.0,0,0,0.0
forced_vs_heuristic,28829,0.3,2026.0,1,1,0.0,0.01046296,0.005257,0.00520596,1,5,-4.0,0,1,-1.0,0,0,0.0
forced_vs_heuristic,28829,0.3,2027.0,1,1,0.0,0.01046296,0.00391456,0.0065484,1,4,-3.0,0,0,0.0,0,0,0.0
forced_vs_heuristic,28829,0.3,2028.0,1,1,0.0,0.01046296,4.399e-05,0.01041897,1,4,-3.0,0,1,-1.0,0,1,-1.0
forced_vs_heuristic,28939,0.2,2026.0,1,1,0.0,0.00214413,5.753e-05,0.0020866,2,3,-1.0,0,0,0.0,0,0,0.0
forced_vs_heuristic,28939,0.2,2027.0,1,1,0.0,0.00214413,1.291e-05,0.00213122,2,13,-11.0,0,1,-1.0,0,0,0.0
forced_vs_heuristic,28939,0.2,2028.0,1,1,0.0,0.02394788,0.00662956,0.01731832,3,4,-1.0,0,0,0.0,0,0,0.0
forced_vs_heuristic,28939,0.3,2026.0,0,0,0.0,1.01207032,0.9940975,0.01797282,15,15,0.0,0,1,-1.0,0,0,0.0
forced_vs_heuristic,28939,0.3,2027.0,1,1,0.0,0.02248366,0.00011072,0.02237294,4,6,-2.0,0,0,0.0,0,0,0.0
forced_vs_heuristic,28939,0.3,2028.0,1,1,0.0,0.01319288,0.00347109,0.00972179,3,5,-2.0,0,1,-1.0,0,1,-1.0
forced_vs_heuristic,297,0.2,2026.0,0,0,0.0,0.99655594,0.87393573,0.12262021,15,15,0.0,0,1,-1.0,0,1,-1.0
forced_vs_heuristic,297,0.2,2027.0,1,1,0.0,0.00015535,0.00054802,-0.00039267,7,3,4.0,0,0,0.0,0,0,0.0
forced_vs_heuristic,297,0.2,2028.0,0,1,-1.0,1.2657083,0.00614799,1.25956031,15,7,8.0,1,0,1.0,1,0,1.0
forced_vs_heuristic,297,0.3,2026.0,1,1,0.0,0.00071693,0.00063442,8.251e-05,10,12,-2.0,0,1,-1.0,0,1,-1.0
forced_vs_heuristic,297,0.3,2027.0,1,1,0.0,0.00015535,0.00054802,-0.00039267,7,3,4.0,0,0,0.0,0,0,0.0
forced_vs_heuristic,297,0.3,2028.0,1,1,0.0,0.0004248,0.00054802,-0.00012322,8,3,5.0,0,0,0.0,0,0,0.0
forced_vs_heuristic,29740,0.2,2026.0,1,1,0.0,0.00981931,0.01313636,-0.00331705,12,14,-2.0,0,1,-1.0,0,1,-1.0
forced_vs_heuristic,29740,0.2,2027.0,0,0,0.0,1.04335451,1.06379765,-0.02044314,15,15,0.0,0,1,-1.0,0,1,-1.0
forced_vs_heuristic,29740,0.2,2028.0,0,0,0.0,1.32846486,1.16475759,0.16370727,15,15,0.0,0,1,-1.0,0,1,-1.0
forced_vs_heuristic,29740,0.3,2026.0,0,0,0.0,1.68532609,1.457426,0.22790009,14,15,-1.0,1,1,0.0,1,0,1.0
forced_vs_heuristic,29740,0.3,2027.0,1,1,0.0,0.01767984,0.0008938,0.01678604,13,13,0.0,0,1,-1.0,0,1,-1.0
forced_vs_heuristic,29740,0.3,2028.0,1,1,0.0,0.0095235,0.0950466,-0.0855231,10,15,-5.0,1,1,0.0,1,1,0.0
forced_vs_heuristic,298,0.2,2026.0,1,0,1.0,0.00024544,0.92254435,-0.92229891,6,15,-9.0,0,0,0.0,0,0,0.0
forced_vs_heuristic,298,0.2,2027.0,1,1,0.0,0.00024544,0.00022624,1.92e-05,6,7,-1.0,0,0,0.0,0,0,0.0
forced_vs_heuristic,298,0.2,2028.0,1,1,0.0,0.0049358,0.00031059,0.00462521,10,8,2.0,0,0,0.0,0,0,0.0
forced_vs_heuristic,298,0.3,2026.0,1,1,0.0,0.00030308,2.496e-05,0.00027812,6,9,-3.0,0,1,-1.0,0,0,0.0
forced_vs_heuristic,298,0.3,2027.0,1,1,0.0,0.00024468,0.00042557,-0.00018089,11,12,-1.0,1,1,0.0,0,0,0.0
forced_vs_heuristic,298,0.3,2028.0,0,1,-1.0,1.8907591,0.00039086,1.89036824,9,9,0.0,1,1,0.0,1,0,1.0
forced_vs_heuristic,29925,0.2,2026.0,0,0,0.0,1.86869762,1.87256973,-0.00387211,6,6,0.0,0,1,-1.0,0,0,0.0
forced_vs_heuristic,29925,0.2,2027.0,1,1,0.0,0.00365941,0.00252511,0.0011343,8,7,1.0,0,0,0.0,0,0,0.0
forced_vs_heuristic,29925,0.2,2028.0,1,0,1.0,0.00066727,0.80412315,-0.80345588,12,15,-3.0,1,1,0.0,0,1,-1.0
forced_vs_heuristic,29925,0.3,2026.0,0,0,0.0,0.89583705,0.73133679,0.16450026,15,15,0.0,0,1,-1.0,0,0,0.0
forced_vs_heuristic,29925,0.3,2027.0,0,0,0.0,1.76914827,1.76913233,1.594e-05,8,6,2.0,0,0,0.0,0,0,0.0
forced_vs_heuristic,29925,0.3,2028.0,1,1,0.0,0.01280558,0.00199336,0.01081222,10,11,-1.0,0,1,-1.0,0,1,-1.0
forced_vs_heuristic,30065,0.2,2026.0,0,0,0.0,1.02480487,0.97795024,0.04685463,15,15,0.0,0,1,-1.0,0,0,0.0
forced_vs_heuristic,30065,0.2,2027.0,0,1,-1.0,1.7779682,0.00091979,1.77704841,10,12,-2.0,0,1,-1.0,0,1,-1.0
forced_vs_heuristic,30065,0.2,2028.0,1,1,0.0,0.01505671,6.43e-06,0.01505028,9,10,-1.0,0,1,-1.0,0,1,-1.0
forced_vs_heuristic,30065,0.3,2026.0,0,1,-1.0,1.9036462,0.00632628,1.89731992,9,12,-3.0,1,1,0.0,1,0,1.0
forced_vs_heuristic,30065,0.3,2027.0,1,1,0.0,0.00366943,0.00252511,0.00114432,8,7,1.0,0,0,0.0,0,0,0.0
forced_vs_heuristic,30065,0.3,2028.0,0,1,-1.0,0.87343304,0.57671639,0.29671665,15,15,0.0,0,0,0.0,0,0,0.0
forced_vs_heuristic,30073,0.2,2026.0,0,0,0.0,1.07028797,1.05435202,0.01593595,15,15,0.0,0,1,-1.0,0,1,-1.0
forced_vs_heuristic,30073,0.2,2027.0,0,0,0.0,1.06389689,1.06601147,-0.00211458,15,15,0.0,0,1,-1.0,0,1,-1.0
forced_vs_heuristic,30073,0.2,2028.0,0,0,0.0,0.94886803,0.96324837,-0.01438034,15,15,0.0,0,1,-1.0,0,1,-1.0
forced_vs_heuristic,30073,0.3,2026.0,0,0,0.0,1.12113344,0.94945974,0.1716737,15,15,0.0,0,1,-1.0,0,1,-1.0
forced_vs_heuristic,30073,0.3,2027.0,0,0,0.0,1.81824793,1.81297401,0.00527392,12,15,-3.0,0,1,-1.0,0,0,0.0
forced_vs_heuristic,30073,0.3,2028.0,0,0,0.0,1.03709841,1.06620024,-0.02910183,15,15,0.0,0,1,-1.0,0,1,-1.0
forced_vs_heuristic,3040,0.2,2026.0,1,1,0.0,0.00742784,0.00067062,0.00675722,8,11,-3.0,0,1,-1.0,0,1,-1.0
forced_vs_heuristic,3040,0.2,2027.0,1,1,0.0,0.0022301,0.36466813,-0.36243803,10,15,-5.0,0,1,-1.0,0,1,-1.0
forced_vs_heuristic,3040,0.2,2028.0,1,1,0.0,0.00945335,0.0016111,0.00784225,7,12,-5.0,0,1,-1.0,0,1,-1.0
forced_vs_heuristic,3040,0.3,2026.0,1,1,0.0,0.00607807,0.00814965,-0.00207158,13,11,2.0,0,1,-1.0,0,1,-1.0
forced_vs_heuristic,3040,0.3,2027.0,1,1,0.0,0.04040062,0.00091087,0.03948975,10,13,-3.0,0,1,-1.0,0,1,-1.0
forced_vs_heuristic,3040,0.3,2028.0,1,0,1.0,0.01186491,1.87339711,-1.8615322,9,12,-3.0,0,1,-1.0,0,0,0.0
forced_vs_heuristic,31111,0.2,2026.0,1,1,0.0,0.00103842,0.00099976,3.866e-05,8,10,-2.0,0,1,-1.0,0,1,-1.0
forced_vs_heuristic,31111,0.2,2027.0,0,0,0.0,1.74297768,1.93565035,-0.19267267,14,7,7.0,1,0,1.0,1,0,1.0
forced_vs_heuristic,31111,0.2,2028.0,0,0,0.0,1.00026365,1.15930911,-0.15904546,15,15,0.0,1,0,1.0,1,0,1.0
forced_vs_heuristic,31111,0.3,2026.0,1,1,0.0,0.00843239,0.00668994,0.00174245,6,11,-5.0,0,1,-1.0,0,1,-1.0
forced_vs_heuristic,31111,0.3,2027.0,1,0,1.0,0.12814019,1.20996095,-1.08182076,15,15,0.0,0,1,-1.0,0,0,0.0
forced_vs_heuristic,31111,0.3,2028.0,1,1,0.0,0.01027467,0.01184744,-0.00157277,12,11,1.0,0,1,-1.0,0,1,-1.0
forced_vs_heuristic,31351,0.2,2026.0,1,1,0.0,0.01224339,9.815e-05,0.01214524,4,8,-4.0,0,0,0.0,0,0,0.0
forced_vs_heuristic,31351,0.2,2027.0,1,1,0.0,0.00517018,0.00033892,0.00483126,5,6,-1.0,0,0,0.0,0,0,0.0
forced_vs_heuristic,31351,0.2,2028.0,0,1,-1.0,0.87579427,0.11736569,0.75842858,15,15,0.0,0,1,-1.0,0,1,-1.0
forced_vs_heuristic,31351,0.3,2026.0,0,0,0.0,0.99906302,1.36478943,-0.36572641,15,15,0.0,1,1,0.0,1,1,0.0
forced_vs_heuristic,31351,0.3,2027.0,1,1,0.0,0.00053088,4.017e-05,0.00049071,6,7,-1.0,0,0,0.0,0,0,0.0
forced_vs_heuristic,31351,0.3,2028.0,1,1,0.0,0.0109414,8.019e-05,0.01086121,9,10,-1.0,1,1,0.0,1,0,1.0
forced_vs_heuristic,3287,0.2,2026.0,1,1,0.0,0.01749119,0.00494327,0.01254792,11,12,-1.0,1,1,0.0,1,1,0.0
forced_vs_heuristic,3287,0.2,2027.0,1,1,0.0,0.00014655,0.00052165,-0.0003751,11,8,3.0,1,0,1.0,1,0,1.0
forced_vs_heuristic,3287,0.2,2028.0,1,1,0.0,0.00418816,0.00062049,0.00356767,5,9,-4.0,0,1,-1.0,0,1,-1.0
forced_vs_heuristic,3287,0.3,2026.0,0,1,-1.0,0.89783966,0.35435923,0.54348043,15,15,0.0,0,1,-1.0,0,0,0.0
forced_vs_heuristic,3287,0.3,2027.0,1,1,0.0,0.00760889,0.00035019,0.0072587,9,10,-1.0,1,1,0.0,1,1,0.0
forced_vs_heuristic,3287,0.3,2028.0,1,1,0.0,0.17780704,0.00247235,0.17533469,15,12,3.0,1,1,0.0,1,1,0.0
forced_vs_heuristic,32891,0.2,2026.0,1,1,0.0,0.00108038,6.399e-05,0.00101639,6,7,-1.0,0,0,0.0,0,0,0.0
forced_vs_heuristic,32891,0.2,2027.0,1,1,0.0,0.40786657,0.10858544,0.29928113,15,15,0.0,0,1,-1.0,0,1,-1.0
forced_vs_heuristic,32891,0.2,2028.0,1,1,0.0,0.00759034,0.00039145,0.00719889,6,8,-2.0,0,0,0.0,0,0,0.0
forced_vs_heuristic,32891,0.3,2026.0,0,1,-1.0,0.82300264,0.00057277,0.82242987,15,9,6.0,1,1,0.0,1,0,1.0
forced_vs_heuristic,32891,0.3,2027.0,1,1,0.0,0.79401375,0.69498046,0.09903329,15,15,0.0,0,1,-1.0,0,0,0.0
forced_vs_heuristic,32891,0.3,2028.0,1,1,0.0,0.00108038,6.399e-05,0.00101639,6,7,-1.0,0,0,0.0,0,0,0.0
forced_vs_heuristic,33471,0.2,2026.0,1,1,0.0,0.01046296,0.00666384,0.00379912,1,4,-3.0,0,1,-1.0,0,1,-1.0
forced_vs_heuristic,33471,0.2,2027.0,1,1,0.0,0.01046296,0.00135723,0.00910573,1,4,-3.0,0,0,0.0,0,0,0.0
forced_vs_heuristic,33471,0.2,2028.0,1,1,0.0,0.01046296,0.0062392,0.00422376,1,3,-2.0,0,0,0.0,0,0,0.0
forced_vs_heuristic,33471,0.3,2026.0,1,1,0.0,0.01046296,0.00154555,0.00891741,1,4,-3.0,0,0,0.0,0,0,0.0
forced_vs_heuristic,33471,0.3,2027.0,1,1,0.0,0.45159589,0.00390234,0.44769355,15,10,5.0,0,0,0.0,0,0,0.0
forced_vs_heuristic,33471,0.3,2028.0,1,1,0.0,0.01209004,0.00158573,0.01050431,2,5,-3.0,0,0,0.0,0,0,0.0
forced_vs_heuristic,33587,0.2,2026.0,1,1,0.0,0.01966267,0.17183852,-0.15217585,15,15,0.0,0,1,-1.0,0,1,-1.0
forced_vs_heuristic,33587,0.2,2027.0,1,1,0.0,0.02793963,7.406e-05,0.02786557,12,8,4.0,1,1,0.0,1,1,0.0
forced_vs_heuristic,33587,0.2,2028.0,1,1,0.0,0.01518087,7.406e-05,0.01510681,15,8,7.0,0,1,-1.0,0,1,-1.0
forced_vs_heuristic,33587,0.3,2026.0,0,1,-1.0,1.06132404,0.01855956,1.04276448,15,10,5.0,0,1,-1.0,0,0,0.0
forced_vs_heuristic,33587,0.3,2027.0,0,1,-1.0,0.89999419,0.71339582,0.18659837,15,15,0.0,0,1,-1.0,0,0,0.0
forced_vs_heuristic,33587,0.3,2028.0,0,1,-1.0,0.93698007,0.03542093,0.90155914,15,15,0.0,0,1,-1.0,0,1,-1.0
forced_vs_heuristic,33863,0.2,2026.0,1,1,0.0,0.01935059,0.00518563,0.01416496,7,6,1.0,1,0,1.0,1,0,1.0
forced_vs_heuristic,33863,0.2,2027.0,1,1,0.0,0.00759214,0.0120381,-0.00444596,12,14,-2.0,0,1,-1.0,0,0,0.0
forced_vs_heuristic,33863,0.2,2028.0,0,0,0.0,1.81300205,1.91336527,-0.10036322,9,7,2.0,1,1,0.0,1,0,1.0
forced_vs_heuristic,33863,0.3,2026.0,1,1,0.0,0.0098684,0.00021089,0.00965751,12,14,-2.0,0,1,-1.0,0,0,0.0
forced_vs_heuristic,33863,0.3,2027.0,1,1,0.0,0.00044319,0.0053694,-0.00492621,10,9,1.0,0,1,-1.0,0,1,-1.0
forced_vs_heuristic,33863,0.3,2028.0,1,1,0.0,0.04383081,0.00019593,0.04363488,15,14,1.0,0,0,0.0,0,0,0.0
forced_vs_heuristic,34898,0.2,2026.0,0,0,0.0,0.86281295,0.94748986,-0.08467691,15,15,0.0,0,1,-1.0,0,1,-1.0
forced_vs_heuristic,34898,0.2,2027.0,1,1,0.0,0.00453411,0.00127498,0.00325913,4,4,0.0,0,0,0.0,0,0,0.0
forced_vs_heuristic,34898,0.2,2028.0,0,1,-1.0,0.85507026,0.16487338,0.69019688,15,15,0.0,1,1,0.0,1,0,1.0
forced_vs_heuristic,34898,0.3,2026.0,1,1,0.0,0.00453411,0.00127498,0.00325913,4,4,0.0,0,0,0.0,0,0,0.0
forced_vs_heuristic,34898,0.3,2027.0,1,1,0.0,0.00053968,0.00061007,-7.039e-05,13,10,3.0,1,1,0.0,1,1,0.0
forced_vs_heuristic,34898,0.3,2028.0,1,0,1.0,0.58111455,0.93171449,-0.35059994,15,15,0.0,1,1,0.0,1,0,1.0
forced_vs_heuristic,34997,0.2,2026.0,0,0,0.0,1.00184213,1.2085317,-0.20668957,15,15,0.0,0,1,-1.0,0,1,-1.0
forced_vs_heuristic,34997,0.2,2027.0,1,1,0.0,0.00927927,0.00685935,0.00241992,15,10,5.0,0,1,-1.0,0,0,0.0
forced_vs_heuristic,34997,0.2,2028.0,0,1,-1.0,1.01765665,0.00698097,1.01067568,15,14,1.0,0,1,-1.0,0,1,-1.0
forced_vs_heuristic,34997,0.3,2026.0,0,1,-1.0,0.88947459,0.00627681,0.88319778,15,11,4.0,0,1,-1.0,0,1,-1.0
forced_vs_heuristic,34997,0.3,2027.0,0,0,0.0,1.01278661,1.08544647,-0.07265986,15,15,0.0,0,1,-1.0,0,1,-1.0
forced_vs_heuristic,34997,0.3,2028.0,0,1,-1.0,1.90776017,0.47628747,1.4314727,15,15,0.0,0,1,-1.0,0,0,0.0
forced_vs_heuristic,35866,0.2,2026.0,1,1,0.0,0.00014165,0.00056634,-0.00042469,15,6,9.0,0,1,-1.0,0,0,0.0
forced_vs_heuristic,35866,0.2,2027.0,1,1,0.0,0.0004248,0.00054802,-0.00012322,8,3,5.0,0,0,0.0,0,0,0.0
forced_vs_heuristic,35866,0.2,2028.0,0,0,0.0,0.98369011,1.02452157,-0.04083146,15,15,0.0,0,1,-1.0,0,1,-1.0
forced_vs_heuristic,35866,0.3,2026.0,1,1,0.0,0.00015535,0.00054802,-0.00039267,7,3,4.0,0,0,0.0,0,0,0.0
forced_vs_heuristic,35866,0.3,2027.0,1,1,0.0,0.00015622,0.00054802,-0.0003918,7,3,4.0,0,0,0.0,0,0,0.0
forced_vs_heuristic,35866,0.3,2028.0,0,0,0.0,0.99607274,0.97588772,0.02018502,15,15,0.0,0,1,-1.0,0,1,-1.0
forced_vs_heuristic,36874,0.2,2026.0,0,1,-1.0,1.68741561,0.00444283,1.68297278,6,14,-8.0,0,1,-1.0,0,0,0.0
forced_vs_heuristic,36874,0.2,2027.0,1,0,1.0,0.0034444,0.97055239,-0.96710799,8,15,-7.0,1,1,0.0,0,1,-1.0
forced_vs_heuristic,36874,0.2,2028.0,1,1,0.0,0.0363059,0.00017632,0.03612958,4,9,-5.0,0,1,-1.0,0,1,-1.0
forced_vs_heuristic,36874,0.3,2026.0,1,1,0.0,0.00401418,0.0042882,-0.00027402,5,11,-6.0,0,1,-1.0,0,1,-1.0
forced_vs_heuristic,36874,0.3,2027.0,1,0,1.0,0.00448816,1.83998391,-1.83549575,7,13,-6.0,0,1,-1.0,0,0,0.0
forced_vs_heuristic,36874,0.3,2028.0,1,1,0.0,0.01028701,0.00361268,0.00667433,3,13,-10.0,0,1,-1.0,0,0,0.0
forced_vs_heuristic,37203,0.2,2026.0,1,1,0.0,0.01054056,0.00370686,0.0068337,15,13,2.0,0,1,-1.0,0,1,-1.0
forced_vs_heuristic,37203,0.2,2027.0,1,1,0.0,0.00235627,0.00314105,-0.00078478,7,9,-2.0,0,1,-1.0,0,1,-1.0
forced_vs_heuristic,37203,0.2,2028.0,1,1,0.0,0.00235627,0.00065038,0.00170589,7,14,-7.0,0,1,-1.0,0,0,0.0
forced_vs_heuristic,37203,0.3,2026.0,0,0,0.0,1.76435438,1.85776737,-0.09341299,13,10,3.0,0,1,-1.0,0,1,-1.0
forced_vs_heuristic,37203,0.3,2027.0,0,0,0.0,1.77550322,1.01520349,0.76029973,15,15,0.0,1,0,1.0,0,0,0.0
forced_vs_heuristic,37203,0.3,2028.0,1,1,0.0,0.0023634,0.00314105,-0.00077765,8,9,-1.0,0,1,-1.0,0,1,-1.0
forced_vs_heuristic,37266,0.2,2026.0,1,1,0.0,0.00711975,0.00345018,0.00366957,6,12,-6.0,0,1,-1.0,0,1,-1.0
forced_vs_heuristic,37266,0.2,2027.0,1,1,0.0,0.00173285,0.00173285,0.0,3,3,0.0,0,0,0.0,0,0,0.0
forced_vs_heuristic,37266,0.2,2028.0,1,1,0.0,0.00173285,0.00173285,0.0,3,3,0.0,0,0,0.0,0,0,0.0
forced_vs_heuristic,37266,0.3,2026.0,1,1,0.0,0.0408993,0.00157173,0.03932757,15,6,9.0,0,0,0.0,0,0,0.0
forced_vs_heuristic,37266,0.3,2027.0,1,1,0.0,0.00173285,0.00173285,0.0,3,3,0.0,0,0,0.0,0,0,0.0
forced_vs_heuristic,37266,0.3,2028.0,1,1,0.0,0.00212322,0.00068085,0.00144237,3,10,-7.0,0,1,-1.0,0,1,-1.0
forced_vs_heuristic,37629,0.2,2026.0,1,1,0.0,0.01576265,0.00500539,0.01075726,9,11,-2.0,0,0,0.0,0,0,0.0
forced_vs_heuristic,37629,0.2,2027.0,1,1,0.0,0.64887065,0.0331422,0.61572845,15,15,0.0,1,1,0.0,0,1,-1.0
forced_vs_heuristic,37629,0.2,2028.0,1,1,0.0,0.01576265,0.01112764,0.00463501,9,11,-2.0,0,1,-1.0,0,1,-1.0
forced_vs_heuristic,37629,0.3,2026.0,0,1,-1.0,0.82339297,0.46548233,0.35791064,15,15,0.0,0,0,0.0,0,0,0.0
forced_vs_heuristic,37629,0.3,2027.0,0,0,0.0,1.69651518,1.15859021,0.53792497,9,15,-6.0,0,1,-1.0,0,0,0.0
forced_vs_heuristic,37629,0.3,2028.0,1,1,0.0,0.01394351,0.00266742,0.01127609,7,11,-4.0,0,1,-1.0,0,1,-1.0
forced_vs_heuristic,37733,0.2,2026.0,0,0,0.0,1.02391171,1.00728781,0.0166239,15,15,0.0,0,1,-1.0,0,1,-1.0
forced_vs_heuristic,37733,0.2,2027.0,0,0,0.0,1.12159834,1.2360977,-0.11449936,15,15,0.0,1,1,0.0,1,1,0.0
forced_vs_heuristic,37733,0.2,2028.0,0,0,0.0,1.02281994,0.87638958,0.14643036,15,15,0.0,0,1,-1.0,0,1,-1.0
forced_vs_heuristic,37733,0.3,2026.0,0,0,0.0,0.99595337,0.88658278,0.10937059,15,15,0.0,0,1,-1.0,0,1,-1.0
forced_vs_heuristic,37733,0.3,2027.0,0,0,0.0,1.79956322,0.84929775,0.95026547,14,15,-1.0,1,1,0.0,1,0,1.0
forced_vs_heuristic,37733,0.3,2028.0,0,0,0.0,1.05891274,1.04892086,0.00999188,15,15,0.0,0,1,-1.0,0,1,-1.0
forced_vs_heuristic,37924,0.2,2026.0,1,1,0.0,0.10187299,0.0039203,0.09795269,15,13,2.0,0,1,-1.0,0,1,-1.0
forced_vs_heuristic,37924,0.2,2027.0,0,0,0.0,1.04412327,1.85687804,-0.81275477,15,11,4.0,0,1,-1.0,0,1,-1.0
forced_vs_heuristic,37924,0.2,2028.0,0,0,0.0,1.08010376,1.0157505,0.06435326,15,15,0.0,0,1,-1.0,0,1,-1.0
forced_vs_heuristic,37924,0.3,2026.0,0,1,-1.0,0.91289027,0.00033209,0.91255818,15,13,2.0,0,1,-1.0,0,1,-1.0
forced_vs_heuristic,37924,0.3,2027.0,0,0,0.0,0.98667479,0.81319346,0.17348133,15,15,0.0,0,1,-1.0,0,0,0.0
forced_vs_heuristic,37924,0.3,2028.0,0,1,-1.0,1.80742239,0.47940851,1.32801388,13,15,-2.0,0,1,-1.0,0,0,0.0
forced_vs_heuristic,38083,0.2,2026.0,1,1,0.0,0.00028467,0.00010975,0.00017492,4,5,-1.0,0,0,0.0,0,0,0.0
forced_vs_heuristic,38083,0.2,2027.0,1,1,0.0,0.00028467,0.00012894,0.00015573,4,7,-3.0,0,1,-1.0,0,1,-1.0
forced_vs_heuristic,38083,0.2,2028.0,1,1,0.0,0.00028467,0.00010975,0.00017492,4,5,-1.0,0,0,0.0,0,0,0.0
forced_vs_heuristic,38083,0.3,2026.0,1,1,0.0,0.00028467,0.00010975,0.00017492,4,5,-1.0,0,0,0.0,0,0,0.0
forced_vs_heuristic,38083,0.3,2027.0,1,1,0.0,0.00354444,0.00106394,0.0024805,5,7,-2.0,0,1,-1.0,0,1,-1.0
forced_vs_heuristic,38083,0.3,2028.0,1,1,0.0,0.0002769,9.723e-05,0.00017967,9,10,-1.0,0,1,-1.0,0,0,0.0
forced_vs_heuristic,39136,0.2,2026.0,1,1,0.0,0.01135076,0.00195373,0.00939703,15,7,8.0,0,0,0.0,0,0,0.0
forced_vs_heuristic,39136,0.2,2027.0,1,1,0.0,0.00581355,0.00063599,0.00517756,11,6,5.0,0,0,0.0,0,0,0.0
forced_vs_heuristic,39136,0.2,2028.0,1,0,1.0,0.32333378,0.83709911,-0.51376533,15,15,0.0,0,1,-1.0,0,1,-1.0
forced_vs_heuristic,39136,0.3,2026.0,0,0,0.0,1.26732347,1.14502342,0.12230005,15,15,0.0,0,1,-1.0,0,0,0.0
forced_vs_heuristic,39136,0.3,2027.0,0,0,0.0,1.83128606,1.18588351,0.64540255,7,15,-8.0,0,1,-1.0,0,0,0.0
forced_vs_heuristic,39136,0.3,2028.0,1,0,1.0,0.00148796,1.09630145,-1.09481349,15,15,0.0,0,1,-1.0,0,1,-1.0
forced_vs_heuristic,39846,0.2,2026.0,0,0,0.0,1.77440941,1.02482797,0.74958144,2,15,-13.0,0,1,-1.0,0,0,0.0
forced_vs_heuristic,39846,0.2,2027.0,0,0,0.0,1.81626631,1.87828808,-0.06202177,3,8,-5.0,0,0,0.0,0,0,0.0
forced_vs_heuristic,39846,0.2,2028.0,0,0,0.0,1.77440941,0.96624717,0.80816224,2,15,-13.0,0,1,-1.0,0,1,-1.0
forced_vs_heuristic,39846,0.3,2026.0,0,0,0.0,1.77440941,1.22928844,0.54512097,2,15,-13.0,0,1,-1.0,0,0,0.0
forced_vs_heuristic,39846,0.3,2027.0,0,0,0.0,1.77440941,0.97413463,0.80027478,2,15,-13.0,0,1,-1.0,0,1,-1.0
forced_vs_heuristic,39846,0.3,2028.0,1,0,1.0,0.00055313,1.15979266,-1.15923953,11,15,-4.0,0,1,-1.0,0,1,-1.0
forced_vs_heuristic,40335,0.2,2026.0,1,1,0.0,0.00048533,0.00048533,0.0,5,5,0.0,0,0,0.0,0,0,0.0
forced_vs_heuristic,40335,0.2,2027.0,0,1,-1.0,0.84078953,0.00041103,0.8403785,15,7,8.0,0,0,0.0,0,0,0.0
forced_vs_heuristic,40335,0.2,2028.0,1,1,0.0,0.00020088,0.00018323,1.765e-05,9,5,4.0,1,0,1.0,0,0,0.0
forced_vs_heuristic,40335,0.3,2026.0,1,1,0.0,0.00048533,0.00048533,0.0,5,5,0.0,0,0,0.0,0,0,0.0
forced_vs_heuristic,40335,0.3,2027.0,1,1,0.0,0.00076636,0.00076636,0.0,7,7,0.0,1,1,0.0,0,0,0.0
forced_vs_heuristic,40335,0.3,2028.0,1,1,0.0,0.00048533,0.00048533,0.0,5,5,0.0,0,0,0.0,0,0,0.0
forced_vs_heuristic,4070,0.2,2026.0,1,1,0.0,0.00283516,0.00094552,0.00188964,3,3,0.0,0,0,0.0,0,0,0.0
forced_vs_heuristic,4070,0.2,2027.0,1,1,0.0,0.00283516,0.00094552,0.00188964,3,3,0.0,0,0,0.0,0,0,0.0
forced_vs_heuristic,4070,0.2,2028.0,1,1,0.0,0.00283516,0.00094552,0.00188964,3,3,0.0,0,0,0.0,0,0,0.0
forced_vs_heuristic,4070,0.3,2026.0,0,0,0.0,1.93978405,1.93978405,0.0,4,4,0.0,0,0,0.0,0,0,0.0
forced_vs_heuristic,4070,0.3,2027.0,1,1,0.0,0.00300953,0.21346727,-0.21045774,12,15,-3.0,1,1,0.0,0,0,0.0
forced_vs_heuristic,4070,0.3,2028.0,0,1,-1.0,1.82535341,0.00010037,1.82525304,4,11,-7.0,0,1,-1.0,0,0,0.0
forced_vs_heuristic,40802,0.2,2026.0,1,1,0.0,0.01144587,0.0054223,0.00602357,15,15,0.0,1,1,0.0,0,0,0.0
forced_vs_heuristic,40802,0.2,2027.0,1,1,0.0,0.01040766,0.06984916,-0.0594415,10,15,-5.0,0,1,-1.0,0,1,-1.0
forced_vs_heuristic,40802,0.2,2028.0,0,1,-1.0,0.86788166,0.00024946,0.8676322,15,13,2.0,0,1,-1.0,0,0,0.0
forced_vs_heuristic,40802,0.3,2026.0,0,1,-1.0,1.46186622,0.01070239,1.45116383,10,12,-2.0,0,1,-1.0,0,1,-1.0
forced_vs_heuristic,40802,0.3,2027.0,0,0,0.0,1.80061161,1.49627921,0.3043324,15,15,0.0,0,1,-1.0,0,0,0.0
forced_vs_heuristic,40802,0.3,2028.0,0,1,-1.0,1.51334929,0.0086624,1.50468689,9,15,-6.0,0,1,-1.0,0,0,0.0
forced_vs_heuristic,41077,0.2,2026.0,0,0,0.0,0.92095473,0.80691802,0.11403671,15,15,0.0,0,1,-1.0,0,0,0.0
forced_vs_heuristic,41077,0.2,2027.0,1,0,1.0,0.00102466,0.84699494,-0.84597028,11,15,-4.0,0,1,-1.0,0,0,0.0
forced_vs_heuristic,41077,0.2,2028.0,1,0,1.0,0.00178306,0.86318492,-0.86140186,9,15,-6.0,0,1,-1.0,0,1,-1.0
forced_vs_heuristic,41077,0.3,2026.0,1,1,0.0,0.00097006,0.00430546,-0.0033354,8,12,-4.0,0,1,-1.0,0,1,-1.0
forced_vs_heuristic,41077,0.3,2027.0,1,1,0.0,0.03863492,0.02926981,0.00936511,15,15,0.0,0,1,-1.0,0,1,-1.0
forced_vs_heuristic,41077,0.3,2028.0,1,1,0.0,0.00876934,0.0046079,0.00416144,8,12,-4.0,0,1,-1.0,0,1,-1.0
forced_vs_heuristic,41220,0.2,2026.0,0,1,-1.0,0.9537332,0.00601451,0.94771869,15,13,2.0,0,1,-1.0,0,1,-1.0
forced_vs_heuristic,41220,0.2,2027.0,0,1,-1.0,0.87788122,0.32058657,0.55729465,15,15,0.0,1,1,0.0,1,0,1.0
forced_vs_heuristic,41220,0.2,2028.0,0,0,0.0,0.85708043,1.89310251,-1.03602208,15,5,10.0,0,0,0.0,0,0,0.0
forced_vs_heuristic,41220,0.3,2026.0,1,0,1.0,0.61618737,1.27631916,-0.66013179,15,15,0.0,0,1,-1.0,0,0,0.0
forced_vs_heuristic,41220,0.3,2027.0,0,1,-1.0,1.25381602,0.00176327,1.25205275,15,11,4.0,1,1,0.0,1,0,1.0
forced_vs_heuristic,41220,0.3,2028.0,1,1,0.0,0.0563878,0.00583729,0.05055051,15,10,5.0,0,1,-1.0,0,1,-1.0
forced_vs_heuristic,41820,0.2,2026.0,1,1,0.0,0.00055722,0.00149483,-0.00093761,7,4,3.0,0,0,0.0,0,0,0.0
forced_vs_heuristic,41820,0.2,2027.0,1,1,0.0,0.08541441,0.45929961,-0.3738852,15,15,0.0,0,1,-1.0,0,1,-1.0
forced_vs_heuristic,41820,0.2,2028.0,1,1,0.0,0.06378286,0.00060851,0.06317435,7,14,-7.0,0,1,-1.0,0,1,-1.0
forced_vs_heuristic,41820,0.3,2026.0,1,1,0.0,0.00136622,0.00149483,-0.00012861,7,4,3.0,0,0,0.0,0,0,0.0
forced_vs_heuristic,41820,0.3,2027.0,0,0,0.0,0.9528231,0.96231862,-0.00949552,15,15,0.0,0,1,-1.0,0,1,-1.0
forced_vs_heuristic,41820,0.3,2028.0,1,1,0.0,0.00055722,0.00149483,-0.00093761,7,4,3.0,0,0,0.0,0,0,0.0
forced_vs_heuristic,41998,0.2,2026.0,1,1,0.0,0.02023171,0.00477875,0.01545296,2,5,-3.0,0,0,0.0,0,0,0.0
forced_vs_heuristic,41998,0.2,2027.0,1,1,0.0,0.02023171,0.00477875,0.01545296,2,5,-3.0,0,0,0.0,0,0,0.0
forced_vs_heuristic,41998,0.2,2028.0,1,1,0.0,0.02023171,0.00477875,0.01545296,2,5,-3.0,0,0,0.0,0,0,0.0
forced_vs_heuristic,41998,0.3,2026.0,0,1,-1.0,1.12349995,0.39360199,0.72989796,15,15,0.0,1,1,0.0,1,0,1.0
forced_vs_heuristic,41998,0.3,2027.0,1,1,0.0,0.02774442,0.00511682,0.0226276,4,5,-1.0,1,0,1.0,0,0,0.0
forced_vs_heuristic,41998,0.3,2028.0,1,1,0.0,0.02023171,0.00391113,0.01632058,2,6,-4.0,0,0,0.0,0,0,0.0
forced_vs_heuristic,4251,0.2,2026.0,1,1,0.0,0.00120141,0.00011169,0.00108972,4,8,-4.0,0,0,0.0,0,0,0.0
forced_vs_heuristic,4251,0.2,2027.0,0,0,0.0,1.77599196,1.90894168,-0.13294972,1,3,-2.0,0,0,0.0,0,0,0.0
forced_vs_heuristic,4251,0.2,2028.0,1,1,0.0,0.00120141,0.00011169,0.00108972,4,8,-4.0,0,0,0.0,0,0,0.0
forced_vs_heuristic,4251,0.3,2026.0,1,1,0.0,0.00120141,0.00099195,0.00020946,4,8,-4.0,0,1,-1.0,0,1,-1.0
forced_vs_heuristic,4251,0.3,2027.0,1,1,0.0,0.00120141,0.0288865,-0.02768509,4,15,-11.0,0,1,-1.0,0,1,-1.0
forced_vs_heuristic,4251,0.3,2028.0,0,0,0.0,1.88202685,1.26307037,0.61895648,5,15,-10.0,1,1,0.0,1,0,1.0
forced_vs_heuristic,43637,0.2,2026.0,1,0,1.0,0.01333131,1.41871542,-1.40538411,11,15,-4.0,0,1,-1.0,0,0,0.0
forced_vs_heuristic,43637,0.2,2027.0,0,0,0.0,0.98580379,1.94261586,-0.95681207,15,10,5.0,0,1,-1.0,0,0,0.0
forced_vs_heuristic,43637,0.2,2028.0,1,0,1.0,0.01780842,1.49685444,-1.47904602,9,15,-6.0,1,1,0.0,0,0,0.0
forced_vs_heuristic,43637,0.3,2026.0,0,0,0.0,1.41576014,1.53327192,-0.11751178,15,15,0.0,1,1,0.0,0,0,0.0
forced_vs_heuristic,43637,0.3,2027.0,0,0,0.0,1.10456129,0.95626868,0.14829261,15,15,0.0,0,0,0.0,0,0,0.0
forced_vs_heuristic,43637,0.3,2028.0,1,1,0.0,0.25001391,0.03704461,0.2129693,15,15,0.0,1,1,0.0,0,1,-1.0
forced_vs_heuristic,44332,0.2,2026.0,0,0,0.0,1.74914338,1.27510353,0.47403985,15,15,0.0,0,1,-1.0,0,0,0.0
forced_vs_heuristic,44332,0.2,2027.0,1,1,0.0,0.0021852,0.0021852,0.0,2,2,0.0,0,0,0.0,0,0,0.0
forced_vs_heuristic,44332,0.2,2028.0,1,1,0.0,0.0021852,0.0021852,0.0,2,2,0.0,0,0,0.0,0,0,0.0
forced_vs_heuristic,44332,0.3,2026.0,1,1,0.0,0.0021852,0.0021852,0.0,2,2,0.0,0,0,0.0,0,0,0.0
forced_vs_heuristic,44332,0.3,2027.0,1,1,0.0,0.0021852,0.0021852,0.0,2,2,0.0,0,0,0.0,0,0,0.0
forced_vs_heuristic,44332,0.3,2028.0,0,1,-1.0,1.82551269,0.00888887,1.81662382,10,12,-2.0,1,1,0.0,1,0,1.0
forced_vs_heuristic,44571,0.2,2026.0,1,1,0.0,0.01227201,0.00754089,0.00473112,7,7,0.0,0,1,-1.0,0,1,-1.0
forced_vs_heuristic,44571,0.2,2027.0,1,0,1.0,0.00314648,0.82699087,-0.82384439,5,15,-10.0,0,1,-1.0,0,1,-1.0
forced_vs_heuristic,44571,0.2,2028.0,1,0,1.0,0.00216792,1.86681627,-1.86464835,8,14,-6.0,0,1,-1.0,0,0,0.0
forced_vs_heuristic,44571,0.3,2026.0,1,1,0.0,0.00022352,0.00022452,-1e-06,6,7,-1.0,0,1,-1.0,0,1,-1.0
forced_vs_heuristic,44571,0.3,2027.0,0,1,-1.0,0.98953681,0.56753056,0.42200625,15,15,0.0,0,1,-1.0,0,1,-1.0
forced_vs_heuristic,44571,0.3,2028.0,1,1,0.0,0.00314648,0.00719517,-0.00404869,5,10,-5.0,0,1,-1.0,0,1,-1.0
forced_vs_heuristic,46098,0.2,2026.0,0,1,-1.0,0.80650086,0.00065891,0.80584195,15,5,10.0,0,0,0.0,0,0,0.0
forced_vs_heuristic,46098,0.2,2027.0,1,1,0.0,0.01227201,0.00255787,0.00971414,7,8,-1.0,0,1,-1.0,0,1,-1.0
forced_vs_heuristic,46098,0.2,2028.0,0,1,-1.0,1.7418088,0.00032944,1.74147936,7,5,2.0,1,0,1.0,1,0,1.0
forced_vs_heuristic,46098,0.3,2026.0,1,0,1.0,0.67374641,0.93267096,-0.25892455,15,15,0.0,0,1,-1.0,0,1,-1.0
forced_vs_heuristic,46098,0.3,2027.0,1,1,0.0,0.00070431,0.00039951,0.0003048,7,5,2.0,0,0,0.0,0,0,0.0
forced_vs_heuristic,46098,0.3,2028.0,1,1,0.0,0.00228975,0.00107278,0.00121697,15,5,10.0,1,0,1.0,0,0,0.0
forced_vs_heuristic,46753,0.2,2026.0,1,0,1.0,0.00025544,0.96599492,-0.96573948,8,15,-7.0,0,1,-1.0,0,1,-1.0
forced_vs_heuristic,46753,0.2,2027.0,1,0,1.0,0.00351323,1.04783149,-1.04431826,8,15,-7.0,0,1,-1.0,0,1,-1.0
forced_vs_heuristic,46753,0.2,2028.0,1,1,0.0,0.00023353,0.80046585,-0.80023232,8,15,-7.0,0,1,-1.0,0,1,-1.0
forced_vs_heuristic,46753,0.3,2026.0,1,1,0.0,0.00589609,0.00191798,0.00397811,15,10,5.0,0,1,-1.0,0,0,0.0
forced_vs_heuristic,46753,0.3,2027.0,1,0,1.0,0.00091026,0.85133304,-0.85042278,15,15,0.0,0,1,-1.0,0,0,0.0
forced_vs_heuristic,46753,0.3,2028.0,1,0,1.0,0.00219877,0.96208801,-0.95988924,11,15,-4.0,0,1,-1.0,0,1,-1.0
forced_vs_heuristic,48102,0.2,2026.0,0,1,-1.0,0.96248012,0.01952827,0.94295185,15,15,0.0,0,1,-1.0,0,1,-1.0
forced_vs_heuristic,48102,0.2,2027.0,0,0,0.0,1.01318234,1.39420845,-0.38102611,15,15,0.0,0,1,-1.0,0,1,-1.0
forced_vs_heuristic,48102,0.2,2028.0,0,0,0.0,1.03943497,1.00405708,0.03537789,15,15,0.0,0,1,-1.0,0,1,-1.0
forced_vs_heuristic,48102,0.3,2026.0,0,0,0.0,1.75713932,1.8484775,-0.09133818,2,5,-3.0,0,0,0.0,0,0,0.0
forced_vs_heuristic,48102,0.3,2027.0,1,1,0.0,0.00020873,0.77902149,-0.77881276,15,15,0.0,1,0,1.0,1,0,1.0
forced_vs_heuristic,48102,0.3,2028.0,1,1,0.0,0.00137216,0.00046526,0.0009069,6,9,-3.0,0,1,-1.0,0,1,-1.0
forced_vs_heuristic,4830,0.2,2026.0,1,1,0.0,0.00181698,0.00181698,0.0,2,2,0.0,0,0,0.0,0,0,0.0
forced_vs_heuristic,4830,0.2,2027.0,1,1,0.0,0.00181698,0.00181698,0.0,2,2,0.0,0,0,0.0,0,0,0.0
forced_vs_heuristic,4830,0.2,2028.0,1,1,0.0,0.00181698,0.00181698,0.0,2,2,0.0,0,0,0.0,0,0,0.0
forced_vs_heuristic,4830,0.3,2026.0,1,0,1.0,0.00267807,1.58826368,-1.58558561,13,15,-2.0,1,1,0.0,0,1,-1.0
forced_vs_heuristic,4830,0.3,2027.0,1,1,0.0,0.01508521,0.01878585,-0.00370064,9,15,-6.0,1,1,0.0,1,1,0.0
forced_vs_heuristic,4830,0.3,2028.0,1,1,0.0,0.00181698,0.00181698,0.0,2,2,0.0,0,0,0.0,0,0,0.0
forced_vs_heuristic,49420,0.2,2026.0,1,1,0.0,0.00205509,0.00279467,-0.00073958,11,9,2.0,0,0,0.0,0,0,0.0
forced_vs_heuristic,49420,0.2,2027.0,1,1,0.0,0.00187708,5.966e-05,0.00181742,11,11,0.0,0,1,-1.0,0,1,-1.0
forced_vs_heuristic,49420,0.2,2028.0,1,1,0.0,0.00433366,0.00085935,0.00347431,12,9,3.0,0,0,0.0,0,0,0.0
forced_vs_heuristic,49420,0.3,2026.0,0,0,0.0,1.98410286,1.8597289,0.12437396,11,14,-3.0,1,1,0.0,1,0,1.0
forced_vs_heuristic,49420,0.3,2027.0,0,0,0.0,1.06966502,1.18414704,-0.11448202,15,15,0.0,1,1,0.0,1,0,1.0
forced_vs_heuristic,49420,0.3,2028.0,1,1,0.0,0.0023579,2.043e-05,0.00233747,13,13,0.0,0,1,-1.0,0,0,0.0
forced_vs_heuristic,49933,0.2,2026.0,1,1,0.0,0.75225377,0.39861649,0.35363728,15,15,0.0,0,1,-1.0,0,1,-1.0
forced_vs_heuristic,49933,0.2,2027.0,1,1,0.0,0.25915331,0.01765041,0.2415029,15,9,6.0,0,1,-1.0,0,1,-1.0
forced_vs_heuristic,49933,0.2,2028.0,1,0,1.0,0.79004103,1.34652769,-0.55648666,15,15,0.0,0,1,-1.0,0,1,-1.0
forced_vs_heuristic,49933,0.3,2026.0,1,1,0.0,0.00092953,0.01046101,-0.00953148,11,10,1.0,0,1,-1.0,0,1,-1.0
forced_vs_heuristic,49933,0.3,2027.0,1,1,0.0,0.087849,0.00310993,0.08473907,15,10,5.0,1,1,0.0,1,0,1.0
forced_vs_heuristic,49933,0.3,2028.0,0,0,0.0,1.8842476,1.93105193,-0.04680433,6,12,-6.0,1,1,0.0,1,1,0.0
forced_vs_heuristic,4996,0.2,2026.0,0,0,0.0,0.89490096,1.03315506,-0.1382541,15,15,0.0,0,1,-1.0,0,0,0.0
forced_vs_heuristic,4996,0.2,2027.0,1,1,0.0,0.14951061,0.00704665,0.14246396,15,9,6.0,0,1,-1.0,0,1,-1.0
forced_vs_heuristic,4996,0.2,2028.0,1,1,0.0,0.10529703,0.01385464,0.09144239,15,14,1.0,0,1,-1.0,0,1,-1.0
forced_vs_heuristic,4996,0.3,2026.0,1,1,0.0,0.157507,0.01047319,0.14703381,15,11,4.0,0,1,-1.0,0,1,-1.0
forced_vs_heuristic,4996,0.3,2027.0,1,1,0.0,0.35864429,0.42944392,-0.07079963,15,15,0.0,0,1,-1.0,0,1,-1.0
forced_vs_heuristic,4996,0.3,2028.0,0,1,-1.0,0.6361094,0.01849572,0.61761368,15,13,2.0,0,1,-1.0,0,1,-1.0
forced_vs_heuristic,50606,0.2,2026.0,1,1,0.0,0.00104565,0.00249994,-0.00145429,8,5,3.0,0,1,-1.0,0,1,-1.0
forced_vs_heuristic,50606,0.2,2027.0,1,1,0.0,0.00120957,0.00014591,0.00106366,2,3,-1.0,0,0,0.0,0,0,0.0
forced_vs_heuristic,50606,0.2,2028.0,1,1,0.0,0.00120957,0.00014591,0.00106366,2,3,-1.0,0,0,0.0,0,0,0.0
forced_vs_heuristic,50606,0.3,2026.0,1,1,0.0,0.00587957,0.00587957,0.0,2,4,-2.0,0,1,-1.0,0,1,-1.0
forced_vs_heuristic,50606,0.3,2027.0,1,1,0.0,0.0002976,0.00088368,-0.00058608,4,13,-9.0,1,1,0.0,0,1,-1.0
forced_vs_heuristic,50606,0.3,2028.0,1,1,0.0,0.01319205,0.00011044,0.01308161,4,5,-1.0,0,1,-1.0,0,1,-1.0
forced_vs_heuristic,51161,0.2,2026.0,1,1,0.0,0.03312231,0.01495389,0.01816842,6,7,-1.0,0,0,0.0,0,0,0.0
forced_vs_heuristic,51161,0.2,2027.0,1,0,1.0,0.03716024,0.66969237,-0.63253213,8,13,-5.0,1,1,0.0,0,1,-1.0
forced_vs_heuristic,51161,0.2,2028.0,1,1,0.0,0.01774707,0.01495389,0.00279318,7,7,0.0,0,0,0.0,0,0,0.0
forced_vs_heuristic,51161,0.3,2026.0,1,1,0.0,0.03312231,0.01495389,0.01816842,6,7,-1.0,0,0,0.0,0,0,0.0
forced_vs_heuristic,51161,0.3,2027.0,1,1,0.0,0.01251718,0.01622414,-0.00370696,8,11,-3.0,0,0,0.0,0,0,0.0
forced_vs_heuristic,51161,0.3,2028.0,1,1,0.0,0.0232307,0.02347722,-0.00024652,11,14,-3.0,0,1,-1.0,0,1,-1.0
forced_vs_heuristic,51278,0.2,2026.0,1,1,0.0,0.00465718,0.00376517,0.00089201,9,12,-3.0,0,1,-1.0,0,0,0.0
forced_vs_heuristic,51278,0.2,2027.0,1,1,0.0,0.00383864,0.00144985,0.00238879,7,8,-1.0,0,1,-1.0,0,1,-1.0
forced_vs_heuristic,51278,0.2,2028.0,1,1,0.0,0.00383864,0.00144985,0.00238879,7,8,-1.0,0,1,-1.0,0,1,-1.0
forced_vs_heuristic,51278,0.3,2026.0,1,1,0.0,0.0028896,0.00501742,-0.00212782,15,8,7.0,1,1,0.0,1,1,0.0
forced_vs_heuristic,51278,0.3,2027.0,1,1,0.0,0.09554644,0.0048502,0.09069624,15,15,0.0,1,1,0.0,1,0,1.0
forced_vs_heuristic,51278,0.3,2028.0,1,1,0.0,0.00383864,0.00461634,-0.0007777,7,10,-3.0,0,1,-1.0,0,1,-1.0
forced_vs_heuristic,51400,0.2,2026.0,0,1,-1.0,1.89593176,0.00055883,1.89537293,5,6,-1.0,0,0,0.0,0,0,0.0
forced_vs_heuristic,51400,0.2,2027.0,1,1,0.0,0.01136244,7.138e-05,0.01129106,6,5,1.0,0,1,-1.0,0,1,-1.0
forced_vs_heuristic,51400,0.2,2028.0,1,1,0.0,0.01396508,4.936e-05,0.01391572,5,4,1.0,0,0,0.0,0,0,0.0
forced_vs_heuristic,51400,0.3,2026.0,1,1,0.0,0.00454553,4.885e-05,0.00449668,15,7,8.0,0,1,-1.0,0,0,0.0
forced_vs_heuristic,51400,0.3,2027.0,0,0,0.0,1.97378988,1.96884718,0.0049427,13,6,7.0,1,1,0.0,1,0,1.0
forced_vs_heuristic,51400,0.3,2028.0,1,1,0.0,0.00591583,0.0002645,0.00565133,9,12,-3.0,1,1,0.0,0,1,-1.0
forced_vs_heuristic,51712,0.2,2026.0,1,1,0.0,0.04106461,0.01362391,0.0274407,5,8,-3.0,0,1,-1.0,0,1,-1.0
forced_vs_heuristic,51712,0.2,2027.0,1,1,0.0,0.0213479,0.00748103,0.01386687,4,5,-1.0,0,0,0.0,0,0,0.0
forced_vs_heuristic,51712,0.2,2028.0,1,1,0.0,0.01724403,0.01444208,0.00280195,9,9,0.0,1,0,1.0,0,0,0.0
forced_vs_heuristic,51712,0.3,2026.0,0,0,0.0,1.81866172,1.76623965,0.05242207,7,14,-7.0,1,1,0.0,1,0,1.0
forced_vs_heuristic,51712,0.3,2027.0,1,1,0.0,0.00399674,0.00399674,0.0,4,4,0.0,0,0,0.0,0,0,0.0
forced_vs_heuristic,51712,0.3,2028.0,0,1,-1.0,0.97700871,0.16372173,0.81328698,15,15,0.0,0,1,-1.0,0,1,-1.0
forced_vs_heuristic,51886,0.2,2026.0,0,1,-1.0,1.16289866,0.00549483,1.15740383,15,8,7.0,1,1,0.0,1,1,0.0
forced_vs_heuristic,51886,0.2,2027.0,1,1,0.0,0.01236865,0.00383233,0.00853632,14,9,5.0,1,0,1.0,1,0,1.0
forced_vs_heuristic,51886,0.2,2028.0,1,1,0.0,0.0017548,0.00024476,0.00151004,8,11,-3.0,0,1,-1.0,0,0,0.0
forced_vs_heuristic,51886,0.3,2026.0,1,1,0.0,0.00504269,0.00029033,0.00475236,8,7,1.0,1,1,0.0,1,1,0.0
forced_vs_heuristic,51886,0.3,2027.0,1,1,0.0,0.00146342,0.0005182,0.00094522,12,9,3.0,0,1,-1.0,0,1,-1.0
forced_vs_heuristic,51886,0.3,2028.0,0,1,-1.0,1.90012571,0.00154704,1.89857867,10,11,-1.0,1,1,0.0,1,1,0.0
forced_vs_heuristic,52374,0.2,2026.0,0,1,-1.0,0.91301367,0.74992431,0.16308936,15,15,0.0,0,1,-1.0,0,0,0.0
forced_vs_heuristic,52374,0.2,2027.0,1,1,0.0,0.01461155,0.04060431,-0.02599276,15,15,0.0,1,1,0.0,1,1,0.0
forced_vs_heuristic,52374,0.2,2028.0,1,1,0.0,0.45599627,0.25032158,0.20567469,15,15,0.0,0,1,-1.0,0,1,-1.0
forced_vs_heuristic,52374,0.3,2026.0,0,1,-1.0,1.22492323,0.3551473,0.86977593,15,15,0.0,0,1,-1.0,0,0,0.0
forced_vs_heuristic,52374,0.3,2027.0,0,1,-1.0,0.85815343,0.25471571,0.60343772,15,15,0.0,0,1,-1.0,0,1,-1.0
forced_vs_heuristic,52374,0.3,2028.0,0,0,0.0,1.03042293,1.05767797,-0.02725504,15,15,0.0,0,1,-1.0,0,0,0.0
forced_vs_heuristic,52585,0.2,2026.0,1,1,0.0,0.01483189,0.00172349,0.0131084,15,9,6.0,1,1,0.0,1,1,0.0
forced_vs_heuristic,52585,0.2,2027.0,1,1,0.0,0.01397343,0.00256542,0.01140801,9,6,3.0,0,0,0.0,0,0,0.0
forced_vs_heuristic,52585,0.2,2028.0,1,0,1.0,0.50756868,1.17123448,-0.6636658,15,15,0.0,1,1,0.0,1,0,1.0
forced_vs_heuristic,52585,0.3,2026.0,1,0,1.0,0.53643585,1.33925568,-0.80281983,15,15,0.0,0,1,-1.0,0,0,0.0
forced_vs_heuristic,52585,0.3,2027.0,0,0,0.0,1.75768706,1.13156347,0.62612359,11,15,-4.0,0,1,-1.0,0,0,0.0
forced_vs_heuristic,52585,0.3,2028.0,1,1,0.0,0.09100317,0.03517922,0.05582395,15,15,0.0,0,1,-1.0,0,1,-1.0
forced_vs_heuristic,52811,0.2,2026.0,1,1,0.0,0.01160499,0.00021689,0.0113881,2,2,0.0,0,0,0.0,0,0,0.0
forced_vs_heuristic,52811,0.2,2027.0,1,1,0.0,0.0008748,0.0008748,0.0,2,2,0.0,0,0,0.0,0,0,0.0
forced_vs_heuristic,52811,0.2,2028.0,1,1,0.0,0.01313429,0.00182704,0.01130725,2,9,-7.0,0,1,-1.0,0,0,0.0
forced_vs_heuristic,52811,0.3,2026.0,1,1,0.0,0.0008748,0.0008748,0.0,2,2,0.0,0,0,0.0,0,0,0.0
forced_vs_heuristic,52811,0.3,2027.0,1,1,0.0,0.01160499,0.00021689,0.0113881,2,2,0.0,0,0,0.0,0,0,0.0
forced_vs_heuristic,52811,0.3,2028.0,1,1,0.0,0.01160499,0.00021689,0.0113881,2,2,0.0,0,0,0.0,0,0,0.0
forced_vs_heuristic,53079,0.2,2026.0,1,1,0.0,0.00811177,0.00228755,0.00582422,2,4,-2.0,0,0,0.0,0,0,0.0
forced_vs_heuristic,53079,0.2,2027.0,1,1,0.0,0.00811177,0.00220392,0.00590785,2,3,-1.0,0,0,0.0,0,0,0.0
forced_vs_heuristic,53079,0.2,2028.0,1,1,0.0,0.00811177,0.00220392,0.00590785,2,3,-1.0,0,0,0.0,0,0,0.0
forced_vs_heuristic,53079,0.3,2026.0,1,1,0.0,0.00811177,0.00220392,0.00590785,2,3,-1.0,0,0,0.0,0,0,0.0
forced_vs_heuristic,53079,0.3,2027.0,1,0,1.0,0.00130561,0.71330084,-0.71199523,5,15,-10.0,0,1,-1.0,0,0,0.0
forced_vs_heuristic,53079,0.3,2028.0,1,1,0.0,0.00012934,0.00281558,-0.00268624,4,5,-1.0,1,1,0.0,0,0,0.0
forced_vs_heuristic,53377,0.2,2026.0,1,1,0.0,0.01707959,0.00917562,0.00790397,3,7,-4.0,0,1,-1.0,0,1,-1.0
forced_vs_heuristic,53377,0.2,2027.0,0,0,0.0,1.86361951,1.89928882,-0.03566931,3,7,-4.0,0,1,-1.0,0,1,-1.0
forced_vs_heuristic,53377,0.2,2028.0,0,1,-1.0,1.78519507,0.06285958,1.72233549,9,15,-6.0,0,1,-1.0,0,1,-1.0
forced_vs_heuristic,53377,0.3,2026.0,1,1,0.0,0.01943088,0.00010724,0.01932364,2,9,-7.0,0,1,-1.0,0,0,0.0
forced_vs_heuristic,53377,0.3,2027.0,1,1,0.0,0.01943088,0.01031801,0.00911287,2,6,-4.0,0,1,-1.0,0,0,0.0
forced_vs_heuristic,53377,0.3,2028.0,1,0,1.0,0.01707959,0.6025173,-0.58543771,3,15,-12.0,0,1,-1.0,0,1,-1.0
forced_vs_heuristic,53395,0.2,2026.0,1,1,0.0,0.00107392,0.00182883,-0.00075491,7,11,-4.0,0,0,0.0,0,0,0.0
forced_vs_heuristic,53395,0.2,2027.0,1,1,0.0,0.01483717,0.00172659,0.01311058,7,12,-5.0,0,1,-1.0,0,0,0.0
forced_vs_heuristic,53395,0.2,2028.0,1,1,0.0,0.00107406,0.00247013,-0.00139607,8,13,-5.0,0,1,-1.0,0,1,-1.0
forced_vs_heuristic,53395,0.3,2026.0,1,1,0.0,0.02207198,0.00877456,0.01329742,13,15,-2.0,1,1,0.0,1,1,0.0
forced_vs_heuristic,53395,0.3,2027.0,1,1,0.0,0.0136705,0.00195071,0.01171979,8,14,-6.0,0,0,0.0,0,0,0.0
forced_vs_heuristic,53395,0.3,2028.0,1,1,0.0,0.01073483,0.00022725,0.01050758,7,13,-6.0,0,1,-1.0,0,1,-1.0
forced_vs_heuristic,5447,0.2,2026.0,0,1,-1.0,1.05014125,2.486e-05,1.05011639,15,14,1.0,0,1,-1.0,0,0,0.0
forced_vs_heuristic,5447,0.2,2027.0,0,0,0.0,1.76972885,0.98401092,0.78571793,14,15,-1.0,1,1,0.0,0,1,-1.0
forced_vs_heuristic,5447,0.2,2028.0,0,0,0.0,1.03568439,1.06130013,-0.02561574,15,15,0.0,0,1,-1.0,0,1,-1.0
forced_vs_heuristic,5447,0.3,2026.0,0,0,0.0,1.93064884,1.01397412,0.91667472,15,15,0.0,1,1,0.0,1,1,0.0
forced_vs_heuristic,5447,0.3,2027.0,0,1,-1.0,1.05000056,0.00083611,1.04916445,15,6,9.0,0,0,0.0,0,0,0.0
forced_vs_heuristic,5447,0.3,2028.0,0,0,0.0,1.06447583,0.99957398,0.06490185,15,15,0.0,0,1,-1.0,0,0,0.0
forced_vs_heuristic,54787,0.2,2026.0,1,1,0.0,0.00738355,0.00078369,0.00659986,4,6,-2.0,0,1,-1.0,0,1,-1.0
forced_vs_heuristic,54787,0.2,2027.0,1,1,0.0,0.00629478,0.0003261,0.00596868,4,7,-3.0,0,1,-1.0,0,1,-1.0
forced_vs_heuristic,54787,0.2,2028.0,1,1,0.0,0.00629478,0.00032068,0.0059741,4,5,-1.0,0,0,0.0,0,0,0.0
forced_vs_heuristic,54787,0.3,2026.0,1,1,0.0,0.00629478,6.799e-05,0.00622679,4,7,-3.0,0,1,-1.0,0,0,0.0
forced_vs_heuristic,54787,0.3,2027.0,1,1,0.0,0.00629478,0.00032068,0.0059741,4,5,-1.0,0,0,0.0,0,0,0.0
forced_vs_heuristic,54787,0.3,2028.0,1,1,0.0,0.00890135,0.00148406,0.00741729,6,12,-6.0,0,1,-1.0,0,1,-1.0
forced_vs_heuristic,54948,0.2,2026.0,0,0,0.0,1.77397955,0.97911918,0.79486037,9,15,-6.0,0,1,-1.0,0,0,0.0
forced_vs_heuristic,54948,0.2,2027.0,0,0,0.0,0.97594854,1.85615213,-0.88020359,15,14,1.0,0,1,-1.0,0,0,0.0
forced_vs_heuristic,54948,0.2,2028.0,0,1,-1.0,0.94809127,0.71108853,0.23700274,15,15,0.0,0,1,-1.0,0,1,-1.0
forced_vs_heuristic,54948,0.3,2026.0,0,0,0.0,1.45531319,0.87359403,0.58171916,15,15,0.0,0,1,-1.0,0,0,0.0
forced_vs_heuristic,54948,0.3,2027.0,0,0,0.0,1.2319552,1.06828816,0.16366704,15,15,0.0,0,1,-1.0,0,0,0.0
forced_vs_heuristic,54948,0.3,2028.0,1,1,0.0,0.0321986,0.00773559,0.02446301,7,9,-2.0,0,0,0.0,0,0,0.0
forced_vs_heuristic,54952,0.2,2026.0,1,1,0.0,0.00032895,0.00039892,-6.997e-05,3,6,-3.0,0,0,0.0,0,0,0.0
forced_vs_heuristic,54952,0.2,2027.0,1,1,0.0,0.00032895,0.00027978,4.917e-05,3,6,-3.0,0,0,0.0,0,0,0.0
forced_vs_heuristic,54952,0.2,2028.0,0,1,-1.0,0.86658088,0.00136714,0.86521374,15,13,2.0,0,1,-1.0,0,1,-1.0
forced_vs_heuristic,54952,0.3,2026.0,1,1,0.0,0.00069818,7.781e-05,0.00062037,2,6,-4.0,0,0,0.0,0,0,0.0
forced_vs_heuristic,54952,0.3,2027.0,1,1,0.0,0.00441088,0.00398038,0.0004305,3,6,-3.0,0,0,0.0,0,0,0.0
forced_vs_heuristic,54952,0.3,2028.0,1,1,0.0,0.01559612,0.00342116,0.01217496,3,7,-4.0,0,0,0.0,0,0,0.0
forced_vs_heuristic,55433,0.2,2026.0,1,1,0.0,0.01092356,0.00172421,0.00919935,2,4,-2.0,0,0,0.0,0,0,0.0
forced_vs_heuristic,55433,0.2,2027.0,1,1,0.0,0.01042459,0.00169038,0.00873421,1,3,-2.0,0,0,0.0,0,0,0.0
forced_vs_heuristic,55433,0.2,2028.0,1,1,0.0,0.01042459,0.00164045,0.00878414,1,3,-2.0,0,0,0.0,0,0,0.0
forced_vs_heuristic,55433,0.3,2026.0,1,1,0.0,0.01042459,0.00215081,0.00827378,1,8,-7.0,0,1,-1.0,0,0,0.0
forced_vs_heuristic,55433,0.3,2027.0,1,1,0.0,0.01042459,0.00397986,0.00644473,1,4,-3.0,0,1,-1.0,0,1,-1.0
forced_vs_heuristic,55433,0.3,2028.0,1,1,0.0,0.01042459,0.00164045,0.00878414,1,3,-2.0,0,0,0.0,0,0,0.0
forced_vs_heuristic,56328,0.2,2026.0,1,1,0.0,0.00126276,3.153e-05,0.00123123,4,10,-6.0,0,0,0.0,0,0,0.0
forced_vs_heuristic,56328,0.2,2027.0,1,1,0.0,0.03642418,0.00048793,0.03593625,10,10,0.0,1,0,1.0,0,0,0.0
forced_vs_heuristic,56328,0.2,2028.0,1,1,0.0,0.00565102,3.153e-05,0.00561949,7,10,-3.0,0,0,0.0,0,0,0.0
forced_vs_heuristic,56328,0.3,2026.0,1,1,0.0,0.001304,0.0024528,-0.0011488,6,5,1.0,0,0,0.0,0,0,0.0
forced_vs_heuristic,56328,0.3,2027.0,1,1,0.0,0.00155632,0.00096668,0.00058964,8,12,-4.0,1,0,1.0,1,0,1.0
forced_vs_heuristic,56328,0.3,2028.0,1,1,0.0,0.00229246,0.00010372,0.00218874,7,8,-1.0,0,1,-1.0,0,1,-1.0
forced_vs_heuristic,5640,0.2,2026.0,1,1,0.0,0.00059368,0.00011147,0.00048221,3,3,0.0,0,0,0.0,0,0,0.0
forced_vs_heuristic,5640,0.2,2027.0,1,1,0.0,0.00059368,0.00011147,0.00048221,3,3,0.0,0,0,0.0,0,0,0.0
forced_vs_heuristic,5640,0.2,2028.0,1,1,0.0,0.00059368,0.00044799,0.00014569,3,4,-1.0,0,0,0.0,0,0,0.0
forced_vs_heuristic,5640,0.3,2026.0,1,1,0.0,0.00074019,0.00403583,-0.00329564,12,13,-1.0,1,1,0.0,0,1,-1.0
forced_vs_heuristic,5640,0.3,2027.0,1,0,1.0,0.37793663,1.0342632,-0.65632657,15,15,0.0,0,1,-1.0,0,0,0.0
forced_vs_heuristic,5640,0.3,2028.0,1,1,0.0,0.00872661,0.00177665,0.00694996,3,3,0.0,0,0,0.0,0,0,0.0
forced_vs_heuristic,57078,0.2,2026.0,1,1,0.0,0.00102728,0.00164583,-0.00061855,4,2,2.0,0,0,0.0,0,0,0.0
forced_vs_heuristic,57078,0.2,2027.0,0,1,-1.0,1.79141717,0.00164583,1.78977134,5,2,3.0,0,0,0.0,0,0,0.0
forced_vs_heuristic,57078,0.2,2028.0,1,1,0.0,0.00060338,0.00024048,0.0003629,15,13,2.0,1,1,0.0,0,1,-1.0
forced_vs_heuristic,57078,0.3,2026.0,1,1,0.0,0.00102728,0.00164583,-0.00061855,4,2,2.0,0,0,0.0,0,0,0.0
forced_vs_heuristic,57078,0.3,2027.0,1,1,0.0,0.00021392,0.25044203,-0.25022811,6,15,-9.0,0,1,-1.0,0,1,-1.0
forced_vs_heuristic,57078,0.3,2028.0,0,1,-1.0,1.75598567,0.00084337,1.7551423,6,4,2.0,1,1,0.0,1,0,1.0
forced_vs_heuristic,57298,0.2,2026.0,1,1,0.0,0.0214106,0.00669864,0.01471196,5,3,2.0,0,0,0.0,0,0,0.0
forced_vs_heuristic,57298,0.2,2027.0,1,1,0.0,0.00511082,0.00669864,-0.00158782,3,3,0.0,0,0,0.0,0,0,0.0
forced_vs_heuristic,57298,0.2,2028.0,1,1,0.0,0.00573518,0.00743434,-0.00169916,3,4,-1.0,0,1,-1.0,0,1,-1.0
forced_vs_heuristic,57298,0.3,2026.0,1,1,0.0,0.0187322,0.00669864,0.01203356,7,3,4.0,0,0,0.0,0,0,0.0
forced_vs_heuristic,57298,0.3,2027.0,1,1,0.0,0.0165396,0.00030434,0.01623526,3,10,-7.0,0,1,-1.0,0,1,-1.0
forced_vs_heuristic,57298,0.3,2028.0,1,1,0.0,0.00669864,0.00669864,0.0,6,3,3.0,0,0,0.0,0,0,0.0
forced_vs_heuristic,57703,0.2,2026.0,1,1,0.0,0.01224339,0.00134313,0.01090026,4,5,-1.0,0,0,0.0,0,0,0.0
forced_vs_heuristic,57703,0.2,2027.0,1,1,0.0,0.00030384,0.00436432,-0.00406048,6,10,-4.0,0,1,-1.0,0,0,0.0
forced_vs_heuristic,57703,0.2,2028.0,1,1,0.0,0.00054572,0.00710452,-0.0065588,10,13,-3.0,1,1,0.0,1,0,1.0
forced_vs_heuristic,57703,0.3,2026.0,1,1,0.0,0.00050697,4.846e-05,0.00045851,3,7,-4.0,0,0,0.0,0,0,0.0
forced_vs_heuristic,57703,0.3,2027.0,1,1,0.0,0.00215749,0.00214986,7.63e-06,4,5,-1.0,0,0,0.0,0,0,0.0
forced_vs_heuristic,57703,0.3,2028.0,1,1,0.0,0.00779558,0.00726368,0.0005319,7,8,-1.0,0,1,-1.0,0,1,-1.0
forced_vs_heuristic,5803,0.2,2026.0,1,1,0.0,0.00839327,0.011607,-0.00321373,6,5,1.0,0,0,0.0,0,0,0.0
forced_vs_heuristic,5803,0.2,2027.0,1,1,0.0,0.07484476,0.00069768,0.07414708,5,6,-1.0,0,0,0.0,0,0,0.0
forced_vs_heuristic,5803,0.2,2028.0,1,1,0.0,0.07484476,0.00069768,0.07414708,5,6,-1.0,0,0,0.0,0,0,0.0
forced_vs_heuristic,5803,0.3,2026.0,1,1,0.0,0.01667646,0.00923501,0.00744145,8,7,1.0,1,1,0.0,0,0,0.0
forced_vs_heuristic,5803,0.3,2027.0,1,1,0.0,0.02113123,0.01053147,0.01059976,7,15,-8.0,0,1,-1.0,0,0,0.0
forced_vs_heuristic,5803,0.3,2028.0,1,1,0.0,0.03110944,0.00648259,0.02462685,7,12,-5.0,0,1,-1.0,0,1,-1.0
forced_vs_heuristic,58290,0.2,2026.0,1,1,0.0,0.00839327,0.011607,-0.00321373,6,5,1.0,0,0,0.0,0,0,0.0
forced_vs_heuristic,58290,0.2,2027.0,1,1,0.0,0.07484476,0.00090192,0.07394284,5,6,-1.0,0,0,0.0,0,0,0.0
forced_vs_heuristic,58290,0.2,2028.0,1,1,0.0,0.07484476,0.0080849,0.06675986,5,7,-2.0,0,0,0.0,0,0,0.0
forced_vs_heuristic,58290,0.3,2026.0,1,1,0.0,0.07484476,0.00069768,0.07414708,5,6,-1.0,0,0,0.0,0,0,0.0
forced_vs_heuristic,58290,0.3,2027.0,1,1,0.0,0.07484476,0.00069768,0.07414708,5,6,-1.0,0,0,0.0,0,0,0.0
forced_vs_heuristic,58290,0.3,2028.0,1,1,0.0,0.00839327,0.00102377,0.0073695,6,6,0.0,0,0,0.0,0,0,0.0
forced_vs_heuristic,59603,0.2,2026.0,1,0,1.0,0.00260929,0.75650498,-0.75389569,13,15,-2.0,0,1,-1.0,0,0,0.0
forced_vs_heuristic,59603,0.2,2027.0,0,1,-1.0,1.93449256,0.00391145,1.93058111,7,11,-4.0,1,1,0.0,1,1,0.0
forced_vs_heuristic,59603,0.2,2028.0,1,1,0.0,0.03053835,0.42855478,-0.39801643,9,15,-6.0,1,1,0.0,1,0,1.0
forced_vs_heuristic,59603,0.3,2026.0,1,1,0.0,0.03057823,0.00460482,0.02597341,11,14,-3.0,1,1,0.0,1,1,0.0
forced_vs_heuristic,59603,0.3,2027.0,1,0,1.0,0.00015194,1.06033942,-1.06018748,12,15,-3.0,1,1,0.0,1,1,0.0
forced_vs_heuristic,59603,0.3,2028.0,1,1,0.0,0.02978498,0.37665359,-0.34686861,10,15,-5.0,1,1,0.0,0,0,0.0
forced_vs_heuristic,59747,0.2,2026.0,1,1,0.0,0.00048475,7.523e-05,0.00040952,2,3,-1.0,0,0,0.0,0,0,0.0
forced_vs_heuristic,59747,0.2,2027.0,1,1,0.0,0.00048475,8.102e-05,0.00040373,2,3,-1.0,0,0,0.0,0,0,0.0
forced_vs_heuristic,59747,0.2,2028.0,1,1,0.0,0.01419492,0.00371982,0.0104751,11,10,1.0,1,1,0.0,1,1,0.0
forced_vs_heuristic,59747,0.3,2026.0,1,1,0.0,0.00034262,0.00068369,-0.00034107,4,5,-1.0,0,0,0.0,0,0,0.0
forced_vs_heuristic,59747,0.3,2027.0,1,1,0.0,0.00048475,7.523e-05,0.00040952,2,3,-1.0,0,0,0.0,0,0,0.0
forced_vs_heuristic,59747,0.3,2028.0,1,1,0.0,0.00048475,7.523e-05,0.00040952,2,3,-1.0,0,0,0.0,0,0,0.0
forced_vs_heuristic,60118,0.2,2026.0,1,1,0.0,0.01514424,0.00288428,0.01225996,2,6,-4.0,0,0,0.0,0,0,0.0
forced_vs_heuristic,60118,0.2,2027.0,1,1,0.0,0.0006737,0.00567061,-0.00499691,4,9,-5.0,0,1,-1.0,0,0,0.0
forced_vs_heuristic,60118,0.2,2028.0,1,1,0.0,0.01514424,0.00296954,0.0121747,2,6,-4.0,0,0,0.0,0,0,0.0
forced_vs_heuristic,60118,0.3,2026.0,1,1,0.0,0.01514424,0.00288428,0.01225996,2,6,-4.0,0,0,0.0,0,0,0.0
forced_vs_heuristic,60118,0.3,2027.0,1,1,0.0,0.01514424,0.00288428,0.01225996,2,6,-4.0,0,0,0.0,0,0,0.0
forced_vs_heuristic,60118,0.3,2028.0,1,1,0.0,0.39393945,0.76175729,-0.36781784,15,15,0.0,0,1,-1.0,0,0,0.0
forced_vs_heuristic,60326,0.2,2026.0,1,1,0.0,0.01853659,0.00352073,0.01501586,1,5,-4.0,0,1,-1.0,0,0,0.0
forced_vs_heuristic,60326,0.2,2027.0,1,1,0.0,0.01311348,0.00925502,0.00385846,13,8,5.0,0,0,0.0,0,0,0.0
forced_vs_heuristic,60326,0.2,2028.0,1,1,0.0,0.01853659,0.00067787,0.01785872,1,3,-2.0,0,0,0.0,0,0,0.0
forced_vs_heuristic,60326,0.3,2026.0,1,1,0.0,0.02186933,0.00030833,0.021561,2,5,-3.0,0,0,0.0,0,0,0.0
forced_vs_heuristic,60326,0.3,2027.0,1,1,0.0,0.01853659,0.00798438,0.01055221,1,5,-4.0,0,1,-1.0,0,1,-1.0
forced_vs_heuristic,60326,0.3,2028.0,1,1,0.0,0.01853659,0.00067787,0.01785872,1,3,-2.0,0,0,0.0,0,0,0.0
forced_vs_heuristic,60577,0.2,2026.0,1,1,0.0,0.0002246,8.318e-05,0.00014142,4,7,-3.0,0,1,-1.0,0,0,0.0
forced_vs_heuristic,60577,0.2,2027.0,1,1,0.0,5.691e-05,5.691e-05,0.0,6,6,0.0,0,0,0.0,0,0,0.0
forced_vs_heuristic,60577,0.2,2028.0,1,1,0.0,0.00061818,0.00061818,0.0,4,4,0.0,0,0,0.0,0,0,0.0
forced_vs_heuristic,60577,0.3,2026.0,1,0,1.0,2.18e-05,1.91337424,-1.91335244,8,4,4.0,1,0,1.0,0,0,0.0
forced_vs_heuristic,60577,0.3,2027.0,1,0,1.0,0.00422426,0.91164958,-0.90742532,7,15,-8.0,0,1,-1.0,0,1,-1.0
forced_vs_heuristic,60577,0.3,2028.0,0,1,-1.0,1.16833241,5.065e-05,1.16828176,15,12,3.0,0,1,-1.0,0,1,-1.0
forced_vs_heuristic,61232,0.2,2026.0,1,1,0.0,0.03524856,0.00018337,0.03506519,1,4,-3.0,0,0,0.0,0,0,0.0
forced_vs_heuristic,61232,0.2,2027.0,1,1,0.0,0.03524856,0.00065167,0.03459689,1,4,-3.0,0,0,0.0,0,0,0.0
forced_vs_heuristic,61232,0.2,2028.0,1,1,0.0,0.03524856,0.00018337,0.03506519,1,4,-3.0,0,0,0.0,0,0,0.0
forced_vs_heuristic,61232,0.3,2026.0,1,1,0.0,0.03524856,0.00018337,0.03506519,1,4,-3.0,0,0,0.0,0,0,0.0
forced_vs_heuristic,61232,0.3,2027.0,1,1,0.0,0.03524856,0.0003153,0.03493326,1,4,-3.0,0,0,0.0,0,0,0.0
forced_vs_heuristic,61232,0.3,2028.0,1,1,0.0,0.03524856,0.00226244,0.03298612,1,4,-3.0,0,0,0.0,0,0,0.0
forced_vs_heuristic,61497,0.2,2026.0,1,1,0.0,0.0208618,0.00035349,0.02050831,11,10,1.0,1,1,0.0,0,0,0.0
forced_vs_heuristic,61497,0.2,2027.0,1,1,0.0,0.00621901,0.00831357,-0.00209456,8,5,3.0,0,1,-1.0,0,1,-1.0
forced_vs_heuristic,61497,0.2,2028.0,1,1,0.0,0.01243013,0.00013775,0.01229238,9,6,3.0,0,0,0.0,0,0,0.0
forced_vs_heuristic,61497,0.3,2026.0,0,0,0.0,1.17010919,1.94064049,-0.7705313,15,10,5.0,1,1,0.0,1,0,1.0
forced_vs_heuristic,61497,0.3,2027.0,0,0,0.0,1.78261263,1.87133065,-0.08871802,2,7,-5.0,0,1,-1.0,0,0,0.0
forced_vs_heuristic,61497,0.3,2028.0,1,1,0.0,0.05088134,0.00070067,0.05018067,9,7,2.0,0,0,0.0,0,0,0.0
forced_vs_heuristic,61737,0.2,2026.0,1,1,0.0,0.00218806,0.00634416,-0.0041561,6,3,3.0,0,0,0.0,0,0,0.0
forced_vs_heuristic,61737,0.2,2027.0,1,1,0.0,8.505e-05,0.00133374,-0.00124869,6,9,-3.0,0,0,0.0,0,0,0.0
forced_vs_heuristic,61737,0.2,2028.0,1,1,0.0,0.00161616,0.00073828,0.00087788,6,9,-3.0,0,1,-1.0,0,1,-1.0
forced_vs_heuristic,61737,0.3,2026.0,1,1,0.0,0.00239567,0.00392338,-0.00152771,9,8,1.0,1,1,0.0,0,1,-1.0
forced_vs_heuristic,61737,0.3,2027.0,1,1,0.0,0.00238623,2.41e-05,0.00236213,6,12,-6.0,0,1,-1.0,0,1,-1.0
forced_vs_heuristic,61737,0.3,2028.0,1,1,0.0,0.01360108,0.00054575,0.01305533,8,6,2.0,1,0,1.0,1,0,1.0
forced_vs_heuristic,61848,0.2,2026.0,1,0,1.0,0.00763356,1.23285179,-1.22521823,7,15,-8.0,0,1,-1.0,0,0,0.0
forced_vs_heuristic,61848,0.2,2027.0,0,1,-1.0,0.8935474,0.00286907,0.89067833,15,11,4.0,1,1,0.0,1,1,0.0
forced_vs_heuristic,61848,0.2,2028.0,1,0,1.0,0.00031131,1.02707952,-1.02676821,6,15,-9.0,0,1,-1.0,0,0,0.0
forced_vs_heuristic,61848,0.3,2026.0,1,0,1.0,0.00042669,0.95318553,-0.95275884,14,15,-1.0,1,1,0.0,1,0,1.0
forced_vs_heuristic,61848,0.3,2027.0,1,0,1.0,0.00270019,1.02966362,-1.02696343,11,15,-4.0,0,1,-1.0,0,1,-1.0
forced_vs_heuristic,61848,0.3,2028.0,1,1,0.0,0.00030021,0.00174109,-0.00144088,8,14,-6.0,0,1,-1.0,0,1,-1.0
forced_vs_heuristic,64748,0.2,2026.0,0,0,0.0,1.01292222,1.11409944,-0.10117722,15,15,0.0,1,1,0.0,0,0,0.0
forced_vs_heuristic,64748,0.2,2027.0,0,0,0.0,1.03909244,1.24268056,-0.20358812,15,15,0.0,0,1,-1.0,0,1,-1.0
forced_vs_heuristic,64748,0.2,2028.0,0,1,-1.0,1.19059513,0.00098183,1.1896133,15,10,5.0,0,1,-1.0,0,0,0.0
forced_vs_heuristic,64748,0.3,2026.0,1,1,0.0,0.00294517,4.887e-05,0.0028963,13,12,1.0,0,1,-1.0,0,1,-1.0
forced_vs_heuristic,64748,0.3,2027.0,0,0,0.0,1.70898539,1.02071698,0.68826841,8,15,-7.0,1,1,0.0,1,1,0.0
forced_vs_heuristic,64748,0.3,2028.0,0,1,-1.0,1.75526792,0.0007514,1.75451652,11,11,0.0,1,1,0.0,1,1,0.0
forced_vs_heuristic,67430,0.2,2026.0,0,0,0.0,1.02652162,1.54586569,-0.51934407,15,15,0.0,0,0,0.0,0,0,0.0
forced_vs_heuristic,67430,0.2,2027.0,0,1,-1.0,1.01449214,0.00205802,1.01243412,15,6,9.0,0,1,-1.0,0,1,-1.0
forced_vs_heuristic,67430,0.2,2028.0,1,1,0.0,0.00192282,0.00103603,0.00088679,9,12,-3.0,0,1,-1.0,0,1,-1.0
forced_vs_heuristic,67430,0.3,2026.0,0,0,0.0,1.80164952,1.80449343,-0.00284391,9,10,-1.0,0,1,-1.0,0,1,-1.0
forced_vs_heuristic,67430,0.3,2027.0,1,1,0.0,0.00346274,0.00304139,0.00042135,8,12,-4.0,1,1,0.0,0,1,-1.0
forced_vs_heuristic,67430,0.3,2028.0,1,1,0.0,0.00235818,0.00156648,0.0007917,6,5,1.0,0,0,0.0,0,0,0.0
forced_vs_heuristic,67557,0.2,2026.0,0,1,-1.0,1.02713636,0.00013318,1.02700318,15,14,1.0,0,1,-1.0,0,0,0.0
forced_vs_heuristic,67557,0.2,2027.0,1,1,0.0,0.00228762,9.512e-05,0.0021925,12,10,2.0,1,1,0.0,0,0,0.0
forced_vs_heuristic,67557,0.2,2028.0,1,1,0.0,0.00050982,0.00063814,-0.00012832,13,8,5.0,0,0,0.0,0,0,0.0
forced_vs_heuristic,67557,0.3,2026.0,1,1,0.0,0.01713831,0.00711308,0.01002523,15,10,5.0,0,1,-1.0,0,1,-1.0
forced_vs_heuristic,67557,0.3,2027.0,1,1,0.0,0.00866058,0.00540334,0.00325724,13,9,4.0,0,1,-1.0,0,1,-1.0
forced_vs_heuristic,67557,0.3,2028.0,0,1,-1.0,1.95154973,0.0009456,1.95060413,7,11,-4.0,0,1,-1.0,0,1,-1.0
forced_vs_heuristic,6756,0.2,2026.0,0,1,-1.0,0.76436888,0.00287382,0.76149506,15,13,2.0,0,0,0.0,0,0,0.0
forced_vs_heuristic,6756,0.2,2027.0,1,1,0.0,0.43327824,0.00337216,0.42990608,15,15,0.0,0,1,-1.0,0,0,0.0
forced_vs_heuristic,6756,0.2,2028.0,0,0,0.0,1.08089905,0.8755384,0.20536065,15,15,0.0,0,1,-1.0,0,1,-1.0
forced_vs_heuristic,6756,0.3,2026.0,1,0,1.0,0.00879335,1.06639675,-1.0576034,15,15,0.0,0,1,-1.0,0,1,-1.0
forced_vs_heuristic,6756,0.3,2027.0,0,0,0.0,0.95006535,1.3279585,-0.37789315,15,15,0.0,0,1,-1.0,0,1,-1.0
forced_vs_heuristic,6756,0.3,2028.0,0,0,0.0,1.9677277,1.09491894,0.87280876,14,15,-1.0,0,1,-1.0,0,0,0.0
forced_vs_heuristic,67646,0.2,2026.0,1,1,0.0,0.00419528,0.0047877,-0.00059242,3,8,-5.0,0,0,0.0,0,0,0.0
forced_vs_heuristic,67646,0.2,2027.0,1,1,0.0,0.01566177,0.00861268,0.00704909,5,5,0.0,0,0,0.0,0,0,0.0
forced_vs_heuristic,67646,0.2,2028.0,1,0,1.0,0.01112761,0.894523,-0.88339539,5,15,-10.0,0,0,0.0,0,0,0.0
forced_vs_heuristic,67646,0.3,2026.0,1,1,0.0,0.0050265,0.41862204,-0.41359554,4,15,-11.0,0,1,-1.0,0,0,0.0
forced_vs_heuristic,67646,0.3,2027.0,1,1,0.0,0.00217921,0.00030862,0.00187059,11,11,0.0,1,0,1.0,0,0,0.0
forced_vs_heuristic,67646,0.3,2028.0,1,0,1.0,0.00419528,1.34693782,-1.34274254,3,15,-12.0,0,1,-1.0,0,1,-1.0
forced_vs_heuristic,681,0.2,2026.0,0,1,-1.0,1.01646855,0.49816223,0.51830632,15,15,0.0,0,1,-1.0,0,1,-1.0
forced_vs_heuristic,681,0.2,2027.0,0,1,-1.0,1.13818587,0.00782915,1.13035672,15,13,2.0,1,1,0.0,1,0,1.0
forced_vs_heuristic,681,0.2,2028.0,0,1,-1.0,1.73995599,0.14998187,1.58997412,15,15,0.0,0,1,-1.0,0,0,0.0
forced_vs_heuristic,681,0.3,2026.0,0,0,0.0,1.40026176,1.65649622,-0.25623446,15,15,0.0,1,1,0.0,1,1,0.0
forced_vs_heuristic,681,0.3,2027.0,0,0,0.0,1.08146503,1.10363439,-0.02216936,15,15,0.0,0,1,-1.0,0,1,-1.0
forced_vs_heuristic,681,0.3,2028.0,0,0,0.0,1.86581264,1.06672441,0.79908823,8,15,-7.0,0,1,-1.0,0,0,0.0
forced_vs_heuristic,68624,0.2,2026.0,1,1,0.0,0.00044494,0.3559548,-0.35550986,11,15,-4.0,1,1,0.0,0,1,-1.0
forced_vs_heuristic,68624,0.2,2027.0,1,1,0.0,0.0134996,0.00070922,0.01279038,9,11,-2.0,0,1,-1.0,0,1,-1.0
forced_vs_heuristic,68624,0.2,2028.0,1,1,0.0,0.17006244,0.00438077,0.16568167,15,12,3.0,1,1,0.0,0,0,0.0
forced_vs_heuristic,68624,0.3,2026.0,1,1,0.0,0.00042481,0.00648671,-0.0060619,9,13,-4.0,0,1,-1.0,0,1,-1.0
forced_vs_heuristic,68624,0.3,2027.0,1,1,0.0,0.01289449,0.00284087,0.01005362,11,13,-2.0,1,1,0.0,0,0,0.0
forced_vs_heuristic,68624,0.3,2028.0,0,0,0.0,1.05664295,1.18596673,-0.12932378,15,15,0.0,1,1,0.0,0,0,0.0
forced_vs_heuristic,68974,0.2,2026.0,0,1,-1.0,0.97630803,0.00053273,0.9757753,15,15,0.0,0,1,-1.0,0,1,-1.0
forced_vs_heuristic,68974,0.2,2027.0,1,0,1.0,0.00196817,0.99049518,-0.98852701,14,15,-1.0,1,1,0.0,0,1,-1.0
forced_vs_heuristic,68974,0.2,2028.0,1,1,0.0,0.00011562,0.00027822,-0.0001626,6,7,-1.0,0,0,0.0,0,0,0.0
forced_vs_heuristic,68974,0.3,2026.0,0,1,-1.0,1.0450222,0.00056148,1.04446072,15,12,3.0,0,1,-1.0,0,1,-1.0
forced_vs_heuristic,68974,0.3,2027.0,1,1,0.0,0.00437418,0.00045087,0.00392331,10,9,1.0,0,0,0.0,0,0,0.0
forced_vs_heuristic,68974,0.3,2028.0,1,1,0.0,0.60601117,0.00050499,0.60550618,15,14,1.0,0,1,-1.0,0,0,0.0
forced_vs_heuristic,69372,0.2,2026.0,0,1,-1.0,1.88212436,1.736e-05,1.882107,3,6,-3.0,0,1,-1.0,0,0,0.0
forced_vs_heuristic,69372,0.2,2027.0,1,1,0.0,0.0002246,3.921e-05,0.00018539,4,4,0.0,0,0,0.0,0,0,0.0
forced_vs_heuristic,69372,0.2,2028.0,0,0,0.0,0.98636592,1.0852385,-0.09887258,15,15,0.0,0,1,-1.0,0,0,0.0
forced_vs_heuristic,69372,0.3,2026.0,1,1,0.0,6.101e-05,6.101e-05,0.0,4,4,0.0,0,0,0.0,0,0,0.0
forced_vs_heuristic,69372,0.3,2027.0,1,1,0.0,3.921e-05,3.921e-05,0.0,6,4,2.0,1,0,1.0,0,0,0.0
forced_vs_heuristic,69372,0.3,2028.0,0,1,-1.0,0.92832072,0.46648737,0.46183335,15,15,0.0,0,1,-1.0,0,0,0.0
forced_vs_heuristic,69402,0.2,2026.0,1,1,0.0,0.00914077,0.0052137,0.00392707,4,6,-2.0,0,1,-1.0,0,0,0.0
forced_vs_heuristic,69402,0.2,2027.0,1,1,0.0,0.00968801,0.00442998,0.00525803,7,6,1.0,0,0,0.0,0,0,0.0
forced_vs_heuristic,69402,0.2,2028.0,1,1,0.0,0.00914077,0.0052137,0.00392707,4,6,-2.0,0,1,-1.0,0,0,0.0
forced_vs_heuristic,69402,0.3,2026.0,1,1,0.0,0.00914077,0.00079868,0.00834209,4,7,-3.0,0,1,-1.0,0,1,-1.0
forced_vs_heuristic,69402,0.3,2027.0,1,1,0.0,0.00102672,0.00054951,0.00047721,7,6,1.0,0,0,0.0,0,0,0.0
forced_vs_heuristic,69402,0.3,2028.0,0,1,-1.0,1.0132978,0.00013509,1.01316271,15,12,3.0,0,1,-1.0,0,0,0.0
forced_vs_heuristic,70085,0.2,2026.0,1,1,0.0,0.00626476,0.00031732,0.00594744,4,7,-3.0,0,1,-1.0,0,0,0.0
forced_vs_heuristic,70085,0.2,2027.0,1,1,0.0,1.216e-05,0.00427834,-0.00426618,4,2,2.0,0,0,0.0,0,0,0.0
forced_vs_heuristic,70085,0.2,2028.0,1,1,0.0,1.216e-05,0.00427834,-0.00426618,4,2,2.0,0,0,0.0,0,0,0.0
forced_vs_heuristic,70085,0.3,2026.0,1,1,0.0,1.216e-05,0.00427834,-0.00426618,4,2,2.0,0,0,0.0,0,0,0.0
forced_vs_heuristic,70085,0.3,2027.0,1,1,0.0,0.00245568,0.00143372,0.00102196,4,6,-2.0,0,0,0.0,0,0,0.0
forced_vs_heuristic,70085,0.3,2028.0,1,1,0.0,1.25e-05,0.00427834,-0.00426584,4,2,2.0,0,0,0.0,0,0,0.0
forced_vs_heuristic,7013,0.2,2026.0,0,0,0.0,1.77716986,1.88096141,-0.10379155,8,14,-6.0,0,1,-1.0,0,1,-1.0
forced_vs_heuristic,7013,0.2,2027.0,0,0,0.0,1.00431324,0.85630124,0.148012,15,15,0.0,0,1,-1.0,0,1,-1.0
forced_vs_heuristic,7013,0.2,2028.0,0,1,-1.0,1.02604652,0.00020458,1.02584194,15,14,1.0,0,0,0.0,0,0,0.0
forced_vs_heuristic,7013,0.3,2026.0,0,0,0.0,1.0280219,1.22414437,-0.19612247,15,15,0.0,0,1,-1.0,0,1,-1.0
forced_vs_heuristic,7013,0.3,2027.0,0,0,0.0,1.09217939,1.1880965,-0.09591711,15,15,0.0,0,0,0.0,0,0,0.0
forced_vs_heuristic,7013,0.3,2028.0,0,0,0.0,1.73296327,1.17115627,0.561807,7,15,-8.0,0,1,-1.0,0,0,0.0
forced_vs_heuristic,71249,0.2,2026.0,1,1,0.0,0.00456375,0.00528268,-0.00071893,5,5,0.0,0,1,-1.0,0,1,-1.0
forced_vs_heuristic,71249,0.2,2027.0,1,1,0.0,0.00257782,0.00314396,-0.00056614,5,3,2.0,0,0,0.0,0,0,0.0
forced_vs_heuristic,71249,0.2,2028.0,1,1,0.0,0.00343451,0.00415807,-0.00072356,7,7,0.0,0,1,-1.0,0,1,-1.0
forced_vs_heuristic,71249,0.3,2026.0,1,1,0.0,0.06614226,0.00146729,0.06467497,14,4,10.0,1,0,1.0,0,0,0.0
forced_vs_heuristic,71249,0.3,2027.0,1,1,0.0,0.00142187,0.00918459,-0.00776272,15,12,3.0,1,1,0.0,0,1,-1.0
forced_vs_heuristic,71249,0.3,2028.0,0,0,0.0,0.98757331,1.03351773,-0.04594442,15,15,0.0,0,1,-1.0,0,0,0.0
forced_vs_heuristic,71499,0.2,2026.0,1,1,0.0,0.05793013,0.00069768,0.05723245,9,6,3.0,1,0,1.0,0,0,0.0
forced_vs_heuristic,71499,0.2,2027.0,1,1,0.0,0.06359876,0.00090192,0.06269684,6,6,0.0,0,0,0.0,0,0,0.0
forced_vs_heuristic,71499,0.2,2028.0,1,0,1.0,0.06359876,0.7429036,-0.67930484,6,15,-9.0,0,1,-1.0,0,1,-1.0
forced_vs_heuristic,71499,0.3,2026.0,1,1,0.0,0.01817087,0.00793942,0.01023145,6,12,-6.0,0,1,-1.0,0,1,-1.0
forced_vs_heuristic,71499,0.3,2027.0,0,1,-1.0,1.83169937,0.00109518,1.83060419,7,7,0.0,0,1,-1.0,0,0,0.0
forced_vs_heuristic,71499,0.3,2028.0,1,1,0.0,0.00839327,0.00108646,0.00730681,6,9,-3.0,0,1,-1.0,0,0,0.0
forced_vs_heuristic,7169,0.2,2026.0,1,1,0.0,0.00215005,0.00215005,0.0,4,4,0.0,0,0,0.0,0,0,0.0
forced_vs_heuristic,7169,0.2,2027.0,1,1,0.0,0.03854053,0.0032957,0.03524483,2,8,-6.0,0,0,0.0,0,0,0.0
forced_vs_heuristic,7169,0.2,2028.0,1,1,0.0,0.00215005,0.00215005,0.0,4,4,0.0,0,0,0.0,0,0,0.0
forced_vs_heuristic,7169,0.3,2026.0,1,1,0.0,0.00265998,0.00265998,0.0,3,3,0.0,0,0,0.0,0,0,0.0
forced_vs_heuristic,7169,0.3,2027.0,1,1,0.0,0.00700915,0.00921508,-0.00220593,10,10,0.0,1,0,1.0,0,0,0.0
forced_vs_heuristic,7169,0.3,2028.0,1,1,0.0,0.00236958,0.00236958,0.0,6,5,1.0,1,1,0.0,0,0,0.0
forced_vs_heuristic,72012,0.2,2026.0,1,1,0.0,0.0037733,0.00383549,-6.219e-05,3,2,1.0,0,0,0.0,0,0,0.0
forced_vs_heuristic,72012,0.2,2027.0,1,1,0.0,0.0037733,0.00383549,-6.219e-05,3,2,1.0,0,0,0.0,0,0,0.0
forced_vs_heuristic,72012,0.2,2028.0,1,1,0.0,0.0037733,0.00383549,-6.219e-05,3,2,1.0,0,0,0.0,0,0,0.0
forced_vs_heuristic,72012,0.3,2026.0,1,1,0.0,0.00378188,0.00383549,-5.361e-05,3,2,1.0,0,0,0.0,0,0,0.0
forced_vs_heuristic,72012,0.3,2027.0,0,0,0.0,1.06298146,1.45825365,-0.39527219,15,15,0.0,0,0,0.0,0,0,0.0
forced_vs_heuristic,72012,0.3,2028.0,0,0,0.0,1.02042203,1.06657069,-0.04614866,15,15,0.0,0,1,-1.0,0,0,0.0
forced_vs_heuristic,72058,0.2,2026.0,0,0,0.0,0.84431616,1.03955437,-0.19523821,15,15,0.0,0,1,-1.0,0,0,0.0
forced_vs_heuristic,72058,0.2,2027.0,0,1,-1.0,1.21875078,0.00825715,1.21049363,15,14,1.0,1,1,0.0,0,0,0.0
forced_vs_heuristic,72058,0.2,2028.0,1,0,1.0,0.00199156,0.87183962,-0.86984806,15,15,0.0,0,0,0.0,0,0,0.0
forced_vs_heuristic,72058,0.3,2026.0,0,0,0.0,1.78190331,0.93546729,0.84643602,12,15,-3.0,0,0,0.0,0,0,0.0
forced_vs_heuristic,72058,0.3,2027.0,0,0,0.0,0.86405348,0.97152482,-0.10747134,15,15,0.0,0,0,0.0,0,0,0.0
forced_vs_heuristic,72058,0.3,2028.0,0,0,0.0,0.92957298,0.90692742,0.02264556,15,15,0.0,0,1,-1.0,0,0,0.0
forced_vs_heuristic,72546,0.2,2026.0,1,1,0.0,0.00883543,0.00326902,0.00556641,3,5,-2.0,0,0,0.0,0,0,0.0
forced_vs_heuristic,72546,0.2,2027.0,1,1,0.0,0.00549748,0.00250383,0.00299365,3,4,-1.0,0,0,0.0,0,0,0.0
forced_vs_heuristic,72546,0.2,2028.0,1,1,0.0,0.00883543,0.00407971,0.00475572,3,5,-2.0,0,0,0.0,0,0,0.0
forced_vs_heuristic,72546,0.3,2026.0,1,1,0.0,0.00549748,0.00250383,0.00299365,3,4,-1.0,0,0,0.0,0,0,0.0
forced_vs_heuristic,72546,0.3,2027.0,1,1,0.0,0.00131967,0.00473251,-0.00341284,5,7,-2.0,1,1,0.0,0,0,0.0
forced_vs_heuristic,72546,0.3,2028.0,1,1,0.0,0.00254543,0.00054289,0.00200254,4,6,-2.0,0,0,0.0,0,0,0.0
forced_vs_heuristic,73295,0.2,2026.0,1,1,0.0,0.00018857,0.00055623,-0.00036766,6,4,2.0,0,0,0.0,0,0,0.0
forced_vs_heuristic,73295,0.2,2027.0,1,1,0.0,0.00372178,5.312e-05,0.00366866,7,8,-1.0,0,1,-1.0,0,0,0.0
forced_vs_heuristic,73295,0.2,2028.0,1,1,0.0,0.00018857,0.00055623,-0.00036766,6,4,2.0,0,0,0.0,0,0,0.0
forced_vs_heuristic,73295,0.3,2026.0,1,1,0.0,0.00046995,0.00055623,-8.628e-05,5,4,1.0,0,0,0.0,0,0,0.0
forced_vs_heuristic,73295,0.3,2027.0,0,1,-1.0,1.04256128,0.00061471,1.04194657,15,14,1.0,0,1,-1.0,0,0,0.0
forced_vs_heuristic,73295,0.3,2028.0,0,1,-1.0,1.73268534,0.00323356,1.72945178,5,9,-4.0,0,1,-1.0,0,1,-1.0
forced_vs_heuristic,74885,0.2,2026.0,0,1,-1.0,0.96048936,0.45364241,0.50684695,15,15,0.0,0,1,-1.0,0,1,-1.0
forced_vs_heuristic,74885,0.2,2027.0,0,0,0.0,0.92643993,1.02952755,-0.10308762,15,15,0.0,0,1,-1.0,0,0,0.0
forced_vs_heuristic,74885,0.2,2028.0,0,0,0.0,0.97256299,0.90142572,0.07113727,15,15,0.0,0,0,0.0,0,0,0.0
forced_vs_heuristic,74885,0.3,2026.0,0,0,0.0,0.98404068,0.88701521,0.09702547,15,15,0.0,0,1,-1.0,0,0,0.0
forced_vs_heuristic,74885,0.3,2027.0,0,0,0.0,1.19701934,1.03822559,0.15879375,15,15,0.0,0,1,-1.0,0,0,0.0
forced_vs_heuristic,74885,0.3,2028.0,0,1,-1.0,1.00472241,0.0008716,1.00385081,15,12,3.0,1,1,0.0,0,0,0.0
forced_vs_heuristic,74916,0.2,2026.0,0,0,0.0,1.87444026,1.9613731,-0.08693284,9,11,-2.0,0,0,0.0,0,0,0.0
forced_vs_heuristic,74916,0.2,2027.0,0,1,-1.0,0.87501847,0.47732742,0.39769105,15,15,0.0,0,1,-1.0,0,0,0.0
forced_vs_heuristic,74916,0.2,2028.0,1,1,0.0,0.09532127,0.28067139,-0.18535012,15,15,0.0,0,1,-1.0,0,0,0.0
forced_vs_heuristic,74916,0.3,2026.0,0,1,-1.0,1.77602897,0.63862175,1.13740722,11,15,-4.0,1,1,0.0,1,0,1.0
forced_vs_heuristic,74916,0.3,2027.0,1,1,0.0,0.76671671,0.65790157,0.10881514,15,15,0.0,0,1,-1.0,0,1,-1.0
forced_vs_heuristic,74916,0.3,2028.0,0,0,0.0,1.27123324,0.74874014,0.5224931,15,15,0.0,1,1,0.0,1,0,1.0
forced_vs_heuristic,7571,0.2,2026.0,1,1,0.0,0.00147653,0.00016299,0.00131354,12,10,2.0,1,1,0.0,0,0,0.0
forced_vs_heuristic,7571,0.2,2027.0,1,1,0.0,0.00252802,0.00252802,0.0,2,2,0.0,0,0,0.0,0,0,0.0
forced_vs_heuristic,7571,0.2,2028.0,1,1,0.0,0.00193896,0.00193896,0.0,2,2,0.0,0,0,0.0,0,0,0.0
forced_vs_heuristic,7571,0.3,2026.0,1,1,0.0,0.00193896,0.00193896,0.0,2,2,0.0,0,0,0.0,0,0,0.0
forced_vs_heuristic,7571,0.3,2027.0,1,1,0.0,0.00614722,0.00148769,0.00465953,3,3,0.0,0,0,0.0,0,0,0.0
forced_vs_heuristic,7571,0.3,2028.0,1,1,0.0,0.00215602,0.00215602,0.0,2,2,0.0,0,0,0.0,0,0,0.0
forced_vs_heuristic,75733,0.2,2026.0,1,1,0.0,0.02663848,0.0005237,0.02611478,2,8,-6.0,0,1,-1.0,0,0,0.0
forced_vs_heuristic,75733,0.2,2027.0,1,1,0.0,0.02663848,0.00373936,0.02289912,2,5,-3.0,0,0,0.0,0,0,0.0
forced_vs_heuristic,75733,0.2,2028.0,1,1,0.0,0.0248572,0.0005353,0.0243219,3,11,-8.0,0,1,-1.0,0,1,-1.0
forced_vs_heuristic,75733,0.3,2026.0,1,1,0.0,0.02663848,0.00050672,0.02613176,2,6,-4.0,0,0,0.0,0,0,0.0
forced_vs_heuristic,75733,0.3,2027.0,1,1,0.0,0.02663848,0.00172046,0.02491802,2,6,-4.0,0,0,0.0,0,0,0.0
forced_vs_heuristic,75733,0.3,2028.0,1,1,0.0,0.0060455,0.00097016,0.00507534,14,9,5.0,0,0,0.0,0,0,0.0
forced_vs_heuristic,75760,0.2,2026.0,0,1,-1.0,1.77575378,0.00030408,1.7754497,9,8,1.0,0,1,-1.0,0,0,0.0
forced_vs_heuristic,75760,0.2,2027.0,0,1,-1.0,0.70457815,0.00398035,0.7005978,15,3,12.0,0,0,0.0,0,0,0.0
forced_vs_heuristic,75760,0.2,2028.0,1,1,0.0,0.00327696,0.00398035,-0.00070339,11,3,8.0,0,0,0.0,0,0,0.0
forced_vs_heuristic,75760,0.3,2026.0,1,1,0.0,0.01304035,0.00398035,0.00906,10,3,7.0,1,0,1.0,1,0,1.0
forced_vs_heuristic,75760,0.3,2027.0,1,1,0.0,0.01166595,0.00412797,0.00753798,14,5,9.0,1,1,0.0,1,1,0.0
forced_vs_heuristic,75760,0.3,2028.0,1,1,0.0,0.00372449,0.00398035,-0.00025586,8,3,5.0,1,0,1.0,0,0,0.0
forced_vs_heuristic,76630,0.2,2026.0,1,1,0.0,0.00193838,0.00193838,0.0,3,4,-1.0,0,1,-1.0,0,1,-1.0
forced_vs_heuristic,76630,0.2,2027.0,1,1,0.0,0.00267317,0.00141796,0.00125521,11,6,5.0,1,1,0.0,1,1,0.0
forced_vs_heuristic,76630,0.2,2028.0,1,1,0.0,0.00155706,0.00155706,0.0,3,3,0.0,0,0,0.0,0,0,0.0
forced_vs_heuristic,76630,0.3,2026.0,1,1,0.0,0.00155706,0.00155706,0.0,3,3,0.0,0,0,0.0,0,0,0.0
forced_vs_heuristic,76630,0.3,2027.0,1,1,0.0,0.00155706,0.00155706,0.0,3,3,0.0,0,0,0.0,0,0,0.0
forced_vs_heuristic,76630,0.3,2028.0,1,1,0.0,0.00033731,0.00011834,0.00021897,7,6,1.0,1,1,0.0,1,0,1.0
forced_vs_heuristic,77351,0.2,2026.0,1,1,0.0,0.00284678,0.00054552,0.00230126,6,8,-2.0,0,0,0.0,0,0,0.0
forced_vs_heuristic,77351,0.2,2027.0,1,1,0.0,0.01092356,0.00456013,0.00636343,2,7,-5.0,0,1,-1.0,0,1,-1.0
forced_vs_heuristic,77351,0.2,2028.0,1,1,0.0,0.00058032,3.732e-05,0.000543,8,8,0.0,0,1,-1.0,0,1,-1.0
forced_vs_heuristic,77351,0.3,2026.0,1,0,1.0,0.00098813,0.93769305,-0.93670492,11,15,-4.0,1,1,0.0,1,0,1.0
forced_vs_heuristic,77351,0.3,2027.0,1,0,1.0,0.00284678,0.97902042,-0.97617364,6,15,-9.0,0,1,-1.0,0,1,-1.0
forced_vs_heuristic,77351,0.3,2028.0,1,1,0.0,0.00021211,3.692e-05,0.00017519,6,9,-3.0,0,1,-1.0,0,1,-1.0
forced_vs_heuristic,77455,0.2,2026.0,0,1,-1.0,1.13484776,0.41827145,0.71657631,15,15,0.0,0,1,-1.0,0,0,0.0
forced_vs_heuristic,77455,0.2,2027.0,1,1,0.0,0.00049985,0.00488567,-0.00438582,10,12,-2.0,0,1,-1.0,0,0,0.0
forced_vs_heuristic,77455,0.2,2028.0,0,0,0.0,1.91440032,1.88480813,0.02959219,13,3,10.0,1,0,1.0,1,0,1.0
forced_vs_heuristic,77455,0.3,2026.0,0,1,-1.0,1.96579445,0.00373289,1.96206156,6,14,-8.0,0,1,-1.0,0,0,0.0
forced_vs_heuristic,77455,0.3,2027.0,1,1,0.0,0.00051506,0.00085247,-0.00033741,6,11,-5.0,0,1,-1.0,0,1,-1.0
forced_vs_heuristic,77455,0.3,2028.0,0,0,0.0,1.8816595,1.81418967,0.06746983,3,11,-8.0,0,1,-1.0,0,0,0.0
forced_vs_heuristic,77692,0.2,2026.0,0,1,-1.0,1.87340557,0.00580749,1.86759808,8,5,3.0,0,0,0.0,0,0,0.0
forced_vs_heuristic,77692,0.2,2027.0,1,1,0.0,0.01086031,0.01086463,-4.32e-06,11,12,-1.0,0,1,-1.0,0,1,-1.0
forced_vs_heuristic,77692,0.2,2028.0,1,1,0.0,0.00725584,0.00665829,0.00059755,13,13,0.0,0,1,-1.0,0,1,-1.0
forced_vs_heuristic,77692,0.3,2026.0,0,1,-1.0,0.94887012,0.01040736,0.93846276,15,12,3.0,0,1,-1.0,0,1,-1.0
forced_vs_heuristic,77692,0.3,2027.0,1,1,0.0,0.01109849,0.00865007,0.00244842,14,7,7.0,0,1,-1.0,0,1,-1.0
forced_vs_heuristic,77692,0.3,2028.0,0,1,-1.0,1.04649842,0.00657087,1.03992755,15,6,9.0,1,1,0.0,1,1,0.0
forced_vs_heuristic,78017,0.2,2026.0,1,0,1.0,0.00312238,0.99124722,-0.98812484,7,15,-8.0,0,1,-1.0,0,1,-1.0
forced_vs_heuristic,78017,0.2,2027.0,1,1,0.0,0.02958034,0.0031647,0.02641564,7,7,0.0,1,0,1.0,1,0,1.0
forced_vs_heuristic,78017,0.2,2028.0,1,1,0.0,0.0001875,0.0031647,-0.0029772,5,7,-2.0,0,0,0.0,0,0,0.0
forced_vs_heuristic,78017,0.3,2026.0,1,1,0.0,0.0001875,0.0031647,-0.0029772,5,7,-2.0,0,0,0.0,0,0,0.0
forced_vs_heuristic,78017,0.3,2027.0,1,1,0.0,0.00448156,0.0031647,0.00131686,6,7,-1.0,0,0,0.0,0,0,0.0
forced_vs_heuristic,78017,0.3,2028.0,1,1,0.0,0.00486942,0.00381774,0.00105168,10,8,2.0,1,1,0.0,1,1,0.0
forced_vs_heuristic,78162,0.2,2026.0,0,1,-1.0,1.03525046,0.7573501,0.27790036,15,15,0.0,0,1,-1.0,0,0,0.0
forced_vs_heuristic,78162,0.2,2027.0,0,0,0.0,0.8877839,1.06944768,-0.18166378,15,15,0.0,0,0,0.0,0,0,0.0
forced_vs_heuristic,78162,0.2,2028.0,0,0,0.0,0.97925549,1.05419621,-0.07494072,15,15,0.0,0,1,-1.0,0,0,0.0
forced_vs_heuristic,78162,0.3,2026.0,0,0,0.0,1.1341438,1.12464167,0.00950213,15,15,0.0,0,1,-1.0,0,0,0.0
forced_vs_heuristic,78162,0.3,2027.0,0,0,0.0,1.91539031,0.96870552,0.94668479,13,15,-2.0,0,0,0.0,0,0,0.0
forced_vs_heuristic,78162,0.3,2028.0,0,0,0.0,1.57891788,0.96735821,0.61155967,15,15,0.0,1,1,0.0,1,1,0.0
forced_vs_heuristic,78207,0.2,2026.0,1,1,0.0,0.00059368,0.00011147,0.00048221,3,3,0.0,0,0,0.0,0,0,0.0
forced_vs_heuristic,78207,0.2,2027.0,1,1,0.0,0.00073987,7.91e-05,0.00066077,11,10,1.0,1,1,0.0,0,1,-1.0
forced_vs_heuristic,78207,0.2,2028.0,1,1,0.0,0.00059368,0.00011147,0.00048221,3,3,0.0,0,0,0.0,0,0,0.0
forced_vs_heuristic,78207,0.3,2026.0,1,1,0.0,0.00059368,0.00011147,0.00048221,3,3,0.0,0,0,0.0,0,0,0.0
forced_vs_heuristic,78207,0.3,2027.0,0,1,-1.0,1.84220899,0.00011147,1.84209752,6,3,3.0,1,0,1.0,1,0,1.0
forced_vs_heuristic,78207,0.3,2028.0,1,1,0.0,0.00059368,0.00016195,0.00043173,3,4,-1.0,0,1,-1.0,0,1,-1.0
forced_vs_heuristic,78225,0.2,2026.0,1,1,0.0,0.00064877,0.0064496,-0.00580083,7,12,-5.0,1,1,0.0,0,1,-1.0
forced_vs_heuristic,78225,0.2,2027.0,1,1,0.0,0.0020388,0.00221525,-0.00017645,5,6,-1.0,0,1,-1.0,0,1,-1.0
forced_vs_heuristic,78225,0.2,2028.0,1,1,0.0,0.003828,0.003828,0.0,3,4,-1.0,0,1,-1.0,0,1,-1.0
forced_vs_heuristic,78225,0.3,2026.0,1,1,0.0,0.00134824,0.00134824,0.0,3,3,0.0,0,0,0.0,0,0,0.0
forced_vs_heuristic,78225,0.3,2027.0,1,1,0.0,0.01259944,0.0040421,0.00855734,4,5,-1.0,0,1,-1.0,0,1,-1.0
forced_vs_heuristic,78225,0.3,2028.0,1,1,0.0,0.00931857,0.00137484,0.00794373,12,5,7.0,1,1,0.0,0,0,0.0
forced_vs_heuristic,78369,0.2,2026.0,1,1,0.0,0.00320247,0.00168843,0.00151404,5,11,-6.0,0,1,-1.0,0,0,0.0
forced_vs_heuristic,78369,0.2,2027.0,0,0,0.0,0.94741634,0.92833694,0.0190794,15,15,0.0,0,1,-1.0,0,1,-1.0
forced_vs_heuristic,78369,0.2,2028.0,1,1,0.0,0.00539858,0.00812289,-0.00272431,6,8,-2.0,0,0,0.0,0,0,0.0
forced_vs_heuristic,78369,0.3,2026.0,1,1,0.0,0.00320247,0.00186908,0.00133339,5,9,-4.0,0,0,0.0,0,0,0.0
forced_vs_heuristic,78369,0.3,2027.0,1,1,0.0,0.00031611,0.00014695,0.00016916,9,6,3.0,0,1,-1.0,0,1,-1.0
forced_vs_heuristic,78369,0.3,2028.0,1,1,0.0,0.02911602,0.00725645,0.02185957,8,10,-2.0,1,1,0.0,1,1,0.0
forced_vs_heuristic,7861,0.2,2026.0,1,1,0.0,0.00370761,0.00026098,0.00344663,6,15,-9.0,0,1,-1.0,0,1,-1.0
forced_vs_heuristic,7861,0.2,2027.0,1,1,0.0,0.00427051,0.00933988,-0.00506937,7,11,-4.0,0,1,-1.0,0,1,-1.0
forced_vs_heuristic,7861,0.2,2028.0,1,1,0.0,0.83191701,0.63927048,0.19264653,15,15,0.0,0,1,-1.0,0,0,0.0
forced_vs_heuristic,7861,0.3,2026.0,1,1,0.0,0.77856242,0.01343948,0.76512294,15,15,0.0,1,1,0.0,1,1,0.0
forced_vs_heuristic,7861,0.3,2027.0,1,0,1.0,0.8923694,1.61814187,-0.72577247,15,15,0.0,0,1,-1.0,0,0,0.0
forced_vs_heuristic,7861,0.3,2028.0,1,1,0.0,0.010878,0.01184464,-0.00096664,6,7,-1.0,0,1,-1.0,0,0,0.0
forced_vs_heuristic,80212,0.2,2026.0,0,1,-1.0,1.77362511,0.00011087,1.77351424,4,8,-4.0,0,1,-1.0,0,1,-1.0
forced_vs_heuristic,80212,0.2,2027.0,1,1,0.0,0.00874114,0.00103795,0.00770319,7,8,-1.0,0,1,-1.0,0,1,-1.0
forced_vs_heuristic,80212,0.2,2028.0,1,1,0.0,0.00241334,0.00015062,0.00226272,5,5,0.0,0,0,0.0,0,0,0.0
forced_vs_heuristic,80212,0.3,2026.0,1,1,0.0,0.00408806,0.00271205,0.00137601,10,6,4.0,0,0,0.0,0,0,0.0
forced_vs_heuristic,80212,0.3,2027.0,0,1,-1.0,1.77775167,9.051e-05,1.77766116,10,11,-1.0,0,1,-1.0,0,1,-1.0
forced_vs_heuristic,80212,0.3,2028.0,1,1,0.0,0.00810725,0.00357907,0.00452818,8,8,0.0,0,1,-1.0,0,0,0.0
forced_vs_heuristic,80277,0.2,2026.0,1,1,0.0,0.00385067,0.00221018,0.00164049,7,7,0.0,0,1,-1.0,0,1,-1.0
forced_vs_heuristic,80277,0.2,2027.0,1,1,0.0,3.97e-05,0.00102252,-0.00098282,5,4,1.0,0,0,0.0,0,0,0.0
forced_vs_heuristic,80277,0.2,2028.0,1,1,0.0,3.972e-05,0.00102252,-0.0009828,6,4,2.0,0,0,0.0,0,0,0.0
forced_vs_heuristic,80277,0.3,2026.0,1,1,0.0,0.00571327,0.00477568,0.00093759,11,11,0.0,1,1,0.0,0,1,-1.0
forced_vs_heuristic,80277,0.3,2027.0,0,0,0.0,1.62328741,1.87268525,-0.24939784,12,10,2.0,1,1,0.0,1,1,0.0
forced_vs_heuristic,80277,0.3,2028.0,0,1,-1.0,1.93206207,0.00102252,1.93103955,9,4,5.0,0,0,0.0,0,0,0.0
forced_vs_heuristic,81601,0.2,2026.0,0,0,0.0,1.86598872,1.86598872,0.0,2,2,0.0,0,0,0.0,0,0,0.0
forced_vs_heuristic,81601,0.2,2027.0,1,1,0.0,0.00717843,0.00296205,0.00421638,4,5,-1.0,0,0,0.0,0,0,0.0
forced_vs_heuristic,81601,0.2,2028.0,1,1,0.0,0.00717843,0.00296205,0.00421638,4,5,-1.0,0,0,0.0,0,0,0.0
forced_vs_heuristic,81601,0.3,2026.0,1,1,0.0,0.00717843,0.00296205,0.00421638,4,5,-1.0,0,0,0.0,0,0,0.0
forced_vs_heuristic,81601,0.3,2027.0,1,1,0.0,0.00717843,0.00296205,0.00421638,4,5,-1.0,0,0,0.0,0,0,0.0
forced_vs_heuristic,81601,0.3,2028.0,0,1,-1.0,1.87751853,0.00916636,1.86835217,3,9,-6.0,0,1,-1.0,0,0,0.0
forced_vs_heuristic,82888,0.2,2026.0,0,1,-1.0,0.95998442,0.00019096,0.95979346,15,10,5.0,0,1,-1.0,0,1,-1.0
forced_vs_heuristic,82888,0.2,2027.0,1,1,0.0,0.00335533,0.00103868,0.00231665,12,9,3.0,0,1,-1.0,0,1,-1.0
forced_vs_heuristic,82888,0.2,2028.0,1,1,0.0,0.00100569,0.00074271,0.00026298,15,11,4.0,0,1,-1.0,0,0,0.0
forced_vs_heuristic,82888,0.3,2026.0,0,1,-1.0,1.90150932,8.455e-05,1.90142477,6,15,-9.0,0,1,-1.0,0,0,0.0
forced_vs_heuristic,82888,0.3,2027.0,0,0,0.0,1.54880975,1.93186308,-0.38305333,15,7,8.0,0,0,0.0,0,0,0.0
forced_vs_heuristic,82888,0.3,2028.0,0,1,-1.0,0.92311751,0.00567804,0.91743947,15,13,2.0,0,1,-1.0,0,0,0.0
forced_vs_heuristic,8310,0.2,2026.0,0,0,0.0,1.84015815,1.90539725,-0.0652391,7,7,0.0,0,0,0.0,0,0,0.0
forced_vs_heuristic,8310,0.2,2027.0,0,0,0.0,1.615286,1.00884552,0.60644048,9,15,-6.0,0,1,-1.0,0,1,-1.0
forced_vs_heuristic,8310,0.2,2028.0,0,0,0.0,1.0554724,1.00015436,0.05531804,15,15,0.0,0,1,-1.0,0,0,0.0
forced_vs_heuristic,8310,0.3,2026.0,0,0,0.0,1.73588396,1.51888992,0.21699404,11,15,-4.0,1,1,0.0,0,0,0.0
forced_vs_heuristic,8310,0.3,2027.0,0,1,-1.0,1.02090455,0.04647032,0.97443423,15,15,0.0,0,1,-1.0,0,0,0.0
forced_vs_heuristic,8310,0.3,2028.0,1,1,0.0,0.00100062,0.00057536,0.00042526,11,12,-1.0,0,1,-1.0,0,1,-1.0
forced_vs_heuristic,83138,0.2,2026.0,1,1,0.0,0.00453411,0.00127498,0.00325913,4,4,0.0,0,0,0.0,0,0,0.0
forced_vs_heuristic,83138,0.2,2027.0,1,1,0.0,0.0040558,0.00100161,0.00305419,6,6,0.0,1,1,0.0,0,0,0.0
forced_vs_heuristic,83138,0.2,2028.0,1,1,0.0,0.00625652,0.0024437,0.00381282,5,6,-1.0,0,1,-1.0,0,1,-1.0
forced_vs_heuristic,83138,0.3,2026.0,1,1,0.0,0.00106937,0.00106937,0.0,6,6,0.0,0,1,-1.0,0,1,-1.0
forced_vs_heuristic,83138,0.3,2027.0,1,1,0.0,0.01790624,0.00071033,0.01719591,6,6,0.0,0,0,0.0,0,0,0.0
forced_vs_heuristic,83138,0.3,2028.0,1,1,0.0,0.00257982,0.00257982,0.0,5,4,1.0,0,0,0.0,0,0,0.0
forced_vs_heuristic,83767,0.2,2026.0,1,1,0.0,0.01126974,0.00014117,0.01112857,12,8,4.0,1,0,1.0,1,0,1.0
forced_vs_heuristic,83767,0.2,2027.0,1,1,0.0,0.00304709,8.026e-05,0.00296683,3,8,-5.0,0,1,-1.0,0,1,-1.0
forced_vs_heuristic,83767,0.2,2028.0,1,1,0.0,0.00253979,0.00425628,-0.00171649,5,10,-5.0,0,1,-1.0,0,1,-1.0
forced_vs_heuristic,83767,0.3,2026.0,1,1,0.0,0.00021924,0.00024778,-2.854e-05,5,5,0.0,0,1,-1.0,0,1,-1.0
forced_vs_heuristic,83767,0.3,2027.0,1,1,0.0,0.00280941,0.00739582,-0.00458641,14,15,-1.0,0,1,-1.0,0,1,-1.0
forced_vs_heuristic,83767,0.3,2028.0,1,1,0.0,0.00304709,0.00280682,0.00024027,3,7,-4.0,0,1,-1.0,0,0,0.0
forced_vs_heuristic,83868,0.2,2026.0,1,1,0.0,0.01915245,7.478e-05,0.01907767,2,4,-2.0,0,0,0.0,0,0,0.0
forced_vs_heuristic,83868,0.2,2027.0,1,1,0.0,0.01915245,7.478e-05,0.01907767,2,4,-2.0,0,0,0.0,0,0,0.0
forced_vs_heuristic,83868,0.2,2028.0,1,1,0.0,0.00153811,0.00961691,-0.0080788,2,7,-5.0,0,1,-1.0,0,1,-1.0
forced_vs_heuristic,83868,0.3,2026.0,1,1,0.0,0.00153811,0.00041947,0.00111864,2,5,-3.0,0,0,0.0,0,0,0.0
forced_vs_heuristic,83868,0.3,2027.0,1,1,0.0,0.00153811,0.00041947,0.00111864,2,5,-3.0,0,0,0.0,0,0,0.0
forced_vs_heuristic,83868,0.3,2028.0,1,1,0.0,0.02060125,0.00497991,0.01562134,2,8,-6.0,0,1,-1.0,0,0,0.0
forced_vs_heuristic,84221,0.2,2026.0,1,1,0.0,0.00153811,0.00041947,0.00111864,2,5,-3.0,0,0,0.0,0,0,0.0
forced_vs_heuristic,84221,0.2,2027.0,1,1,0.0,0.02993334,0.00136889,0.02856445,3,5,-2.0,0,0,0.0,0,0,0.0
forced_vs_heuristic,84221,0.2,2028.0,1,1,0.0,0.00153811,0.00161672,-7.861e-05,2,2,0.0,0,0,0.0,0,0,0.0
forced_vs_heuristic,84221,0.3,2026.0,1,1,0.0,0.02061492,0.00161672,0.0189982,2,2,0.0,0,0,0.0,0,0,0.0
forced_vs_heuristic,84221,0.3,2027.0,1,1,0.0,0.00153811,0.00161672,-7.861e-05,2,2,0.0,0,0,0.0,0,0,0.0
forced_vs_heuristic,84221,0.3,2028.0,1,1,0.0,0.02037717,9.844e-05,0.02027873,3,5,-2.0,0,0,0.0,0,0,0.0
forced_vs_heuristic,84233,0.2,2026.0,1,1,0.0,0.01761458,0.00096892,0.01664566,1,3,-2.0,0,0,0.0,0,0,0.0
forced_vs_heuristic,84233,0.2,2027.0,1,1,0.0,0.01761458,0.00074205,0.01687253,1,3,-2.0,0,0,0.0,0,0,0.0
forced_vs_heuristic,84233,0.2,2028.0,1,1,0.0,0.01761458,0.00074205,0.01687253,1,3,-2.0,0,0,0.0,0,0,0.0
forced_vs_heuristic,84233,0.3,2026.0,1,1,0.0,0.01761458,0.00096892,0.01664566,1,3,-2.0,0,0,0.0,0,0,0.0
forced_vs_heuristic,84233,0.3,2027.0,1,1,0.0,0.00232036,0.00535003,-0.00302967,12,12,0.0,1,1,0.0,1,1,0.0
forced_vs_heuristic,84233,0.3,2028.0,1,1,0.0,0.01761458,0.00061897,0.01699561,1,3,-2.0,0,0,0.0,0,0,0.0
forced_vs_heuristic,84903,0.2,2026.0,1,1,0.0,0.00042708,0.00011869,0.00030839,9,5,4.0,0,0,0.0,0,0,0.0
forced_vs_heuristic,84903,0.2,2027.0,1,1,0.0,0.00077612,0.0011129,-0.00033678,9,13,-4.0,0,1,-1.0,0,1,-1.0
forced_vs_heuristic,84903,0.2,2028.0,0,1,-1.0,1.8062154,0.00064835,1.80556705,4,9,-5.0,0,1,-1.0,0,0,0.0
forced_vs_heuristic,84903,0.3,2026.0,1,1,0.0,0.00040997,0.00011869,0.00029128,7,5,2.0,0,0,0.0,0,0,0.0
forced_vs_heuristic,84903,0.3,2027.0,1,1,0.0,3.388e-05,0.00040064,-0.00036676,8,6,2.0,0,0,0.0,0,0,0.0
forced_vs_heuristic,84903,0.3,2028.0,1,1,0.0,0.00043662,2.191e-05,0.00041471,10,6,4.0,0,0,0.0,0,0,0.0
forced_vs_heuristic,85727,0.2,2026.0,1,0,1.0,0.76382898,0.91939025,-0.15556127,15,15,0.0,0,1,-1.0,0,0,0.0
forced_vs_heuristic,85727,0.2,2027.0,0,0,0.0,0.92876382,1.32831441,-0.39955059,15,15,0.0,0,1,-1.0,0,0,0.0
forced_vs_heuristic,85727,0.2,2028.0,0,1,-1.0,0.9469752,0.77355712,0.17341808,15,15,0.0,0,0,0.0,0,0,0.0
forced_vs_heuristic,85727,0.3,2026.0,0,0,0.0,1.35711054,1.31406281,0.04304773,15,15,0.0,0,1,-1.0,0,0,0.0
forced_vs_heuristic,85727,0.3,2027.0,1,0,1.0,0.85854768,0.79793272,0.06061496,15,15,0.0,0,0,0.0,0,0,0.0
forced_vs_heuristic,85727,0.3,2028.0,0,0,0.0,0.91037913,1.11744708,-0.20706795,15,15,0.0,0,1,-1.0,0,0,0.0
forced_vs_heuristic,85736,0.2,2026.0,1,1,0.0,0.0005021,0.0005021,0.0,5,5,0.0,0,0,0.0,0,0,0.0
forced_vs_heuristic,85736,0.2,2027.0,1,1,0.0,0.0005021,0.0005021,0.0,5,5,0.0,0,0,0.0,0,0,0.0
forced_vs_heuristic,85736,0.2,2028.0,1,1,0.0,0.00979362,0.00010433,0.00968929,5,7,-2.0,0,1,-1.0,0,1,-1.0
forced_vs_heuristic,85736,0.3,2026.0,0,0,0.0,0.90453588,0.97618454,-0.07164866,15,15,0.0,0,1,-1.0,0,1,-1.0
forced_vs_heuristic,85736,0.3,2027.0,1,0,1.0,0.01327964,0.6381433,-0.62486366,4,15,-11.0,0,1,-1.0,0,1,-1.0
forced_vs_heuristic,85736,0.3,2028.0,1,1,0.0,0.01280879,0.00018323,0.01262556,5,5,0.0,0,0,0.0,0,0,0.0
forced_vs_heuristic,85911,0.2,2026.0,0,1,-1.0,0.95234012,0.75899629,0.19334383,15,15,0.0,0,1,-1.0,0,0,0.0
forced_vs_heuristic,85911,0.2,2027.0,1,0,1.0,0.82039188,1.28307262,-0.46268074,15,15,0.0,0,0,0.0,0,0,0.0
forced_vs_heuristic,85911,0.2,2028.0,0,0,0.0,1.88687681,1.85806264,0.02881417,15,13,2.0,1,1,0.0,0,0,0.0
forced_vs_heuristic,85911,0.3,2026.0,0,0,0.0,1.70396039,0.93469444,0.76926595,14,15,-1.0,0,1,-1.0,0,0,0.0
forced_vs_heuristic,85911,0.3,2027.0,0,0,0.0,1.01451214,0.88242899,0.13208315,15,15,0.0,1,0,1.0,1,0,1.0
forced_vs_heuristic,85911,0.3,2028.0,0,0,0.0,1.3197158,0.857008,0.4627078,15,15,0.0,0,1,-1.0,0,0,0.0
forced_vs_heuristic,86202,0.2,2026.0,0,0,0.0,1.93171838,1.93623362,-0.00451524,11,13,-2.0,0,1,-1.0,0,1,-1.0
forced_vs_heuristic,86202,0.2,2027.0,1,1,0.0,0.00966427,0.00258947,0.0070748,5,5,0.0,0,0,0.0,0,0,0.0
forced_vs_heuristic,86202,0.2,2028.0,1,1,0.0,0.00130237,4.046e-05,0.00126191,4,4,0.0,0,0,0.0,0,0,0.0
forced_vs_heuristic,86202,0.3,2026.0,1,1,0.0,0.00130237,0.00043313,0.00086924,4,6,-2.0,0,0,0.0,0,0,0.0
forced_vs_heuristic,86202,0.3,2027.0,1,1,0.0,0.01186348,4.046e-05,0.01182302,8,4,4.0,1,0,1.0,1,0,1.0
forced_vs_heuristic,86202,0.3,2028.0,0,0,0.0,1.20631308,0.98590464,0.22040844,15,15,0.0,0,1,-1.0,0,1,-1.0
forced_vs_heuristic,86739,0.2,2026.0,0,0,0.0,1.83920148,0.86603497,0.97316651,15,15,0.0,0,1,-1.0,0,0,0.0
forced_vs_heuristic,86739,0.2,2027.0,1,1,0.0,0.45503617,0.00367295,0.45136322,15,13,2.0,0,1,-1.0,0,1,-1.0
forced_vs_heuristic,86739,0.2,2028.0,0,1,-1.0,0.92686505,0.00745092,0.91941413,15,13,2.0,0,1,-1.0,0,1,-1.0
forced_vs_heuristic,86739,0.3,2026.0,1,1,0.0,0.00336418,0.00178711,0.00157707,10,13,-3.0,0,1,-1.0,0,1,-1.0
forced_vs_heuristic,86739,0.3,2027.0,1,0,1.0,0.00112045,1.2955639,-1.29444345,13,15,-2.0,1,1,0.0,1,0,1.0
forced_vs_heuristic,86739,0.3,2028.0,0,0,0.0,1.02386558,0.62499163,0.39887395,15,15,0.0,0,0,0.0,0,0,0.0
forced_vs_heuristic,87344,0.2,2026.0,1,1,0.0,0.00838825,0.00398035,0.0044079,3,3,0.0,0,0,0.0,0,0,0.0
forced_vs_heuristic,87344,0.2,2027.0,1,0,1.0,0.00037456,0.97226382,-0.97188926,4,15,-11.0,0,0,0.0,0,0,0.0
forced_vs_heuristic,87344,0.2,2028.0,1,1,0.0,0.00838825,0.00398035,0.0044079,3,3,0.0,0,0,0.0,0,0,0.0
forced_vs_heuristic,87344,0.3,2026.0,1,1,0.0,0.00838825,0.00020382,0.00818443,3,6,-3.0,0,1,-1.0,0,1,-1.0
forced_vs_heuristic,87344,0.3,2027.0,1,1,0.0,0.00668492,0.00457608,0.00210884,5,8,-3.0,0,1,-1.0,0,1,-1.0
forced_vs_heuristic,87344,0.3,2028.0,1,1,0.0,0.00386728,0.00412797,-0.00026069,9,5,4.0,1,1,0.0,0,1,-1.0
forced_vs_heuristic,87604,0.2,2026.0,1,1,0.0,0.01359522,0.0010309,0.01256432,12,9,3.0,0,0,0.0,0,0,0.0
forced_vs_heuristic,87604,0.2,2027.0,1,1,0.0,0.00673504,0.00080356,0.00593148,6,11,-5.0,0,0,0.0,0,0,0.0
forced_vs_heuristic,87604,0.2,2028.0,1,1,0.0,0.01213867,0.00135906,0.01077961,6,10,-4.0,1,1,0.0,0,0,0.0
forced_vs_heuristic,87604,0.3,2026.0,1,1,0.0,0.00027906,0.00087127,-0.00059221,7,10,-3.0,1,1,0.0,1,0,1.0
forced_vs_heuristic,87604,0.3,2027.0,1,0,1.0,0.00682428,0.94028628,-0.933462,7,15,-8.0,0,1,-1.0,0,1,-1.0
forced_vs_heuristic,87604,0.3,2028.0,1,0,1.0,0.00673504,1.95852856,-1.95179352,6,3,3.0,0,0,0.0,0,0,0.0
forced_vs_heuristic,88032,0.2,2026.0,0,0,0.0,0.99805118,0.97764169,0.02040949,15,15,0.0,0,0,0.0,0,0,0.0
forced_vs_heuristic,88032,0.2,2027.0,0,0,0.0,1.02136627,1.51579093,-0.49442466,15,15,0.0,0,0,0.0,0,0,0.0
forced_vs_heuristic,88032,0.2,2028.0,0,0,0.0,1.53347716,0.94792146,0.5855557,15,15,0.0,0,1,-1.0,0,0,0.0
forced_vs_heuristic,88032,0.3,2026.0,0,0,0.0,1.0533311,1.00746906,0.04586204,15,15,0.0,0,1,-1.0,0,0,0.0
forced_vs_heuristic,88032,0.3,2027.0,0,0,0.0,1.09675319,1.04848492,0.04826827,15,15,0.0,1,1,0.0,1,0,1.0
forced_vs_heuristic,88032,0.3,2028.0,0,0,0.0,1.0222309,0.98621098,0.03601992,15,15,0.0,0,0,0.0,0,0,0.0
forced_vs_heuristic,89009,0.2,2026.0,1,1,0.0,0.07408766,0.03148354,0.04260412,3,5,-2.0,0,0,0.0,0,0,0.0
forced_vs_heuristic,89009,0.2,2027.0,1,1,0.0,0.07408766,0.03148354,0.04260412,3,5,-2.0,0,0,0.0,0,0,0.0
forced_vs_heuristic,89009,0.2,2028.0,0,1,-1.0,1.19265132,0.04253256,1.15011876,6,10,-4.0,1,1,0.0,1,0,1.0
forced_vs_heuristic,89009,0.3,2026.0,1,1,0.0,0.07408766,0.03576989,0.03831777,3,8,-5.0,0,0,0.0,0,0,0.0
forced_vs_heuristic,89009,0.3,2027.0,1,1,0.0,0.07408766,0.02864734,0.04544032,3,7,-4.0,0,1,-1.0,0,1,-1.0
forced_vs_heuristic,89009,0.3,2028.0,0,0,0.0,1.95876596,1.73189759,0.22686837,14,15,-1.0,0,1,-1.0,0,1,-1.0
forced_vs_heuristic,89256,0.2,2026.0,1,0,1.0,0.02914778,1.10717219,-1.07802441,1,15,-14.0,0,1,-1.0,0,1,-1.0
forced_vs_heuristic,89256,0.2,2027.0,1,1,0.0,0.02914778,0.00121483,0.02793295,1,7,-6.0,0,0,0.0,0,0,0.0
forced_vs_heuristic,89256,0.2,2028.0,1,1,0.0,0.02914778,0.0001476,0.02900018,1,15,-14.0,0,1,-1.0,0,0,0.0
forced_vs_heuristic,89256,0.3,2026.0,1,1,0.0,0.02914778,0.0009295,0.02821828,1,9,-8.0,0,1,-1.0,0,0,0.0
forced_vs_heuristic,89256,0.3,2027.0,1,1,0.0,0.46859113,0.09129443,0.3772967,15,15,0.0,0,1,-1.0,0,0,0.0
forced_vs_heuristic,89256,0.3,2028.0,1,1,0.0,0.02914778,0.00033078,0.028817,1,9,-8.0,0,0,0.0,0,0,0.0
forced_vs_heuristic,89859,0.2,2026.0,1,1,0.0,0.00114103,0.00114103,0.0,2,2,0.0,0,0,0.0,0,0,0.0
forced_vs_heuristic,89859,0.2,2027.0,1,1,0.0,0.00114103,0.00114103,0.0,2,2,0.0,0,0,0.0,0,0,0.0
forced_vs_heuristic,89859,0.2,2028.0,1,1,0.0,0.00114103,0.00114103,0.0,2,2,0.0,0,0,0.0,0,0,0.0
forced_vs_heuristic,89859,0.3,2026.0,1,1,0.0,0.00869123,0.00934615,-0.00065492,4,6,-2.0,0,1,-1.0,0,1,-1.0
forced_vs_heuristic,89859,0.3,2027.0,0,0,0.0,1.8603642,1.8603642,0.0,3,3,0.0,0,0,0.0,0,0,0.0
forced_vs_heuristic,89859,0.3,2028.0,1,1,0.0,0.00225171,0.00225171,0.0,2,2,0.0,0,0,0.0,0,0,0.0
forced_vs_heuristic,90251,0.2,2026.0,1,1,0.0,0.00017422,0.00436835,-0.00419413,5,6,-1.0,0,1,-1.0,0,1,-1.0
forced_vs_heuristic,90251,0.2,2027.0,1,0,1.0,0.00017422,1.86396436,-1.86379014,5,5,0.0,0,1,-1.0,0,0,0.0
forced_vs_heuristic,90251,0.2,2028.0,1,1,0.0,0.00020523,2.554e-05,0.00017969,5,4,1.0,0,0,0.0,0,0,0.0
forced_vs_heuristic,90251,0.3,2026.0,1,1,0.0,0.00389061,0.00024758,0.00364303,6,6,0.0,0,1,-1.0,0,0,0.0
forced_vs_heuristic,90251,0.3,2027.0,1,1,0.0,0.00104249,0.00570624,-0.00466375,6,4,2.0,1,1,0.0,0,1,-1.0
forced_vs_heuristic,90251,0.3,2028.0,1,1,0.0,0.00409885,0.00570624,-0.00160739,7,4,3.0,1,1,0.0,0,1,-1.0
forced_vs_heuristic,90954,0.2,2026.0,1,1,0.0,0.00672675,0.0001222,0.00660455,11,7,4.0,1,1,0.0,0,1,-1.0
forced_vs_heuristic,90954,0.2,2027.0,1,1,0.0,0.0016719,0.00139886,0.00027304,7,6,1.0,0,1,-1.0,0,1,-1.0
forced_vs_heuristic,90954,0.2,2028.0,1,1,0.0,0.00027714,0.00031435,-3.721e-05,7,5,2.0,0,0,0.0,0,0,0.0
forced_vs_heuristic,90954,0.3,2026.0,1,1,0.0,0.00024714,0.00025607,-8.93e-06,10,7,3.0,0,0,0.0,0,0,0.0
forced_vs_heuristic,90954,0.3,2027.0,0,1,-1.0,1.86347023,0.00394516,1.85952507,4,8,-4.0,0,1,-1.0,0,1,-1.0
forced_vs_heuristic,90954,0.3,2028.0,1,1,0.0,0.00028924,0.00031435,-2.511e-05,7,5,2.0,0,0,0.0,0,0,0.0
forced_vs_heuristic,92532,0.2,2026.0,0,0,0.0,1.0088932,1.02458689,-0.01569369,15,15,0.0,0,0,0.0,0,0,0.0
forced_vs_heuristic,92532,0.2,2027.0,0,0,0.0,1.10020159,0.92865085,0.17155074,15,15,0.0,0,1,-1.0,0,1,-1.0
forced_vs_heuristic,92532,0.2,2028.0,0,1,-1.0,1.2634748,0.00225832,1.26121648,15,14,1.0,0,1,-1.0,0,1,-1.0
forced_vs_heuristic,92532,0.3,2026.0,0,1,-1.0,0.94471265,0.17369856,0.77101409,15,15,0.0,0,1,-1.0,0,1,-1.0
forced_vs_heuristic,92532,0.3,2027.0,0,0,0.0,1.96222743,0.91931938,1.04290805,11,15,-4.0,0,1,-1.0,0,1,-1.0
forced_vs_heuristic,92532,0.3,2028.0,0,0,0.0,0.99469692,0.89473827,0.09995865,15,15,0.0,0,1,-1.0,0,1,-1.0
forced_vs_heuristic,92863,0.2,2026.0,1,0,1.0,0.06215323,0.69159556,-0.62944233,3,15,-12.0,0,1,-1.0,0,0,0.0
forced_vs_heuristic,92863,0.2,2027.0,1,1,0.0,0.02914778,0.00033143,0.02881635,1,9,-8.0,0,0,0.0,0,0,0.0
forced_vs_heuristic,92863,0.2,2028.0,1,1,0.0,0.02914778,0.00023489,0.02891289,1,10,-9.0,0,1,-1.0,0,0,0.0
forced_vs_heuristic,92863,0.3,2026.0,1,1,0.0,0.02914778,0.00033143,0.02881635,1,9,-8.0,0,0,0.0,0,0,0.0
forced_vs_heuristic,92863,0.3,2027.0,1,1,0.0,0.02914778,0.00395481,0.02519297,1,14,-13.0,0,1,-1.0,0,0,0.0
forced_vs_heuristic,92863,0.3,2028.0,1,1,0.0,0.0644598,0.00919368,0.05526612,13,14,-1.0,1,0,1.0,0,0,0.0
forced_vs_heuristic,92888,0.2,2026.0,1,1,0.0,0.00057591,0.00083725,-0.00026134,10,4,6.0,0,0,0.0,0,0,0.0
forced_vs_heuristic,92888,0.2,2027.0,0,1,-1.0,1.21424396,0.00112373,1.21312023,15,15,0.0,1,1,0.0,1,0,1.0
forced_vs_heuristic,92888,0.2,2028.0,0,1,-1.0,1.01430873,0.00083725,1.01347148,15,4,11.0,1,0,1.0,1,0,1.0
forced_vs_heuristic,92888,0.3,2026.0,1,1,0.0,0.00047523,0.00083725,-0.00036202,10,4,6.0,0,0,0.0,0,0,0.0
forced_vs_heuristic,92888,0.3,2027.0,1,1,0.0,0.00114404,0.00040451,0.00073953,14,15,-1.0,0,1,-1.0,0,1,-1.0
forced_vs_heuristic,92888,0.3,2028.0,0,1,-1.0,1.86197559,0.00083725,1.86113834,3,4,-1.0,0,0,0.0,0,0,0.0
forced_vs_heuristic,92927,0.2,2026.0,1,1,0.0,0.00627849,0.00417361,0.00210488,15,14,1.0,0,1,-1.0,0,1,-1.0
forced_vs_heuristic,92927,0.2,2027.0,1,1,0.0,0.00296377,0.00283591,0.00012786,8,12,-4.0,0,1,-1.0,0,1,-1.0
forced_vs_heuristic,92927,0.2,2028.0,1,1,0.0,0.03755951,0.00062532,0.03693419,13,10,3.0,1,1,0.0,1,1,0.0
forced_vs_heuristic,92927,0.3,2026.0,0,1,-1.0,1.93526575,0.00043922,1.93482653,12,13,-1.0,1,1,0.0,1,1,0.0
forced_vs_heuristic,92927,0.3,2027.0,1,1,0.0,0.78876463,0.19235083,0.5964138,15,15,0.0,0,1,-1.0,0,1,-1.0
forced_vs_heuristic,92927,0.3,2028.0,1,1,0.0,0.49303778,0.00076183,0.49227595,15,13,2.0,0,1,-1.0,0,1,-1.0
forced_vs_heuristic,92941,0.2,2026.0,0,0,0.0,1.0508556,1.08534984,-0.03449424,15,15,0.0,0,1,-1.0,0,0,0.0
forced_vs_heuristic,92941,0.2,2027.0,0,1,-1.0,0.99975652,0.50243987,0.49731665,15,15,0.0,0,1,-1.0,0,1,-1.0
forced_vs_heuristic,92941,0.2,2028.0,0,0,0.0,1.03196783,1.24763709,-0.21566926,15,15,0.0,0,1,-1.0,0,0,0.0
forced_vs_heuristic,92941,0.3,2026.0,0,1,-1.0,1.21677843,0.00043142,1.21634701,15,15,0.0,0,1,-1.0,0,1,-1.0
forced_vs_heuristic,92941,0.3,2027.0,0,0,0.0,1.16285699,1.11951135,0.04334564,15,15,0.0,0,1,-1.0,0,0,0.0
forced_vs_heuristic,92941,0.3,2028.0,0,0,0.0,1.74009868,1.74055271,-0.00045403,5,15,-10.0,0,1,-1.0,0,0,0.0
forced_vs_heuristic,93872,0.2,2026.0,1,1,0.0,0.00160995,0.00160995,0.0,2,2,0.0,0,0,0.0,0,0,0.0
forced_vs_heuristic,93872,0.2,2027.0,1,1,0.0,0.00181607,0.00024327,0.0015728,5,12,-7.0,0,1,-1.0,0,1,-1.0
forced_vs_heuristic,93872,0.2,2028.0,1,1,0.0,0.00903552,0.00903552,0.0,4,4,0.0,0,0,0.0,0,0,0.0
forced_vs_heuristic,93872,0.3,2026.0,1,1,0.0,0.00365075,0.00365075,0.0,2,2,0.0,0,0,0.0,0,0,0.0
forced_vs_heuristic,93872,0.3,2027.0,1,1,0.0,0.00160995,0.00160995,0.0,2,2,0.0,0,0,0.0,0,0,0.0
forced_vs_heuristic,93872,0.3,2028.0,1,1,0.0,0.00161672,0.00161672,0.0,3,3,0.0,0,0,0.0,0,0,0.0
forced_vs_heuristic,94518,0.2,2026.0,1,1,0.0,0.00415588,0.00490537,-0.00074949,3,15,-12.0,0,1,-1.0,0,1,-1.0
forced_vs_heuristic,94518,0.2,2027.0,1,1,0.0,0.0007524,8.06e-05,0.0006718,3,6,-3.0,0,0,0.0,0,0,0.0
forced_vs_heuristic,94518,0.2,2028.0,1,1,0.0,0.0007524,0.01030686,-0.00955446,3,13,-10.0,0,1,-1.0,0,1,-1.0
forced_vs_heuristic,94518,0.3,2026.0,1,1,0.0,0.00641084,2.727e-05,0.00638357,6,8,-2.0,0,1,-1.0,0,1,-1.0
forced_vs_heuristic,94518,0.3,2027.0,1,1,0.0,0.01056549,0.00207361,0.00849188,5,8,-3.0,0,1,-1.0,0,1,-1.0
forced_vs_heuristic,94518,0.3,2028.0,1,1,0.0,0.0007524,0.00010594,0.00064646,3,5,-2.0,0,0,0.0,0,0,0.0
forced_vs_heuristic,95569,0.2,2026.0,1,1,0.0,0.01277118,0.00863943,0.00413175,14,13,1.0,0,1,-1.0,0,1,-1.0
forced_vs_heuristic,95569,0.2,2027.0,1,0,1.0,0.01507737,1.04171369,-1.02663632,9,15,-6.0,1,1,0.0,1,0,1.0
forced_vs_heuristic,95569,0.2,2028.0,1,1,0.0,0.69355276,0.6031993,0.09035346,15,15,0.0,1,1,0.0,1,0,1.0
forced_vs_heuristic,95569,0.3,2026.0,0,0,0.0,1.83976075,1.95051428,-0.11075353,3,11,-8.0,0,1,-1.0,0,0,0.0
forced_vs_heuristic,95569,0.3,2027.0,0,0,0.0,0.92363277,0.93510733,-0.01147456,15,15,0.0,0,1,-1.0,0,1,-1.0
forced_vs_heuristic,95569,0.3,2028.0,1,0,1.0,0.48671636,0.55387523,-0.06715887,15,15,0.0,0,1,-1.0,0,1,-1.0
forced_vs_heuristic,9636,0.2,2026.0,1,1,0.0,0.00038404,0.0326868,-0.03230276,4,15,-11.0,0,1,-1.0,0,1,-1.0
forced_vs_heuristic,9636,0.2,2027.0,1,1,0.0,0.03282905,0.000183,0.03264605,4,5,-1.0,0,1,-1.0,0,1,-1.0
forced_vs_heuristic,9636,0.2,2028.0,1,1,0.0,0.00859624,0.0029091,0.00568714,2,3,-1.0,0,0,0.0,0,0,0.0
forced_vs_heuristic,9636,0.3,2026.0,1,1,0.0,0.00885246,0.00238668,0.00646578,8,15,-7.0,0,1,-1.0,0,0,0.0
forced_vs_heuristic,9636,0.3,2027.0,1,1,0.0,0.0030313,8.408e-05,0.00294722,3,8,-5.0,0,0,0.0,0,0,0.0
forced_vs_heuristic,9636,0.3,2028.0,1,1,0.0,0.0049747,0.00013592,0.00483878,2,7,-5.0,0,1,-1.0,0,1,-1.0
forced_vs_heuristic,97191,0.2,2026.0,0,1,-1.0,1.40828164,0.01107202,1.39720962,15,15,0.0,1,1,0.0,1,0,1.0
forced_vs_heuristic,97191,0.2,2027.0,1,1,0.0,0.00661148,0.0054419,0.00116958,12,6,6.0,0,0,0.0,0,0,0.0
forced_vs_heuristic,97191,0.2,2028.0,0,0,0.0,0.93106594,0.5244878,0.40657814,15,15,0.0,0,1,-1.0,0,1,-1.0
forced_vs_heuristic,97191,0.3,2026.0,1,1,0.0,0.00632609,0.00742215,-0.00109606,12,8,4.0,0,1,-1.0,0,1,-1.0
forced_vs_heuristic,97191,0.3,2027.0,0,0,0.0,1.57115248,1.85829387,-0.28714139,15,10,5.0,1,1,0.0,1,0,1.0
forced_vs_heuristic,97191,0.3,2028.0,0,0,0.0,0.93757932,0.75920989,0.17836943,15,15,0.0,0,1,-1.0,0,0,0.0
forced_vs_heuristic,97228,0.2,2026.0,1,1,0.0,0.21223344,0.13483552,0.07739792,13,15,-2.0,0,0,0.0,0,0,0.0
forced_vs_heuristic,97228,0.2,2027.0,1,1,0.0,0.09137343,0.59219285,-0.50081942,15,15,0.0,0,1,-1.0,0,0,0.0
forced_vs_heuristic,97228,0.2,2028.0,1,0,1.0,0.04498268,1.91852746,-1.87354478,9,14,-5.0,0,0,0.0,0,0,0.0
forced_vs_heuristic,97228,0.3,2026.0,1,1,0.0,0.02851635,0.08260133,-0.05408498,11,15,-4.0,0,1,-1.0,0,1,-1.0
forced_vs_heuristic,97228,0.3,2027.0,1,0,1.0,0.03397782,1.04217974,-1.00820192,11,15,-4.0,0,1,-1.0,0,0,0.0
forced_vs_heuristic,97228,0.3,2028.0,1,1,0.0,0.03819809,0.19629985,-0.15810176,10,15,-5.0,0,1,-1.0,0,1,-1.0
forced_vs_heuristic,97540,0.2,2026.0,1,1,0.0,0.00370044,0.00118439,0.00251605,2,4,-2.0,0,0,0.0,0,0,0.0
forced_vs_heuristic,97540,0.2,2027.0,1,1,0.0,0.00029384,0.00104104,-0.0007472,2,7,-5.0,0,1,-1.0,0,1,-1.0
forced_vs_heuristic,97540,0.2,2028.0,1,0,1.0,0.00029384,1.02358615,-1.02329231,2,15,-13.0,0,1,-1.0,0,0,0.0
forced_vs_heuristic,97540,0.3,2026.0,1,1,0.0,0.00029384,0.00039292,-9.908e-05,2,12,-10.0,0,1,-1.0,0,0,0.0
forced_vs_heuristic,97540,0.3,2027.0,1,1,0.0,0.00403282,0.00292018,0.00111264,3,11,-8.0,0,1,-1.0,0,1,-1.0
forced_vs_heuristic,97540,0.3,2028.0,1,1,0.0,0.00449253,7.268e-05,0.00441985,2,4,-2.0,0,0,0.0,0,0,0.0
forced_vs_heuristic,97571,0.2,2026.0,0,1,-1.0,1.52369572,0.00037329,1.52332243,15,10,5.0,1,1,0.0,1,1,0.0
forced_vs_heuristic,97571,0.2,2027.0,0,1,-1.0,1.08854937,2.415e-05,1.08852522,15,15,0.0,0,1,-1.0,0,0,0.0
forced_vs_heuristic,97571,0.2,2028.0,1,1,0.0,0.01007975,0.00376183,0.00631792,12,11,1.0,0,0,0.0,0,0,0.0
forced_vs_heuristic,97571,0.3,2026.0,0,1,-1.0,1.1838658,0.00750542,1.17636038,15,10,5.0,0,1,-1.0,0,1,-1.0
forced_vs_heuristic,97571,0.3,2027.0,1,1,0.0,0.00396363,0.00110563,0.002858,13,10,3.0,0,0,0.0,0,0,0.0
forced_vs_heuristic,97571,0.3,2028.0,0,1,-1.0,1.42943684,2.138e-05,1.42941546,15,9,6.0,0,0,0.0,0,0,0.0
forced_vs_heuristic,97951,0.2,2026.0,1,1,0.0,0.00118374,0.00118374,0.0,2,2,0.0,0,0,0.0,0,0,0.0
forced_vs_heuristic,97951,0.2,2027.0,1,1,0.0,0.00118374,0.00118374,0.0,2,2,0.0,0,0,0.0,0,0,0.0
forced_vs_heuristic,97951,0.2,2028.0,1,1,0.0,0.00118374,0.00118374,0.0,2,2,0.0,0,0,0.0,0,0,0.0
forced_vs_heuristic,97951,0.3,2026.0,0,1,-1.0,1.81603847,0.02275256,1.79328591,3,15,-12.0,0,1,-1.0,0,0,0.0
forced_vs_heuristic,97951,0.3,2027.0,1,1,0.0,0.00118374,0.00118374,0.0,2,2,0.0,0,0,0.0,0,0,0.0
forced_vs_heuristic,97951,0.3,2028.0,1,1,0.0,0.00118374,0.00118374,0.0,2,2,0.0,0,0,0.0,0,0,0.0
forced_vs_heuristic,99585,0.2,2026.0,1,1,0.0,0.01948264,0.01479035,0.00469229,15,15,0.0,0,1,-1.0,0,1,-1.0
forced_vs_heuristic,99585,0.2,2027.0,0,0,0.0,1.94589545,0.61654739,1.32934806,6,15,-9.0,0,1,-1.0,0,0,0.0
forced_vs_heuristic,99585,0.2,2028.0,1,0,1.0,0.59769717,1.20463296,-0.60693579,15,15,0.0,1,1,0.0,1,1,0.0
forced_vs_heuristic,99585,0.3,2026.0,0,0,0.0,1.02803546,0.76409568,0.26393978,15,15,0.0,0,1,-1.0,0,0,0.0
forced_vs_heuristic,99585,0.3,2027.0,1,1,0.0,0.05915919,0.02059098,0.03856821,15,15,0.0,0,1,-1.0,0,1,-1.0
forced_vs_heuristic,99585,0.3,2028.0,0,0,0.0,1.08824759,1.77846705,-0.69021946,15,11,4.0,0,1,-1.0,0,1,-1.0
corrected_vs_model_based,100333,0.2,2026.0,1,1,0.0,0.01404958,0.50328881,-0.48923923,2,1,1.0,0,0,0.0,0,0,0.0
corrected_vs_model_based,100333,0.2,2027.0,1,1,0.0,5.222e-05,0.00226634,-0.00221412,6,6,0.0,0,1,-1.0,0,0,0.0
corrected_vs_model_based,100333,0.2,2028.0,1,1,0.0,0.00104417,0.00104417,0.0,2,2,0.0,0,0,0.0,0,0,0.0
corrected_vs_model_based,100333,0.3,2026.0,1,1,0.0,0.00104417,0.00104417,0.0,2,2,0.0,0,0,0.0,0,0,0.0
corrected_vs_model_based,100333,0.3,2027.0,1,1,0.0,0.00104417,0.00104417,0.0,2,2,0.0,0,0,0.0,0,0,0.0
corrected_vs_model_based,100333,0.3,2028.0,1,1,0.0,0.00104417,0.00104417,0.0,2,2,0.0,0,0,0.0,0,0,0.0
corrected_vs_model_based,100786,0.2,2026.0,1,0,1.0,0.00682778,0.9685339,-0.96170612,8,0,8.0,1,0,1.0,0,0,0.0
corrected_vs_model_based,100786,0.2,2027.0,1,0,1.0,0.00267944,0.9685339,-0.96585446,6,0,6.0,0,0,0.0,0,0,0.0
corrected_vs_model_based,100786,0.2,2028.0,1,0,1.0,0.00273291,0.9685339,-0.96580099,9,0,9.0,0,0,0.0,0,0,0.0
corrected_vs_model_based,100786,0.3,2026.0,1,0,1.0,0.00086641,0.9685339,-0.96766749,12,0,12.0,1,0,1.0,1,0,1.0
corrected_vs_model_based,100786,0.3,2027.0,1,0,1.0,0.00380653,0.9685339,-0.96472737,5,0,5.0,0,0,0.0,0,0,0.0
corrected_vs_model_based,100786,0.3,2028.0,1,0,1.0,0.01225333,0.9685339,-0.95628057,7,0,7.0,0,0,0.0,0,0,0.0
corrected_vs_model_based,100894,0.2,2026.0,1,0,1.0,0.00140548,0.9936368,-0.99223132,14,1,13.0,0,0,0.0,0,0,0.0
corrected_vs_model_based,100894,0.2,2027.0,1,1,0.0,0.00063794,0.0096634,-0.00902546,7,6,1.0,0,1,-1.0,0,1,-1.0
corrected_vs_model_based,100894,0.2,2028.0,1,1,0.0,0.01391732,0.0020857,0.01183162,5,4,1.0,0,0,0.0,0,0,0.0
corrected_vs_model_based,100894,0.3,2026.0,1,1,0.0,0.00063588,0.0020857,-0.00144982,6,5,1.0,0,1,-1.0,0,1,-1.0
corrected_vs_model_based,100894,0.3,2027.0,1,1,0.0,0.0016335,0.01014858,-0.00851508,10,4,6.0,0,0,0.0,0,0,0.0
corrected_vs_model_based,100894,0.3,2028.0,1,1,0.0,0.00071646,0.0096634,-0.00894694,7,6,1.0,0,1,-1.0,0,1,-1.0
corrected_vs_model_based,101434,0.2,2026.0,1,0,1.0,0.00958545,0.96844055,-0.9588551,11,0,11.0,0,0,0.0,0,0,0.0
corrected_vs_model_based,101434,0.2,2027.0,0,0,0.0,1.25867883,0.96844055,0.29023828,15,0,15.0,0,0,0.0,0,0,0.0
corrected_vs_model_based,101434,0.2,2028.0,0,0,0.0,1.15588263,0.96844055,0.18744208,15,0,15.0,0,0,0.0,0,0,0.0
corrected_vs_model_based,101434,0.3,2026.0,1,0,1.0,0.48091727,0.96844055,-0.48752328,15,0,15.0,0,0,0.0,0,0,0.0
corrected_vs_model_based,101434,0.3,2027.0,1,0,1.0,0.01902563,0.96844055,-0.94941492,13,0,13.0,1,0,1.0,0,0,0.0
corrected_vs_model_based,101434,0.3,2028.0,1,0,1.0,0.75239724,0.96844055,-0.21604331,15,0,15.0,0,0,0.0,0,0,0.0
corrected_vs_model_based,101999,0.2,2026.0,1,1,0.0,0.0037733,0.00383549,-6.219e-05,3,2,1.0,0,0,0.0,0,0,0.0
corrected_vs_model_based,101999,0.2,2027.0,1,1,0.0,0.0037733,0.00383549,-6.219e-05,3,2,1.0,0,0,0.0,0,0,0.0
corrected_vs_model_based,101999,0.2,2028.0,1,1,0.0,0.00763783,0.00804591,-0.00040808,3,2,1.0,0,0,0.0,0,0,0.0
corrected_vs_model_based,101999,0.3,2026.0,1,1,0.0,0.0037733,0.00383549,-6.219e-05,3,2,1.0,0,0,0.0,0,0,0.0
corrected_vs_model_based,101999,0.3,2027.0,1,1,0.0,0.0037733,0.00383549,-6.219e-05,3,2,1.0,0,0,0.0,0,0,0.0
corrected_vs_model_based,101999,0.3,2028.0,1,1,0.0,0.00642346,0.00451509,0.00190837,3,2,1.0,0,0,0.0,0,0,0.0
corrected_vs_model_based,102209,0.2,2026.0,1,1,0.0,0.00518576,0.00208545,0.00310031,6,5,1.0,0,0,0.0,0,0,0.0
corrected_vs_model_based,102209,0.2,2027.0,1,1,0.0,0.00012002,0.0001637,-4.368e-05,4,3,1.0,0,0,0.0,0,0,0.0
corrected_vs_model_based,102209,0.2,2028.0,1,1,0.0,0.01769187,0.04278854,-0.02509667,6,3,3.0,0,0,0.0,0,0,0.0
corrected_vs_model_based,102209,0.3,2026.0,0,1,-1.0,1.92256059,0.00588412,1.91667647,4,4,0.0,0,0,0.0,0,0,0.0
corrected_vs_model_based,102209,0.3,2027.0,1,1,0.0,0.00171812,0.00236508,-0.00064696,4,3,1.0,0,0,0.0,0,0,0.0
corrected_vs_model_based,102209,0.3,2028.0,1,0,1.0,0.00033147,0.88361798,-0.88328651,9,6,3.0,0,1,-1.0,0,1,-1.0
corrected_vs_model_based,102711,0.2,2026.0,1,1,0.0,0.01949391,0.81981148,-0.80031757,1,1,0.0,0,0,0.0,0,0,0.0
corrected_vs_model_based,102711,0.2,2027.0,1,1,0.0,0.02500434,0.77097259,-0.74596825,2,1,1.0,0,0,0.0,0,0,0.0
corrected_vs_model_based,102711,0.2,2028.0,1,1,0.0,0.01949391,0.81981148,-0.80031757,1,1,0.0,0,0,0.0,0,0,0.0
corrected_vs_model_based,102711,0.3,2026.0,1,1,0.0,0.01079208,0.81981148,-0.8090194,15,1,14.0,0,0,0.0,0,0,0.0
corrected_vs_model_based,102711,0.3,2027.0,1,1,0.0,0.01949391,0.77097259,-0.75147868,1,1,0.0,0,0,0.0,0,0,0.0
corrected_vs_model_based,102711,0.3,2028.0,1,1,0.0,0.01949391,0.57495824,-0.55546433,1,1,0.0,0,0,0.0,0,0,0.0
corrected_vs_model_based,102872,0.2,2026.0,1,1,0.0,7.583e-05,6.024e-05,1.559e-05,5,5,0.0,0,0,0.0,0,0,0.0
corrected_vs_model_based,102872,0.2,2027.0,1,1,0.0,7.583e-05,0.00894579,-0.00886996,5,5,0.0,0,0,0.0,0,0,0.0
corrected_vs_model_based,102872,0.2,2028.0,1,1,0.0,0.00013834,2.816e-05,0.00011018,4,5,-1.0,0,0,0.0,0,0,0.0
corrected_vs_model_based,102872,0.3,2026.0,1,0,1.0,1.066e-05,1.91301041,-1.91299975,9,3,6.0,0,0,0.0,0,0,0.0
corrected_vs_model_based,102872,0.3,2027.0,1,1,0.0,0.00130488,2.867e-05,0.00127621,5,5,0.0,0,0,0.0,0,0,0.0
corrected_vs_model_based,102872,0.3,2028.0,0,0,0.0,1.77638613,1.79453542,-0.01814929,5,4,1.0,0,0,0.0,0,0,0.0
corrected_vs_model_based,102986,0.2,2026.0,1,1,0.0,7.893e-05,0.00865988,-0.00858095,7,4,3.0,1,0,1.0,0,0,0.0
corrected_vs_model_based,102986,0.2,2027.0,1,1,0.0,0.03843531,0.01511429,0.02332102,7,6,1.0,0,0,0.0,0,0,0.0
corrected_vs_model_based,102986,0.2,2028.0,1,1,0.0,0.00800102,0.00800102,0.0,5,4,1.0,0,0,0.0,0,0,0.0
corrected_vs_model_based,102986,0.3,2026.0,1,1,0.0,0.00040953,0.00800102,-0.00759149,5,4,1.0,0,0,0.0,0,0,0.0
corrected_vs_model_based,102986,0.3,2027.0,1,1,0.0,0.00456254,0.00962465,-0.00506211,6,5,1.0,0,0,0.0,0,0,0.0
corrected_vs_model_based,102986,0.3,2028.0,0,0,0.0,1.66708747,1.66708747,0.0,2,2,0.0,0,0,0.0,0,0,0.0
corrected_vs_model_based,103775,0.2,2026.0,1,1,0.0,0.00048475,7.523e-05,0.00040952,2,3,-1.0,0,0,0.0,0,0,0.0
corrected_vs_model_based,103775,0.2,2027.0,1,1,0.0,0.00048475,7.523e-05,0.00040952,2,3,-1.0,0,0,0.0,0,0,0.0
corrected_vs_model_based,103775,0.2,2028.0,1,1,0.0,0.00048475,7.523e-05,0.00040952,2,3,-1.0,0,0,0.0,0,0,0.0
corrected_vs_model_based,103775,0.3,2026.0,1,1,0.0,0.00048475,0.00048475,0.0,2,3,-1.0,0,0,0.0,0,0,0.0
corrected_vs_model_based,103775,0.3,2027.0,1,1,0.0,0.00048475,8.102e-05,0.00040373,2,3,-1.0,0,0,0.0,0,0,0.0
corrected_vs_model_based,103775,0.3,2028.0,0,0,0.0,1.89523385,1.07714625,0.8180876,5,1,4.0,0,0,0.0,0,0,0.0
corrected_vs_model_based,104168,0.2,2026.0,1,1,0.0,0.01001012,0.01001012,0.0,2,2,0.0,0,0,0.0,0,0,0.0
corrected_vs_model_based,104168,0.2,2027.0,1,1,0.0,0.01001012,0.01001012,0.0,2,2,0.0,0,0,0.0,0,0,0.0
corrected_vs_model_based,104168,0.2,2028.0,1,1,0.0,0.01049845,0.00093452,0.00956393,3,10,-7.0,0,1,-1.0,0,0,0.0
corrected_vs_model_based,104168,0.3,2026.0,1,1,0.0,0.01001012,0.01001012,0.0,2,2,0.0,0,0,0.0,0,0,0.0
corrected_vs_model_based,104168,0.3,2027.0,1,0,1.0,0.0067598,1.02210504,-1.01534524,4,1,3.0,1,0,1.0,0,0,0.0
corrected_vs_model_based,104168,0.3,2028.0,1,1,0.0,0.01049845,0.00124985,0.0092486,3,5,-2.0,0,0,0.0,0,0,0.0
corrected_vs_model_based,105358,0.2,2026.0,1,0,1.0,0.00627414,0.95034375,-0.94406961,8,0,8.0,0,0,0.0,0,0,0.0
corrected_vs_model_based,105358,0.2,2027.0,1,0,1.0,0.00319686,0.95034375,-0.94714689,6,0,6.0,0,0,0.0,0,0,0.0
corrected_vs_model_based,105358,0.2,2028.0,0,0,0.0,1.78391216,0.95034375,0.83356841,8,0,8.0,0,0,0.0,0,0,0.0
corrected_vs_model_based,105358,0.3,2026.0,1,0,1.0,0.00106455,0.95034375,-0.9492792,9,0,9.0,0,0,0.0,0,0,0.0
corrected_vs_model_based,105358,0.3,2027.0,1,0,1.0,0.00041267,0.95034375,-0.94993108,7,0,7.0,0,0,0.0,0,0,0.0
corrected_vs_model_based,105358,0.3,2028.0,0,0,0.0,1.089127,0.95034375,0.13878325,15,0,15.0,0,0,0.0,0,0,0.0
corrected_vs_model_based,105717,0.2,2026.0,1,1,0.0,0.28193214,0.17205956,0.10987258,15,3,12.0,0,0,0.0,0,0,0.0
corrected_vs_model_based,105717,0.2,2027.0,1,1,0.0,0.11494231,0.13185404,-0.01691173,15,2,13.0,0,0,0.0,0,0,0.0
corrected_vs_model_based,105717,0.2,2028.0,1,1,0.0,0.05307512,0.13185404,-0.07877892,15,2,13.0,0,0,0.0,0,0,0.0
corrected_vs_model_based,105717,0.3,2026.0,1,1,0.0,0.1241435,0.13185404,-0.00771054,15,2,13.0,0,0,0.0,0,0,0.0
corrected_vs_model_based,105717,0.3,2027.0,1,1,0.0,0.03754268,0.33642132,-0.29887864,7,2,5.0,0,0,0.0,0,0,0.0
corrected_vs_model_based,105717,0.3,2028.0,1,1,0.0,0.12716009,0.13185404,-0.00469395,15,2,13.0,0,0,0.0,0,0,0.0
corrected_vs_model_based,105944,0.2,2026.0,1,1,0.0,0.00122991,0.00122991,0.0,2,2,0.0,0,0,0.0,0,0,0.0
corrected_vs_model_based,105944,0.2,2027.0,1,1,0.0,0.00580217,0.83958894,-0.83378677,10,2,8.0,0,0,0.0,0,0,0.0
corrected_vs_model_based,105944,0.2,2028.0,1,1,0.0,0.00122991,0.00122991,0.0,2,2,0.0,0,0,0.0,0,0,0.0
corrected_vs_model_based,105944,0.3,2026.0,1,1,0.0,0.00122991,0.00122991,0.0,2,2,0.0,0,0,0.0,0,0,0.0
corrected_vs_model_based,105944,0.3,2027.0,1,1,0.0,0.00122991,0.00122991,0.0,2,2,0.0,0,0,0.0,0,0,0.0
corrected_vs_model_based,105944,0.3,2028.0,1,1,0.0,0.00122991,0.00122991,0.0,2,2,0.0,0,0,0.0,0,0,0.0
corrected_vs_model_based,107295,0.2,2026.0,1,1,0.0,0.07484476,0.06809546,0.0067493,5,4,1.0,0,0,0.0,0,0,0.0
corrected_vs_model_based,107295,0.2,2027.0,0,0,0.0,0.98910687,1.14794893,-0.15884206,15,15,0.0,1,1,0.0,1,1,0.0
corrected_vs_model_based,107295,0.2,2028.0,1,1,0.0,0.06359876,0.06809546,-0.0044967,6,4,2.0,0,0,0.0,0,0,0.0
corrected_vs_model_based,107295,0.3,2026.0,1,1,0.0,0.07484476,0.08883524,-0.01399048,5,4,1.0,0,0,0.0,0,0,0.0
corrected_vs_model_based,107295,0.3,2027.0,1,0,1.0,0.04647486,0.95449275,-0.90801789,6,15,-9.0,0,0,0.0,0,0,0.0
corrected_vs_model_based,107295,0.3,2028.0,0,0,0.0,1.82339351,0.98780754,0.83558597,10,4,6.0,0,1,-1.0,0,1,-1.0
corrected_vs_model_based,107435,0.2,2026.0,1,1,0.0,0.01853659,0.59461411,-0.57607752,1,0,1.0,0,0,0.0,0,0,0.0
corrected_vs_model_based,107435,0.2,2027.0,1,1,0.0,0.01853659,0.59461411,-0.57607752,1,0,1.0,0,0,0.0,0,0,0.0
corrected_vs_model_based,107435,0.2,2028.0,1,1,0.0,0.01853659,0.59461411,-0.57607752,1,0,1.0,0,0,0.0,0,0,0.0
corrected_vs_model_based,107435,0.3,2026.0,1,1,0.0,0.01853659,0.59461411,-0.57607752,1,0,1.0,0,0,0.0,0,0,0.0
corrected_vs_model_based,107435,0.3,2027.0,0,1,-1.0,1.03597353,0.59461411,0.44135942,15,0,15.0,0,0,0.0,0,0,0.0
corrected_vs_model_based,107435,0.3,2028.0,1,1,0.0,0.01853659,0.59461411,-0.57607752,1,0,1.0,0,0,0.0,0,0,0.0
corrected_vs_model_based,107753,0.2,2026.0,1,1,0.0,0.0006126,0.65820442,-0.65759182,7,6,1.0,0,1,-1.0,0,1,-1.0
corrected_vs_model_based,107753,0.2,2027.0,1,1,0.0,0.00146321,0.00163295,-0.00016974,5,4,1.0,0,0,0.0,0,0,0.0
corrected_vs_model_based,107753,0.2,2028.0,1,1,0.0,0.00610267,0.00631346,-0.00021079,3,2,1.0,0,0,0.0,0,0,0.0
corrected_vs_model_based,107753,0.3,2026.0,0,1,-1.0,1.6913198,0.01580796,1.67551184,1,14,-13.0,0,1,-1.0,0,0,0.0
corrected_vs_model_based,107753,0.3,2027.0,1,0,1.0,0.00246299,0.85332002,-0.85085703,6,3,3.0,0,0,0.0,0,0,0.0
corrected_vs_model_based,107753,0.3,2028.0,1,1,0.0,8.988e-05,0.00415384,-0.00406396,6,5,1.0,0,1,-1.0,0,1,-1.0
corrected_vs_model_based,108419,0.2,2026.0,1,1,0.0,0.06994888,0.19796439,-0.12801551,15,2,13.0,1,0,1.0,0,0,0.0
corrected_vs_model_based,108419,0.2,2027.0,0,1,-1.0,1.33890041,0.19796439,1.14093602,15,2,13.0,0,0,0.0,0,0,0.0
corrected_vs_model_based,108419,0.2,2028.0,1,1,0.0,0.11898983,0.19796439,-0.07897456,15,2,13.0,0,0,0.0,0,0,0.0
corrected_vs_model_based,108419,0.3,2026.0,1,1,0.0,0.05768513,0.19796439,-0.14027926,15,2,13.0,0,0,0.0,0,0,0.0
corrected_vs_model_based,108419,0.3,2027.0,0,1,-1.0,1.73340862,0.2274964,1.50591222,15,2,13.0,0,0,0.0,0,0,0.0
corrected_vs_model_based,108419,0.3,2028.0,1,1,0.0,0.14609025,0.19796439,-0.05187414,15,2,13.0,0,0,0.0,0,0,0.0
corrected_vs_model_based,108535,0.2,2026.0,1,0,1.0,0.00772826,0.98523997,-0.97751171,9,0,9.0,0,0,0.0,0,0,0.0
corrected_vs_model_based,108535,0.2,2027.0,0,0,0.0,1.82800947,0.98523997,0.8427695,5,0,5.0,0,0,0.0,0,0,0.0
corrected_vs_model_based,108535,0.2,2028.0,1,0,1.0,0.00423181,0.98523997,-0.98100816,9,0,9.0,0,0,0.0,0,0,0.0
corrected_vs_model_based,108535,0.3,2026.0,1,0,1.0,0.0067943,0.98523997,-0.97844567,12,0,12.0,0,0,0.0,0,0,0.0
corrected_vs_model_based,108535,0.3,2027.0,0,0,0.0,1.84214756,0.98523997,0.85690759,14,0,14.0,0,0,0.0,0,0,0.0
corrected_vs_model_based,108535,0.3,2028.0,1,0,1.0,0.00441174,0.98523997,-0.98082823,8,0,8.0,0,0,0.0,0,0,0.0
corrected_vs_model_based,109084,0.2,2026.0,1,1,0.0,0.00032177,0.00067694,-0.00035517,6,5,1.0,0,0,0.0,0,0,0.0
corrected_vs_model_based,109084,0.2,2027.0,1,1,0.0,0.00155391,0.00155391,0.0,6,6,0.0,1,1,0.0,0,0,0.0
corrected_vs_model_based,109084,0.2,2028.0,1,1,0.0,0.00418816,0.00042708,0.00376108,5,10,-5.0,0,0,0.0,0,0,0.0
corrected_vs_model_based,109084,0.3,2026.0,1,1,0.0,0.01222387,0.01222387,0.0,8,6,2.0,1,0,1.0,0,0,0.0
corrected_vs_model_based,109084,0.3,2027.0,1,1,0.0,0.00214589,0.05811554,-0.05596965,8,6,2.0,0,0,0.0,0,0,0.0
corrected_vs_model_based,109084,0.3,2028.0,1,1,0.0,0.02594912,0.06750149,-0.04155237,7,6,1.0,0,1,-1.0,0,0,0.0
corrected_vs_model_based,109136,0.2,2026.0,1,1,0.0,0.02663848,0.61209009,-0.58545161,2,0,2.0,0,0,0.0,0,0,0.0
corrected_vs_model_based,109136,0.2,2027.0,1,1,0.0,0.02663848,0.61209009,-0.58545161,2,0,2.0,0,0,0.0,0,0,0.0
corrected_vs_model_based,109136,0.2,2028.0,1,1,0.0,0.02663848,0.61209009,-0.58545161,2,0,2.0,0,0,0.0,0,0,0.0
corrected_vs_model_based,109136,0.3,2026.0,1,1,0.0,0.02663848,0.61209009,-0.58545161,2,0,2.0,0,0,0.0,0,0,0.0
corrected_vs_model_based,109136,0.3,2027.0,1,1,0.0,0.02310029,0.61209009,-0.5889898,3,0,3.0,0,0,0.0,0,0,0.0
corrected_vs_model_based,109136,0.3,2028.0,1,1,0.0,0.02874113,0.61209009,-0.58334896,3,0,3.0,0,0,0.0,0,0,0.0
corrected_vs_model_based,109937,0.2,2026.0,1,0,1.0,0.00246299,0.85332002,-0.85085703,6,3,3.0,0,0,0.0,0,0,0.0
corrected_vs_model_based,109937,0.2,2027.0,1,1,0.0,0.00078943,0.00902807,-0.00823864,9,5,4.0,0,1,-1.0,0,1,-1.0
corrected_vs_model_based,109937,0.2,2028.0,1,1,0.0,0.00406173,0.00178352,0.00227821,8,4,4.0,0,1,-1.0,0,1,-1.0
corrected_vs_model_based,109937,0.3,2026.0,1,1,0.0,6.974e-05,0.00178352,-0.00171378,6,4,2.0,0,1,-1.0,0,1,-1.0
corrected_vs_model_based,109937,0.3,2027.0,1,1,0.0,0.00406173,0.00902807,-0.00496634,8,5,3.0,0,1,-1.0,0,1,-1.0
corrected_vs_model_based,109937,0.3,2028.0,0,1,-1.0,1.6913198,0.00163295,1.68968685,1,5,-4.0,0,1,-1.0,0,1,-1.0
corrected_vs_model_based,11076,0.2,2026.0,0,0,0.0,1.29317618,1.06095446,0.23222172,15,1,14.0,1,0,1.0,1,0,1.0
corrected_vs_model_based,11076,0.2,2027.0,0,1,-1.0,0.92718573,0.19768914,0.72949659,15,15,0.0,1,1,0.0,1,1,0.0
corrected_vs_model_based,11076,0.2,2028.0,0,0,0.0,1.80446664,1.79859155,0.00587509,5,3,2.0,0,0,0.0,0,0,0.0
corrected_vs_model_based,11076,0.3,2026.0,0,0,0.0,1.25297533,1.10359907,0.14937626,15,15,0.0,1,1,0.0,1,1,0.0
corrected_vs_model_based,11076,0.3,2027.0,0,0,0.0,1.00117082,1.97037988,-0.96920906,15,9,6.0,1,0,1.0,1,0,1.0
corrected_vs_model_based,11076,0.3,2028.0,0,0,0.0,1.65878508,1.42709919,0.23168589,15,15,0.0,0,1,-1.0,0,1,-1.0
corrected_vs_model_based,111597,0.2,2026.0,1,1,0.0,0.00526281,0.00526281,0.0,3,3,0.0,0,0,0.0,0,0,0.0
corrected_vs_model_based,111597,0.2,2027.0,1,1,0.0,0.00638838,0.01993424,-0.01354586,3,2,1.0,0,0,0.0,0,0,0.0
corrected_vs_model_based,111597,0.2,2028.0,1,1,0.0,0.00526281,0.00526281,0.0,3,3,0.0,0,0,0.0,0,0,0.0
corrected_vs_model_based,111597,0.3,2026.0,1,1,0.0,0.00526281,0.00526281,0.0,3,3,0.0,0,0,0.0,0,0,0.0
corrected_vs_model_based,111597,0.3,2027.0,1,1,0.0,0.00066156,0.00066156,0.0,7,7,0.0,1,1,0.0,0,0,0.0
corrected_vs_model_based,111597,0.3,2028.0,1,1,0.0,0.00087967,0.06250549,-0.06162582,3,3,0.0,0,0,0.0,0,0,0.0
corrected_vs_model_based,111718,0.2,2026.0,1,0,1.0,0.00837912,0.96854799,-0.96016887,12,1,11.0,0,0,0.0,0,0,0.0
corrected_vs_model_based,111718,0.2,2027.0,1,1,0.0,0.75152258,0.00547819,0.74604439,15,11,4.0,0,1,-1.0,0,0,0.0
corrected_vs_model_based,111718,0.2,2028.0,1,1,0.0,0.02353445,0.01257681,0.01095764,15,14,1.0,0,1,-1.0,0,1,-1.0
corrected_vs_model_based,111718,0.3,2026.0,1,1,0.0,0.00072526,0.02970086,-0.0289756,11,7,4.0,0,0,0.0,0,0,0.0
corrected_vs_model_based,111718,0.3,2027.0,1,1,0.0,0.01147802,0.00053748,0.01094054,11,13,-2.0,0,1,-1.0,0,1,-1.0
corrected_vs_model_based,111718,0.3,2028.0,0,1,-1.0,1.03618115,0.01203692,1.02414423,15,15,0.0,1,1,0.0,1,0,1.0
corrected_vs_model_based,111892,0.2,2026.0,0,0,0.0,0.96876136,0.77584779,0.19291357,15,0,15.0,0,0,0.0,0,0,0.0
corrected_vs_model_based,111892,0.2,2027.0,1,0,1.0,0.00680424,0.77584779,-0.76904355,12,0,12.0,0,0,0.0,0,0,0.0
corrected_vs_model_based,111892,0.2,2028.0,0,0,0.0,1.72819893,0.77584779,0.95235114,4,0,4.0,0,0,0.0,0,0,0.0
corrected_vs_model_based,111892,0.3,2026.0,1,0,1.0,0.28502195,0.77584779,-0.49082584,15,0,15.0,0,0,0.0,0,0,0.0
corrected_vs_model_based,111892,0.3,2027.0,1,0,1.0,0.00664107,0.77584779,-0.76920672,12,0,12.0,0,0,0.0,0,0,0.0
corrected_vs_model_based,111892,0.3,2028.0,0,0,0.0,0.99086893,0.77584779,0.21502114,15,0,15.0,0,0,0.0,0,0,0.0
corrected_vs_model_based,112339,0.2,2026.0,0,1,-1.0,1.73675304,0.02246156,1.71429148,14,8,6.0,0,0,0.0,0,0,0.0
corrected_vs_model_based,112339,0.2,2027.0,0,0,0.0,1.85913587,1.86303201,-0.00389614,3,5,-2.0,0,0,0.0,0,0,0.0
corrected_vs_model_based,112339,0.2,2028.0,0,0,0.0,1.85428121,1.8464707,0.00781051,12,13,-1.0,0,1,-1.0,0,1,-1.0
corrected_vs_model_based,112339,0.3,2026.0,1,0,1.0,0.63878365,1.15054329,-0.51175964,15,15,0.0,0,1,-1.0,0,0,0.0
corrected_vs_model_based,112339,0.3,2027.0,1,0,1.0,0.65915397,0.7697941,-0.11064013,15,9,6.0,0,0,0.0,0,0,0.0
corrected_vs_model_based,112339,0.3,2028.0,1,1,0.0,0.01042061,0.00325716,0.00716345,11,9,2.0,0,0,0.0,0,0,0.0
corrected_vs_model_based,112884,0.2,2026.0,0,1,-1.0,1.85186501,0.50922443,1.34264058,10,1,9.0,0,0,0.0,0,0,0.0
corrected_vs_model_based,112884,0.2,2027.0,1,1,0.0,0.37714969,0.50922443,-0.13207474,15,1,14.0,0,0,0.0,0,0,0.0
corrected_vs_model_based,112884,0.2,2028.0,1,1,0.0,0.02893768,0.53148909,-0.50255141,4,1,3.0,0,0,0.0,0,0,0.0
corrected_vs_model_based,112884,0.3,2026.0,1,0,1.0,0.87681443,0.8810302,-0.00421577,15,12,3.0,0,1,-1.0,0,1,-1.0
corrected_vs_model_based,112884,0.3,2027.0,1,1,0.0,0.02244298,0.50922443,-0.48678145,4,1,3.0,0,0,0.0,0,0,0.0
corrected_vs_model_based,112884,0.3,2028.0,1,1,0.0,0.026972,0.53148909,-0.50451709,6,1,5.0,0,0,0.0,0,0,0.0
corrected_vs_model_based,114028,0.2,2026.0,1,0,1.0,0.00311678,0.77584779,-0.77273101,3,0,3.0,0,0,0.0,0,0,0.0
corrected_vs_model_based,114028,0.2,2027.0,1,0,1.0,0.00275921,0.77584779,-0.77308858,9,0,9.0,1,0,1.0,1,0,1.0
corrected_vs_model_based,114028,0.2,2028.0,1,0,1.0,0.00023747,0.77584779,-0.77561032,7,0,7.0,0,0,0.0,0,0,0.0
corrected_vs_model_based,114028,0.3,2026.0,1,0,1.0,0.00020261,0.77584779,-0.77564518,3,0,3.0,0,0,0.0,0,0,0.0
corrected_vs_model_based,114028,0.3,2027.0,1,0,1.0,0.00020261,0.77584779,-0.77564518,3,0,3.0,0,0,0.0,0,0,0.0
corrected_vs_model_based,114028,0.3,2028.0,1,0,1.0,0.00311166,0.77584779,-0.77273613,3,0,3.0,0,0,0.0,0,0,0.0
corrected_vs_model_based,114042,0.2,2026.0,1,1,0.0,0.00022659,0.00022659,0.0,3,3,0.0,0,0,0.0,0,0,0.0
corrected_vs_model_based,114042,0.2,2027.0,1,1,0.0,0.00022659,0.00022659,0.0,3,3,0.0,0,0,0.0,0,0,0.0
corrected_vs_model_based,114042,0.2,2028.0,1,1,0.0,0.00017476,0.00017476,0.0,4,4,0.0,0,0,0.0,0,0,0.0
corrected_vs_model_based,114042,0.3,2026.0,1,1,0.0,0.00042249,0.00042249,0.0,4,4,0.0,0,0,0.0,0,0,0.0
corrected_vs_model_based,114042,0.3,2027.0,1,1,0.0,0.00022659,0.00022659,0.0,3,3,0.0,0,0,0.0,0,0,0.0
corrected_vs_model_based,114042,0.3,2028.0,1,1,0.0,0.00025325,0.00025325,0.0,3,3,0.0,0,0,0.0,0,0,0.0
corrected_vs_model_based,114245,0.2,2026.0,1,1,0.0,0.01737128,0.01526646,0.00210482,13,6,7.0,0,0,0.0,0,0,0.0
corrected_vs_model_based,114245,0.2,2027.0,1,1,0.0,0.00160516,0.00195923,-0.00035407,6,4,2.0,0,0,0.0,0,0,0.0
corrected_vs_model_based,114245,0.2,2028.0,1,1,0.0,0.00036794,0.00656321,-0.00619527,9,10,-1.0,0,0,0.0,0,0,0.0
corrected_vs_model_based,114245,0.3,2026.0,1,0,1.0,0.00763938,0.90517725,-0.89753787,10,1,9.0,0,0,0.0,0,0,0.0
corrected_vs_model_based,114245,0.3,2027.0,1,1,0.0,0.00045465,0.00929574,-0.00884109,8,7,1.0,0,0,0.0,0,0,0.0
corrected_vs_model_based,114245,0.3,2028.0,0,0,0.0,1.87597406,1.74865667,0.12731739,6,3,3.0,0,0,0.0,0,0,0.0
corrected_vs_model_based,115235,0.2,2026.0,1,1,0.0,0.000167,0.5317984,-0.5316314,4,3,1.0,0,1,-1.0,0,1,-1.0
corrected_vs_model_based,115235,0.2,2027.0,1,1,0.0,0.00883543,0.01320719,-0.00437176,3,5,-2.0,0,1,-1.0,0,1,-1.0
corrected_vs_model_based,115235,0.2,2028.0,1,1,0.0,0.00883543,0.01320719,-0.00437176,3,5,-2.0,0,1,-1.0,0,1,-1.0
corrected_vs_model_based,115235,0.3,2026.0,1,1,0.0,0.000167,0.5317984,-0.5316314,4,3,1.0,0,1,-1.0,0,1,-1.0
corrected_vs_model_based,115235,0.3,2027.0,1,1,0.0,0.00883543,0.01320719,-0.00437176,3,5,-2.0,0,1,-1.0,0,1,-1.0
corrected_vs_model_based,115235,0.3,2028.0,1,1,0.0,0.68395791,0.01320719,0.67075072,15,5,10.0,0,1,-1.0,0,1,-1.0
corrected_vs_model_based,116452,0.2,2026.0,0,0,0.0,1.21791432,0.98409682,0.2338175,15,0,15.0,0,0,0.0,0,0,0.0
corrected_vs_model_based,116452,0.2,2027.0,0,0,0.0,0.99234711,0.98409682,0.00825029,15,0,15.0,0,0,0.0,0,0,0.0
corrected_vs_model_based,116452,0.2,2028.0,0,0,0.0,1.43019351,0.98409682,0.44609669,15,0,15.0,0,0,0.0,0,0,0.0
corrected_vs_model_based,116452,0.3,2026.0,0,0,0.0,0.90638468,0.98409682,-0.07771214,15,0,15.0,0,0,0.0,0,0,0.0
corrected_vs_model_based,116452,0.3,2027.0,1,0,1.0,0.73929817,0.98409682,-0.24479865,15,0,15.0,0,0,0.0,0,0,0.0
corrected_vs_model_based,116452,0.3,2028.0,0,0,0.0,1.88344877,0.98409682,0.89935195,12,0,12.0,0,0,0.0,0,0,0.0
corrected_vs_model_based,116991,0.2,2026.0,1,1,0.0,0.00034358,0.6594242,-0.65908062,3,2,1.0,0,0,0.0,0,0,0.0
corrected_vs_model_based,116991,0.2,2027.0,0,1,-1.0,1.82527834,0.56311091,1.26216743,3,10,-7.0,0,1,-1.0,0,0,0.0
corrected_vs_model_based,116991,0.2,2028.0,1,1,0.0,0.0049747,0.00300227,0.00197243,2,5,-3.0,0,0,0.0,0,0,0.0
corrected_vs_model_based,116991,0.3,2026.0,1,1,0.0,0.0049747,0.0029091,0.0020656,2,3,-1.0,0,0,0.0,0,0,0.0
corrected_vs_model_based,116991,0.3,2027.0,1,0,1.0,0.00859624,1.68732578,-1.67872954,2,2,0.0,0,0,0.0,0,0,0.0
corrected_vs_model_based,116991,0.3,2028.0,1,1,0.0,4.83e-05,0.0029091,-0.0028608,7,3,4.0,0,0,0.0,0,0,0.0
corrected_vs_model_based,117339,0.2,2026.0,1,1,0.0,0.0050979,0.00625519,-0.00115729,9,11,-2.0,1,1,0.0,0,0,0.0
corrected_vs_model_based,117339,0.2,2027.0,1,1,0.0,0.00265419,0.02419564,-0.02154145,5,6,-1.0,0,0,0.0,0,0,0.0
corrected_vs_model_based,117339,0.2,2028.0,0,0,0.0,1.73161775,0.89663361,0.83498414,15,15,0.0,0,0,0.0,0,0,0.0
corrected_vs_model_based,117339,0.3,2026.0,1,1,0.0,0.01817341,0.0343941,-0.01622069,10,8,2.0,1,1,0.0,0,0,0.0
corrected_vs_model_based,117339,0.3,2027.0,1,1,0.0,0.00046782,0.03573695,-0.03526913,6,9,-3.0,0,1,-1.0,0,0,0.0
corrected_vs_model_based,117339,0.3,2028.0,1,0,1.0,0.0021225,1.70444294,-1.70232044,6,2,4.0,0,0,0.0,0,0,0.0
corrected_vs_model_based,117692,0.2,2026.0,0,0,0.0,0.93317788,0.97857872,-0.04540084,15,0,15.0,0,0,0.0,0,0,0.0
corrected_vs_model_based,117692,0.2,2027.0,1,0,1.0,0.01063339,0.97857872,-0.96794533,12,0,12.0,0,0,0.0,0,0,0.0
corrected_vs_model_based,117692,0.2,2028.0,1,0,1.0,0.00022651,0.97857872,-0.97835221,11,0,11.0,0,0,0.0,0,0,0.0
corrected_vs_model_based,117692,0.3,2026.0,0,0,0.0,1.95582432,0.97857872,0.9772456,8,0,8.0,0,0,0.0,0,0,0.0
corrected_vs_model_based,117692,0.3,2027.0,0,0,0.0,0.96661204,0.97857872,-0.01196668,15,0,15.0,0,0,0.0,0,0,0.0
corrected_vs_model_based,117692,0.3,2028.0,1,0,1.0,0.00161002,0.97857872,-0.9769687,10,0,10.0,0,0,0.0,0,0,0.0
corrected_vs_model_based,118067,0.2,2026.0,1,0,1.0,0.00621668,1.57468998,-1.5684733,7,2,5.0,0,0,0.0,0,0,0.0
corrected_vs_model_based,118067,0.2,2027.0,1,1,0.0,0.00028879,0.00765948,-0.00737069,7,5,2.0,0,0,0.0,0,0,0.0
corrected_vs_model_based,118067,0.2,2028.0,1,1,0.0,0.01127781,0.00679236,0.00448545,8,5,3.0,0,0,0.0,0,0,0.0
corrected_vs_model_based,118067,0.3,2026.0,1,1,0.0,0.00537102,0.00757335,-0.00220233,11,6,5.0,0,0,0.0,0,0,0.0
corrected_vs_model_based,118067,0.3,2027.0,0,1,-1.0,1.96274631,0.01838302,1.94436329,5,8,-3.0,0,0,0.0,0,0,0.0
corrected_vs_model_based,118067,0.3,2028.0,1,0,1.0,0.01412563,0.73083003,-0.7167044,15,15,0.0,0,1,-1.0,0,1,-1.0
corrected_vs_model_based,118143,0.2,2026.0,1,0,1.0,0.00010653,0.96307562,-0.96296909,6,0,6.0,0,0,0.0,0,0,0.0
corrected_vs_model_based,118143,0.2,2027.0,0,0,0.0,1.06022188,0.96307562,0.09714626,15,0,15.0,0,0,0.0,0,0,0.0
corrected_vs_model_based,118143,0.2,2028.0,0,0,0.0,1.00104339,0.96307562,0.03796777,15,0,15.0,0,0,0.0,0,0,0.0
corrected_vs_model_based,118143,0.3,2026.0,1,0,1.0,0.01180559,0.96307562,-0.95127003,12,0,12.0,0,0,0.0,0,0,0.0
corrected_vs_model_based,118143,0.3,2027.0,0,0,0.0,1.04297355,0.96307562,0.07989793,15,0,15.0,0,0,0.0,0,0,0.0
corrected_vs_model_based,118143,0.3,2028.0,1,0,1.0,0.00135585,0.96307562,-0.96171977,10,0,10.0,1,0,1.0,0,0,0.0
corrected_vs_model_based,11918,0.2,2026.0,1,1,0.0,0.00746805,0.03082972,-0.02336167,11,12,-1.0,1,1,0.0,0,0,0.0
corrected_vs_model_based,11918,0.2,2027.0,1,1,0.0,0.0009845,0.0009845,0.0,3,3,0.0,0,0,0.0,0,0,0.0
corrected_vs_model_based,11918,0.2,2028.0,1,1,0.0,0.0009845,0.0009845,0.0,3,3,0.0,0,0,0.0,0,0,0.0
corrected_vs_model_based,11918,0.3,2026.0,1,1,0.0,0.0009845,0.0009845,0.0,3,3,0.0,0,0,0.0,0,0,0.0
corrected_vs_model_based,11918,0.3,2027.0,1,1,0.0,0.00113302,0.00113302,0.0,3,3,0.0,0,0,0.0,0,0,0.0
corrected_vs_model_based,11918,0.3,2028.0,1,1,0.0,0.00730066,0.03093048,-0.02362982,5,4,1.0,0,0,0.0,0,0,0.0
corrected_vs_model_based,1195,0.2,2026.0,1,1,0.0,9.518e-05,0.00294091,-0.00284573,3,4,-1.0,0,0,0.0,0,0,0.0
corrected_vs_model_based,1195,0.2,2027.0,1,1,0.0,5.738e-05,0.00328508,-0.0032277,2,5,-3.0,0,0,0.0,0,0,0.0
corrected_vs_model_based,1195,0.2,2028.0,1,1,0.0,5.738e-05,0.00279988,-0.0027425,2,3,-1.0,0,0,0.0,0,0,0.0
corrected_vs_model_based,1195,0.3,2026.0,1,1,0.0,5.738e-05,0.00279988,-0.0027425,2,3,-1.0,0,0,0.0,0,0,0.0
corrected_vs_model_based,1195,0.3,2027.0,1,1,0.0,5.738e-05,0.0082375,-0.00818012,2,3,-1.0,0,0,0.0,0,0,0.0
corrected_vs_model_based,1195,0.3,2028.0,1,1,0.0,0.00132302,0.00279988,-0.00147686,3,3,0.0,0,0,0.0,0,0,0.0
corrected_vs_model_based,119507,0.2,2026.0,1,0,1.0,0.00914077,0.95463402,-0.94549325,4,0,4.0,0,0,0.0,0,0,0.0
corrected_vs_model_based,119507,0.2,2027.0,1,0,1.0,0.00774877,0.95463402,-0.94688525,6,0,6.0,0,0,0.0,0,0,0.0
corrected_vs_model_based,119507,0.2,2028.0,1,0,1.0,0.00068178,0.95463402,-0.95395224,7,0,7.0,0,0,0.0,0,0,0.0
corrected_vs_model_based,119507,0.3,2026.0,1,0,1.0,0.00914077,0.95463402,-0.94549325,4,0,4.0,0,0,0.0,0,0,0.0
corrected_vs_model_based,119507,0.3,2027.0,0,0,0.0,1.19022032,0.95463402,0.2355863,15,0,15.0,0,0,0.0,0,0,0.0
corrected_vs_model_based,119507,0.3,2028.0,1,0,1.0,0.00058704,0.95463402,-0.95404698,14,0,14.0,0,0,0.0,0,0,0.0
corrected_vs_model_based,119896,0.2,2026.0,1,1,0.0,0.00123605,0.01829153,-0.01705548,15,13,2.0,0,1,-1.0,0,1,-1.0
corrected_vs_model_based,119896,0.2,2027.0,1,1,0.0,0.02161311,0.04014869,-0.01853558,9,7,2.0,0,1,-1.0,0,0,0.0
corrected_vs_model_based,119896,0.2,2028.0,1,1,0.0,0.10958172,0.01959224,0.08998948,15,5,10.0,0,0,0.0,0,0,0.0
corrected_vs_model_based,119896,0.3,2026.0,1,1,0.0,0.01841532,0.02861066,-0.01019534,11,6,5.0,0,0,0.0,0,0,0.0
corrected_vs_model_based,119896,0.3,2027.0,1,1,0.0,0.02122381,0.00281009,0.01841372,11,8,3.0,0,0,0.0,0,0,0.0
corrected_vs_model_based,119896,0.3,2028.0,1,1,0.0,0.13731522,0.71408928,-0.57677406,15,15,0.0,1,1,0.0,0,0,0.0
corrected_vs_model_based,12,0.2,2026.0,0,0,0.0,1.84785719,1.00764426,0.84021293,9,0,9.0,0,0,0.0,0,0,0.0
corrected_vs_model_based,12,0.2,2027.0,1,0,1.0,0.00118337,1.00764426,-1.00646089,6,0,6.0,0,0,0.0,0,0,0.0
corrected_vs_model_based,12,0.2,2028.0,1,0,1.0,0.00079525,1.00764426,-1.00684901,6,0,6.0,0,0,0.0,0,0,0.0
corrected_vs_model_based,12,0.3,2026.0,1,0,1.0,0.00076371,1.00764426,-1.00688055,7,0,7.0,0,0,0.0,0,0,0.0
corrected_vs_model_based,12,0.3,2027.0,1,0,1.0,0.00083434,1.00764426,-1.00680992,6,0,6.0,0,0,0.0,0,0,0.0
corrected_vs_model_based,12,0.3,2028.0,1,0,1.0,0.00084675,1.00764426,-1.00679751,6,0,6.0,0,0,0.0,0,0,0.0
corrected_vs_model_based,120617,0.2,2026.0,1,1,0.0,0.02914778,0.55728201,-0.52813423,1,0,1.0,0,0,0.0,0,0,0.0
corrected_vs_model_based,120617,0.2,2027.0,1,1,0.0,0.02914778,0.55728201,-0.52813423,1,0,1.0,0,0,0.0,0,0,0.0
corrected_vs_model_based,120617,0.2,2028.0,1,1,0.0,0.02914778,0.55728201,-0.52813423,1,0,1.0,0,0,0.0,0,0,0.0
corrected_vs_model_based,120617,0.3,2026.0,1,1,0.0,0.06215323,0.55728201,-0.49512878,3,0,3.0,0,0,0.0,0,0,0.0
corrected_vs_model_based,120617,0.3,2027.0,1,1,0.0,0.04521775,0.55728201,-0.51206426,8,0,8.0,1,0,1.0,0,0,0.0
corrected_vs_model_based,120617,0.3,2028.0,1,1,0.0,0.02914778,0.55728201,-0.52813423,1,0,1.0,0,0,0.0,0,0,0.0
corrected_vs_model_based,121089,0.2,2026.0,1,0,1.0,0.02945089,0.80565988,-0.77620899,12,3,9.0,0,0,0.0,0,0,0.0
corrected_vs_model_based,121089,0.2,2027.0,1,0,1.0,0.02260635,0.79155544,-0.76894909,14,2,12.0,1,0,1.0,0,0,0.0
corrected_vs_model_based,121089,0.2,2028.0,1,0,1.0,0.03848282,0.79155544,-0.75307262,9,2,7.0,1,0,1.0,0,0,0.0
corrected_vs_model_based,121089,0.3,2026.0,1,0,1.0,0.83647107,0.84504675,-0.00857568,15,10,5.0,0,1,-1.0,0,1,-1.0
corrected_vs_model_based,121089,0.3,2027.0,1,0,1.0,0.06139059,0.80374705,-0.74235646,15,2,13.0,0,0,0.0,0,0,0.0
corrected_vs_model_based,121089,0.3,2028.0,1,0,1.0,0.40932722,0.80097627,-0.39164905,15,2,13.0,0,0,0.0,0,0,0.0
corrected_vs_model_based,121262,0.2,2026.0,1,1,0.0,0.0069443,0.02671603,-0.01977173,3,5,-2.0,0,0,0.0,0,0,0.0
corrected_vs_model_based,121262,0.2,2027.0,1,1,0.0,0.0069443,0.00164583,0.00529847,3,2,1.0,0,0,0.0,0,0,0.0
corrected_vs_model_based,121262,0.2,2028.0,1,1,0.0,0.0069443,0.00164583,0.00529847,3,2,1.0,0,0,0.0,0,0,0.0
corrected_vs_model_based,121262,0.3,2026.0,1,1,0.0,0.0069443,0.00693034,1.396e-05,3,9,-6.0,0,1,-1.0,0,0,0.0
corrected_vs_model_based,121262,0.3,2027.0,1,1,0.0,0.00983361,0.00730211,0.0025315,3,6,-3.0,0,0,0.0,0,0,0.0
corrected_vs_model_based,121262,0.3,2028.0,1,1,0.0,0.00902116,0.00064445,0.00837671,1,3,-2.0,0,0,0.0,0,0,0.0
corrected_vs_model_based,121307,0.2,2026.0,1,1,0.0,0.00105651,0.88697711,-0.8859206,3,0,3.0,0,0,0.0,0,0,0.0
corrected_vs_model_based,121307,0.2,2027.0,1,1,0.0,0.00105651,0.88697711,-0.8859206,3,0,3.0,0,0,0.0,0,0,0.0
corrected_vs_model_based,121307,0.2,2028.0,1,1,0.0,0.00205222,0.88697711,-0.88492489,2,0,2.0,0,0,0.0,0,0,0.0
corrected_vs_model_based,121307,0.3,2026.0,1,1,0.0,0.00112325,0.88697711,-0.88585386,4,0,4.0,0,0,0.0,0,0,0.0
corrected_vs_model_based,121307,0.3,2027.0,1,1,0.0,0.00229061,0.88697711,-0.8846865,4,0,4.0,0,0,0.0,0,0,0.0
corrected_vs_model_based,121307,0.3,2028.0,1,1,0.0,5.863e-05,0.88697711,-0.88691848,5,0,5.0,0,0,0.0,0,0,0.0
corrected_vs_model_based,121385,0.2,2026.0,0,0,0.0,1.74025164,0.99959195,0.74065969,10,0,10.0,0,0,0.0,0,0,0.0
corrected_vs_model_based,121385,0.2,2027.0,0,0,0.0,1.96952406,0.99959195,0.96993211,14,0,14.0,1,0,1.0,0,0,0.0
corrected_vs_model_based,121385,0.2,2028.0,1,0,1.0,0.02414201,0.99959195,-0.97544994,15,0,15.0,1,0,1.0,0,0,0.0
corrected_vs_model_based,121385,0.3,2026.0,1,0,1.0,0.78424102,0.99959195,-0.21535093,15,0,15.0,0,0,0.0,0,0,0.0
corrected_vs_model_based,121385,0.3,2027.0,0,0,0.0,1.44600258,0.99959195,0.44641063,15,0,15.0,0,0,0.0,0,0,0.0
corrected_vs_model_based,121385,0.3,2028.0,0,0,0.0,0.97831135,0.99959195,-0.0212806,15,0,15.0,0,0,0.0,0,0,0.0
corrected_vs_model_based,12181,0.2,2026.0,0,0,0.0,1.91431999,0.98971732,0.92460267,11,0,11.0,0,0,0.0,0,0,0.0
corrected_vs_model_based,12181,0.2,2027.0,1,0,1.0,0.0272284,0.98971732,-0.96248892,15,0,15.0,0,0,0.0,0,0,0.0
corrected_vs_model_based,12181,0.2,2028.0,1,0,1.0,2.473e-05,0.98971732,-0.98969259,14,0,14.0,0,0,0.0,0,0,0.0
corrected_vs_model_based,12181,0.3,2026.0,1,0,1.0,0.04995189,0.98971732,-0.93976543,15,0,15.0,0,0,0.0,0,0,0.0
corrected_vs_model_based,12181,0.3,2027.0,1,0,1.0,0.00644825,0.98971732,-0.98326907,11,0,11.0,0,0,0.0,0,0,0.0
corrected_vs_model_based,12181,0.3,2028.0,1,0,1.0,0.00494086,0.98971732,-0.98477646,11,0,11.0,0,0,0.0,0,0,0.0
corrected_vs_model_based,122570,0.2,2026.0,0,0,0.0,1.1414427,0.86670401,0.27473869,15,1,14.0,0,0,0.0,0,0,0.0
corrected_vs_model_based,122570,0.2,2027.0,0,0,0.0,0.93814858,0.86670401,0.07144457,15,1,14.0,0,0,0.0,0,0,0.0
corrected_vs_model_based,122570,0.2,2028.0,0,0,0.0,1.90989662,0.94198592,0.9679107,8,1,7.0,0,0,0.0,0,0,0.0
corrected_vs_model_based,122570,0.3,2026.0,1,0,1.0,0.01226421,0.86670401,-0.8544398,8,1,7.0,1,0,1.0,1,0,1.0
corrected_vs_model_based,122570,0.3,2027.0,0,0,0.0,1.34959645,0.86670401,0.48289244,15,1,14.0,0,0,0.0,0,0,0.0
corrected_vs_model_based,122570,0.3,2028.0,0,0,0.0,0.99865041,0.94198592,0.05666449,15,1,14.0,0,0,0.0,0,0,0.0
corrected_vs_model_based,122931,0.2,2026.0,1,0,1.0,0.05584783,0.97694055,-0.92109272,15,0,15.0,1,0,1.0,0,0,0.0
corrected_vs_model_based,122931,0.2,2027.0,1,0,1.0,0.00162505,0.97694055,-0.9753155,15,0,15.0,0,0,0.0,0,0,0.0
corrected_vs_model_based,122931,0.2,2028.0,0,0,0.0,0.97486369,0.97694055,-0.00207686,15,0,15.0,0,0,0.0,0,0,0.0
corrected_vs_model_based,122931,0.3,2026.0,0,0,0.0,1.09592833,0.97694055,0.11898778,15,0,15.0,0,0,0.0,0,0,0.0
corrected_vs_model_based,122931,0.3,2027.0,1,0,1.0,0.63125868,0.97694055,-0.34568187,15,0,15.0,0,0,0.0,0,0,0.0
corrected_vs_model_based,122931,0.3,2028.0,0,0,0.0,0.94491592,0.97694055,-0.03202463,15,0,15.0,0,0,0.0,0,0,0.0
corrected_vs_model_based,123544,0.2,2026.0,1,1,0.0,0.00773566,0.01819621,-0.01046055,13,3,10.0,0,0,0.0,0,0,0.0
corrected_vs_model_based,123544,0.2,2027.0,1,1,0.0,0.03106747,0.01819621,0.01287126,10,3,7.0,1,0,1.0,0,0,0.0
corrected_vs_model_based,123544,0.2,2028.0,1,1,0.0,0.00208522,0.01819621,-0.01611099,9,3,6.0,0,0,0.0,0,0,0.0
corrected_vs_model_based,123544,0.3,2026.0,1,1,0.0,0.00313447,0.01724527,-0.0141108,8,4,4.0,0,0,0.0,0,0,0.0
corrected_vs_model_based,123544,0.3,2027.0,1,1,0.0,0.00859761,0.01819621,-0.0095986,6,3,3.0,0,0,0.0,0,0,0.0
corrected_vs_model_based,123544,0.3,2028.0,0,0,0.0,1.92877693,1.18282808,0.74594885,7,15,-8.0,0,1,-1.0,0,1,-1.0
corrected_vs_model_based,12377,0.2,2026.0,1,1,0.0,0.0017767,4.251e-05,0.00173419,4,4,0.0,0,0,0.0,0,0,0.0
corrected_vs_model_based,12377,0.2,2027.0,1,1,0.0,0.00010413,0.00241124,-0.00230711,4,4,0.0,0,0,0.0,0,0,0.0
corrected_vs_model_based,12377,0.2,2028.0,1,1,0.0,0.00010413,4.251e-05,6.162e-05,4,4,0.0,0,0,0.0,0,0,0.0
corrected_vs_model_based,12377,0.3,2026.0,1,1,0.0,0.0001042,4.251e-05,6.169e-05,5,4,1.0,0,0,0.0,0,0,0.0
corrected_vs_model_based,12377,0.3,2027.0,1,0,1.0,7.193e-05,1.02195344,-1.02188151,9,1,8.0,1,0,1.0,0,0,0.0
corrected_vs_model_based,12377,0.3,2028.0,1,0,1.0,0.00177324,1.8883183,-1.88654506,4,2,2.0,0,0,0.0,0,0,0.0
corrected_vs_model_based,123781,0.2,2026.0,1,1,0.0,0.01568953,0.01959224,-0.00390271,9,5,4.0,0,0,0.0,0,0,0.0
corrected_vs_model_based,123781,0.2,2027.0,1,1,0.0,0.01568953,0.01959224,-0.00390271,9,5,4.0,0,0,0.0,0,0,0.0
corrected_vs_model_based,123781,0.2,2028.0,1,1,0.0,0.01243013,0.01959224,-0.00716211,9,5,4.0,0,0,0.0,0,0,0.0
corrected_vs_model_based,123781,0.3,2026.0,0,0,0.0,1.97502522,1.57295687,0.40206835,6,2,4.0,0,0,0.0,0,0,0.0
corrected_vs_model_based,123781,0.3,2027.0,1,1,0.0,0.75585728,0.76142001,-0.00556273,15,5,10.0,0,0,0.0,0,0,0.0
corrected_vs_model_based,123781,0.3,2028.0,0,1,-1.0,0.90887824,0.00831357,0.90056467,15,5,10.0,0,1,-1.0,0,0,0.0
corrected_vs_model_based,123939,0.2,2026.0,1,1,0.0,0.02186933,0.59461411,-0.57274478,2,0,2.0,0,0,0.0,0,0,0.0
corrected_vs_model_based,123939,0.2,2027.0,1,1,0.0,0.01853659,0.59461411,-0.57607752,1,0,1.0,0,0,0.0,0,0,0.0
corrected_vs_model_based,123939,0.2,2028.0,1,1,0.0,0.02186933,0.59461411,-0.57274478,2,0,2.0,0,0,0.0,0,0,0.0
corrected_vs_model_based,123939,0.3,2026.0,1,1,0.0,0.01853659,0.59461411,-0.57607752,1,0,1.0,0,0,0.0,0,0,0.0
corrected_vs_model_based,123939,0.3,2027.0,1,1,0.0,0.02186933,0.59461411,-0.57274478,2,0,2.0,0,0,0.0,0,0,0.0
corrected_vs_model_based,123939,0.3,2028.0,1,1,0.0,0.01853659,0.59461411,-0.57607752,1,0,1.0,0,0,0.0,0,0,0.0
corrected_vs_model_based,125147,0.2,2026.0,1,0,1.0,0.00811615,1.02259569,-1.01447954,15,0,15.0,0,0,0.0,0,0,0.0
corrected_vs_model_based,125147,0.2,2027.0,1,0,1.0,0.0079426,1.02259569,-1.01465309,13,0,13.0,0,0,0.0,0,0,0.0
corrected_vs_model_based,125147,0.2,2028.0,1,0,1.0,0.00072652,1.02259569,-1.02186917,11,0,11.0,0,0,0.0,0,0,0.0
corrected_vs_model_based,125147,0.3,2026.0,1,0,1.0,0.0056119,1.02259569,-1.01698379,11,0,11.0,0,0,0.0,0,0,0.0
corrected_vs_model_based,125147,0.3,2027.0,0,0,0.0,1.50920509,1.02259569,0.4866094,15,0,15.0,0,0,0.0,0,0,0.0
corrected_vs_model_based,125147,0.3,2028.0,1,0,1.0,0.0056119,1.02259569,-1.01698379,12,0,12.0,1,0,1.0,0,0,0.0
corrected_vs_model_based,12568,0.2,2026.0,1,1,0.0,0.00810963,0.04876711,-0.04065748,10,5,5.0,0,0,0.0,0,0,0.0
corrected_vs_model_based,12568,0.2,2027.0,1,1,0.0,0.07484476,0.06809546,0.0067493,5,4,1.0,0,0,0.0,0,0,0.0
corrected_vs_model_based,12568,0.2,2028.0,1,1,0.0,0.07484476,0.06809546,0.0067493,5,4,1.0,0,0,0.0,0,0,0.0
corrected_vs_model_based,12568,0.3,2026.0,0,1,-1.0,1.21882195,0.63570101,0.58312094,15,3,12.0,0,0,0.0,0,0,0.0
corrected_vs_model_based,12568,0.3,2027.0,1,1,0.0,0.04119806,0.01187937,0.02931869,14,7,7.0,0,0,0.0,0,0,0.0
corrected_vs_model_based,12568,0.3,2028.0,1,1,0.0,0.07484476,0.06809546,0.0067493,5,4,1.0,0,0,0.0,0,0,0.0
corrected_vs_model_based,125795,0.2,2026.0,1,0,1.0,0.16684727,0.98580643,-0.81895916,15,0,15.0,0,0,0.0,0,0,0.0
corrected_vs_model_based,125795,0.2,2027.0,0,0,0.0,1.8560964,0.98580643,0.87028997,7,0,7.0,0,0,0.0,0,0,0.0
corrected_vs_model_based,125795,0.2,2028.0,0,0,0.0,1.771102,0.98580643,0.78529557,8,0,8.0,0,0,0.0,0,0,0.0
corrected_vs_model_based,125795,0.3,2026.0,1,0,1.0,0.14559278,0.98580643,-0.84021365,15,0,15.0,0,0,0.0,0,0,0.0
corrected_vs_model_based,125795,0.3,2027.0,0,0,0.0,1.03646862,0.98580643,0.05066219,15,0,15.0,0,0,0.0,0,0,0.0
corrected_vs_model_based,125795,0.3,2028.0,1,0,1.0,0.37027826,0.98580643,-0.61552817,15,0,15.0,0,0,0.0,0,0,0.0
corrected_vs_model_based,127331,0.2,2026.0,1,0,1.0,0.00015887,1.02307431,-1.02291544,11,0,11.0,0,0,0.0,0,0,0.0
corrected_vs_model_based,127331,0.2,2027.0,0,0,0.0,1.00553778,1.02307431,-0.01753653,15,0,15.0,0,0,0.0,0,0,0.0
corrected_vs_model_based,127331,0.2,2028.0,1,0,1.0,0.00309986,1.02307431,-1.01997445,13,0,13.0,0,0,0.0,0,0,0.0
corrected_vs_model_based,127331,0.3,2026.0,0,0,0.0,0.95196465,1.02307431,-0.07110966,15,0,15.0,0,0,0.0,0,0,0.0
corrected_vs_model_based,127331,0.3,2027.0,0,0,0.0,0.95932484,1.02307431,-0.06374947,15,0,15.0,0,0,0.0,0,0,0.0
corrected_vs_model_based,127331,0.3,2028.0,0,0,0.0,1.01660066,1.02307431,-0.00647365,15,0,15.0,1,0,1.0,1,0,1.0
corrected_vs_model_based,127360,0.2,2026.0,1,0,1.0,0.02648736,0.98580643,-0.95931907,12,0,12.0,1,0,1.0,0,0,0.0
corrected_vs_model_based,127360,0.2,2027.0,0,0,0.0,1.84911114,0.98580643,0.86330471,4,0,4.0,0,0,0.0,0,0,0.0
corrected_vs_model_based,127360,0.2,2028.0,1,0,1.0,0.03792336,0.98580643,-0.94788307,10,0,10.0,0,0,0.0,0,0,0.0
corrected_vs_model_based,127360,0.3,2026.0,0,0,0.0,0.9196956,0.98580643,-0.06611083,15,0,15.0,1,0,1.0,1,0,1.0
corrected_vs_model_based,127360,0.3,2027.0,0,0,0.0,1.05925773,0.98580643,0.0734513,15,0,15.0,0,0,0.0,0,0,0.0
corrected_vs_model_based,127360,0.3,2028.0,1,0,1.0,0.20741752,0.98580643,-0.77838891,15,0,15.0,0,0,0.0,0,0,0.0
corrected_vs_model_based,128863,0.2,2026.0,1,0,1.0,0.00751437,0.75893848,-0.75142411,15,2,13.0,0,0,0.0,0,0,0.0
corrected_vs_model_based,128863,0.2,2027.0,1,0,1.0,0.10210833,0.75893848,-0.65683015,15,2,13.0,1,0,1.0,1,0,1.0
corrected_vs_model_based,128863,0.2,2028.0,1,0,1.0,0.00624961,0.75893848,-0.75268887,15,2,13.0,0,0,0.0,0,0,0.0
corrected_vs_model_based,128863,0.3,2026.0,0,0,0.0,0.76209813,1.2094264,-0.44732827,15,15,0.0,1,1,0.0,1,1,0.0
corrected_vs_model_based,128863,0.3,2027.0,0,0,0.0,1.19809984,0.75893848,0.43916136,15,2,13.0,0,0,0.0,0,0,0.0
corrected_vs_model_based,128863,0.3,2028.0,0,0,0.0,0.9090456,1.84973865,-0.94069305,15,3,12.0,0,0,0.0,0,0,0.0
corrected_vs_model_based,130463,0.2,2026.0,1,0,1.0,0.00456193,0.9648603,-0.96029837,13,0,13.0,0,0,0.0,0,0,0.0
corrected_vs_model_based,130463,0.2,2027.0,0,0,0.0,1.8639625,0.9648603,0.8991022,9,0,9.0,1,0,1.0,1,0,1.0
corrected_vs_model_based,130463,0.2,2028.0,1,0,1.0,0.00239556,0.9648603,-0.96246474,6,0,6.0,0,0,0.0,0,0,0.0
corrected_vs_model_based,130463,0.3,2026.0,0,0,0.0,1.05332226,0.9648603,0.08846196,15,0,15.0,0,0,0.0,0,0,0.0
corrected_vs_model_based,130463,0.3,2027.0,1,0,1.0,0.00239556,0.9648603,-0.96246474,6,0,6.0,0,0,0.0,0,0,0.0
corrected_vs_model_based,130463,0.3,2028.0,1,0,1.0,0.00015062,0.9648603,-0.96470968,11,0,11.0,0,0,0.0,0,0,0.0
corrected_vs_model_based,130883,0.2,2026.0,0,0,0.0,0.91243986,0.98224899,-0.06980913,15,1,14.0,0,0,0.0,0,0,0.0
corrected_vs_model_based,130883,0.2,2027.0,1,1,0.0,0.0003729,0.01291369,-0.01254079,15,10,5.0,0,1,-1.0,0,1,-1.0
corrected_vs_model_based,130883,0.2,2028.0,0,0,0.0,1.03713284,0.9227992,0.11433364,15,15,0.0,1,1,0.0,1,1,0.0
corrected_vs_model_based,130883,0.3,2026.0,1,1,0.0,0.00055212,0.00646984,-0.00591772,10,8,2.0,0,1,-1.0,0,1,-1.0
corrected_vs_model_based,130883,0.3,2027.0,1,1,0.0,0.00047951,0.00547661,-0.0049971,8,6,2.0,0,1,-1.0,0,1,-1.0
corrected_vs_model_based,130883,0.3,2028.0,0,0,0.0,1.79616677,0.98224899,0.81391778,3,1,2.0,0,0,0.0,0,0,0.0
corrected_vs_model_based,131225,0.2,2026.0,1,1,0.0,0.01297555,0.00460627,0.00836928,1,4,-3.0,0,0,0.0,0,0,0.0
corrected_vs_model_based,131225,0.2,2027.0,0,1,-1.0,1.01089834,0.71251417,0.29838417,15,3,12.0,0,1,-1.0,0,1,-1.0
corrected_vs_model_based,131225,0.2,2028.0,1,1,0.0,0.0014897,0.6915278,-0.6900381,8,4,4.0,0,1,-1.0,0,1,-1.0
corrected_vs_model_based,131225,0.3,2026.0,1,1,0.0,0.00088228,0.6915278,-0.69064552,10,4,6.0,0,1,-1.0,0,1,-1.0
corrected_vs_model_based,131225,0.3,2027.0,0,1,-1.0,1.08423959,0.6915278,0.39271179,15,4,11.0,1,1,0.0,1,1,0.0
corrected_vs_model_based,131225,0.3,2028.0,1,1,0.0,0.00097736,0.71251417,-0.71153681,12,3,9.0,0,1,-1.0,0,1,-1.0
corrected_vs_model_based,131349,0.2,2026.0,0,0,0.0,0.80305257,0.984682,-0.18162943,15,0,15.0,0,0,0.0,0,0,0.0
corrected_vs_model_based,131349,0.2,2027.0,0,0,0.0,1.86061762,0.984682,0.87593562,8,0,8.0,0,0,0.0,0,0,0.0
corrected_vs_model_based,131349,0.2,2028.0,0,0,0.0,0.65718506,0.984682,-0.32749694,15,0,15.0,0,0,0.0,0,0,0.0
corrected_vs_model_based,131349,0.3,2026.0,0,0,0.0,0.80264464,0.984682,-0.18203736,15,0,15.0,0,0,0.0,0,0,0.0
corrected_vs_model_based,131349,0.3,2027.0,0,0,0.0,0.80110602,0.984682,-0.18357598,15,0,15.0,0,0,0.0,0,0,0.0
corrected_vs_model_based,131349,0.3,2028.0,0,0,0.0,1.96191179,0.984682,0.97722979,7,0,7.0,0,0,0.0,0,0,0.0
corrected_vs_model_based,132277,0.2,2026.0,1,1,0.0,0.00982864,0.02728937,-0.01746073,11,12,-1.0,0,1,-1.0,0,1,-1.0
corrected_vs_model_based,132277,0.2,2027.0,0,1,-1.0,0.75457015,0.80476506,-0.05019491,15,1,14.0,1,0,1.0,1,0,1.0
corrected_vs_model_based,132277,0.2,2028.0,0,0,0.0,1.56743818,1.66787946,-0.10044128,7,9,-2.0,0,1,-1.0,0,1,-1.0
corrected_vs_model_based,132277,0.3,2026.0,0,1,-1.0,1.91301864,0.046837,1.86618164,13,9,4.0,0,1,-1.0,0,0,0.0
corrected_vs_model_based,132277,0.3,2027.0,0,0,0.0,1.56743818,1.59609744,-0.02865926,7,8,-1.0,0,0,0.0,0,0,0.0
corrected_vs_model_based,132277,0.3,2028.0,1,0,1.0,0.54455008,0.90414479,-0.35959471,15,12,3.0,0,0,0.0,0,0,0.0
corrected_vs_model_based,13229,0.2,2026.0,0,1,-1.0,1.01630567,0.57973604,0.43656963,15,15,0.0,0,1,-1.0,0,1,-1.0
corrected_vs_model_based,13229,0.2,2027.0,1,1,0.0,0.00776159,0.00089223,0.00686936,15,12,3.0,0,1,-1.0,0,1,-1.0
corrected_vs_model_based,13229,0.2,2028.0,1,0,1.0,0.51466067,0.96465247,-0.4499918,15,1,14.0,0,0,0.0,0,0,0.0
corrected_vs_model_based,13229,0.3,2026.0,1,1,0.0,0.00075333,0.01292375,-0.01217042,11,9,2.0,0,1,-1.0,0,1,-1.0
corrected_vs_model_based,13229,0.3,2027.0,0,0,0.0,1.05942344,1.80078426,-0.74136082,15,10,5.0,0,0,0.0,0,0,0.0
corrected_vs_model_based,13229,0.3,2028.0,1,0,1.0,0.00102507,0.96465247,-0.9636274,10,1,9.0,0,0,0.0,0,0,0.0
corrected_vs_model_based,13849,0.2,2026.0,1,1,0.0,0.00070501,0.00945492,-0.00874991,6,3,3.0,0,0,0.0,0,0,0.0
corrected_vs_model_based,13849,0.2,2027.0,1,1,0.0,0.00049251,0.00034355,0.00014896,4,6,-2.0,0,0,0.0,0,0,0.0
corrected_vs_model_based,13849,0.2,2028.0,1,1,0.0,0.00057452,0.0004559,0.00011862,2,4,-2.0,0,0,0.0,0,0,0.0
corrected_vs_model_based,13849,0.3,2026.0,1,1,0.0,0.00057452,0.00945492,-0.0088804,2,3,-1.0,0,0,0.0,0,0,0.0
corrected_vs_model_based,13849,0.3,2027.0,1,1,0.0,0.00069116,0.00450317,-0.00381201,4,7,-3.0,0,0,0.0,0,0,0.0
corrected_vs_model_based,13849,0.3,2028.0,1,1,0.0,0.00057452,0.00945492,-0.0088804,2,3,-1.0,0,0,0.0,0,0,0.0
corrected_vs_model_based,14061,0.2,2026.0,1,1,0.0,0.00057511,0.01648576,-0.01591065,5,8,-3.0,0,0,0.0,0,0,0.0
corrected_vs_model_based,14061,0.2,2027.0,1,0,1.0,0.00071958,1.05597438,-1.0552548,8,5,3.0,1,0,1.0,0,0,0.0
corrected_vs_model_based,14061,0.2,2028.0,1,0,1.0,0.00104586,0.97609037,-0.97504451,6,5,1.0,0,1,-1.0,0,1,-1.0
corrected_vs_model_based,14061,0.3,2026.0,0,1,-1.0,1.94531032,0.00068145,1.94462887,8,9,-1.0,1,0,1.0,1,0,1.0
corrected_vs_model_based,14061,0.3,2027.0,1,0,1.0,0.00041813,1.61866284,-1.61824471,5,5,0.0,0,0,0.0,0,0,0.0
corrected_vs_model_based,14061,0.3,2028.0,1,0,1.0,0.00030235,1.6693783,-1.66907595,7,5,2.0,0,0,0.0,0,0,0.0
corrected_vs_model_based,15856,0.2,2026.0,1,1,0.0,0.00064164,0.01579696,-0.01515532,7,2,5.0,0,0,0.0,0,0,0.0
corrected_vs_model_based,15856,0.2,2027.0,1,1,0.0,0.00064164,0.01579696,-0.01515532,7,2,5.0,0,0,0.0,0,0,0.0
corrected_vs_model_based,15856,0.2,2028.0,1,1,0.0,0.00011546,0.01579696,-0.0156815,7,2,5.0,0,0,0.0,0,0,0.0
corrected_vs_model_based,15856,0.3,2026.0,1,1,0.0,0.00010388,0.01579696,-0.01569308,7,2,5.0,0,0,0.0,0,0,0.0
corrected_vs_model_based,15856,0.3,2027.0,1,0,1.0,0.00018968,0.75282294,-0.75263326,5,1,4.0,0,0,0.0,0,0,0.0
corrected_vs_model_based,15856,0.3,2028.0,1,1,0.0,0.00149283,0.0099927,-0.00849987,6,4,2.0,0,0,0.0,0,0,0.0
corrected_vs_model_based,16418,0.2,2026.0,1,1,0.0,0.02062172,0.75654923,-0.73592751,10,0,10.0,0,0,0.0,0,0,0.0
corrected_vs_model_based,16418,0.2,2027.0,1,1,0.0,0.0047234,0.75654923,-0.75182583,11,0,11.0,0,0,0.0,0,0,0.0
corrected_vs_model_based,16418,0.2,2028.0,1,1,0.0,0.04505873,0.75654923,-0.7114905,12,0,12.0,1,0,1.0,0,0,0.0
corrected_vs_model_based,16418,0.3,2026.0,1,1,0.0,0.00890294,0.75654923,-0.74764629,12,0,12.0,0,0,0.0,0,0,0.0
corrected_vs_model_based,16418,0.3,2027.0,1,1,0.0,0.00066889,0.75654923,-0.75588034,11,0,11.0,0,0,0.0,0,0,0.0
corrected_vs_model_based,16418,0.3,2028.0,1,1,0.0,0.00138024,0.75654923,-0.75516899,12,0,12.0,0,0,0.0,0,0,0.0
corrected_vs_model_based,1651,0.2,2026.0,1,0,1.0,0.0118262,1.61539973,-1.60357353,6,2,4.0,1,0,1.0,0,0,0.0
corrected_vs_model_based,1651,0.2,2027.0,1,1,0.0,0.20144846,0.69202673,-0.49057827,15,5,10.0,0,0,0.0,0,0,0.0
corrected_vs_model_based,1651,0.2,2028.0,1,1,0.0,0.01325455,0.00303702,0.01021753,7,9,-2.0,1,1,0.0,0,1,-1.0
corrected_vs_model_based,1651,0.3,2026.0,1,1,0.0,0.90294875,0.57401766,0.32893109,15,3,12.0,0,0,0.0,0,0,0.0
corrected_vs_model_based,1651,0.3,2027.0,1,1,0.0,0.01689809,0.55802111,-0.54112302,3,2,1.0,0,0,0.0,0,0,0.0
corrected_vs_model_based,1651,0.3,2028.0,1,1,0.0,0.01689809,0.55802111,-0.54112302,3,2,1.0,0,0,0.0,0,0,0.0
corrected_vs_model_based,17404,0.2,2026.0,1,1,0.0,0.02427328,0.01273086,0.01154242,3,8,-5.0,0,0,0.0,0,0,0.0
corrected_vs_model_based,17404,0.2,2027.0,1,0,1.0,0.02153556,1.71097536,-1.6894398,3,5,-2.0,0,0,0.0,0,0,0.0
corrected_vs_model_based,17404,0.2,2028.0,1,1,0.0,0.01514424,0.0115753,0.00356894,2,5,-3.0,0,0,0.0,0,0,0.0
corrected_vs_model_based,17404,0.3,2026.0,1,0,1.0,0.00216557,0.93694176,-0.93477619,12,6,6.0,1,0,1.0,0,0,0.0
corrected_vs_model_based,17404,0.3,2027.0,1,1,0.0,0.01514424,0.0115753,0.00356894,2,5,-3.0,0,0,0.0,0,0,0.0
corrected_vs_model_based,17404,0.3,2028.0,1,0,1.0,0.01514424,0.94466002,-0.92951578,2,4,-2.0,0,1,-1.0,0,1,-1.0
corrected_vs_model_based,19706,0.2,2026.0,1,0,1.0,0.00314648,0.97027672,-0.96713024,5,0,5.0,0,0,0.0,0,0,0.0
corrected_vs_model_based,19706,0.2,2027.0,1,0,1.0,0.00049273,0.97027672,-0.96978399,13,0,13.0,0,0,0.0,0,0,0.0
corrected_vs_model_based,19706,0.2,2028.0,1,0,1.0,0.00070452,0.97027672,-0.9695722,7,0,7.0,0,0,0.0,0,0,0.0
corrected_vs_model_based,19706,0.3,2026.0,1,0,1.0,0.00314876,0.97027672,-0.96712796,11,0,11.0,0,0,0.0,0,0,0.0
corrected_vs_model_based,19706,0.3,2027.0,1,0,1.0,0.00314648,0.97027672,-0.96713024,5,0,5.0,0,0,0.0,0,0,0.0
corrected_vs_model_based,19706,0.3,2028.0,0,0,0.0,0.59225056,0.97027672,-0.37802616,15,0,15.0,0,0,0.0,0,0,0.0
corrected_vs_model_based,20485,0.2,2026.0,1,0,1.0,0.05021262,0.98403415,-0.93382153,15,0,15.0,0,0,0.0,0,0,0.0
corrected_vs_model_based,20485,0.2,2027.0,1,0,1.0,0.00271204,0.98403415,-0.98132211,11,0,11.0,0,0,0.0,0,0,0.0
corrected_vs_model_based,20485,0.2,2028.0,0,0,0.0,1.28623644,0.98403415,0.30220229,15,0,15.0,0,0,0.0,0,0,0.0
corrected_vs_model_based,20485,0.3,2026.0,1,0,1.0,0.77009848,0.98403415,-0.21393567,15,0,15.0,0,0,0.0,0,0,0.0
corrected_vs_model_based,20485,0.3,2027.0,1,0,1.0,0.01000151,0.98403415,-0.97403264,13,0,13.0,0,0,0.0,0,0,0.0
corrected_vs_model_based,20485,0.3,2028.0,1,0,1.0,0.21963038,0.98403415,-0.76440377,15,0,15.0,0,0,0.0,0,0,0.0
corrected_vs_model_based,20624,0.2,2026.0,1,1,0.0,0.01230917,0.00656691,0.00574226,4,4,0.0,0,0,0.0,0,0,0.0
corrected_vs_model_based,20624,0.2,2027.0,1,1,0.0,0.00526281,0.00526281,0.0,3,3,0.0,0,0,0.0,0,0,0.0
corrected_vs_model_based,20624,0.2,2028.0,1,1,0.0,0.01230917,0.00656691,0.00574226,4,4,0.0,0,0,0.0,0,0,0.0
corrected_vs_model_based,20624,0.3,2026.0,1,1,0.0,0.00125758,0.00033646,0.00092112,4,5,-1.0,0,0,0.0,0,0,0.0
corrected_vs_model_based,20624,0.3,2027.0,1,1,0.0,0.00526281,0.00526281,0.0,3,3,0.0,0,0,0.0,0,0,0.0
corrected_vs_model_based,20624,0.3,2028.0,1,1,0.0,0.00169739,0.00077436,0.00092303,3,4,-1.0,0,0,0.0,0,0,0.0
corrected_vs_model_based,20761,0.2,2026.0,1,0,1.0,0.00124959,1.00074907,-0.99949948,7,1,6.0,0,0,0.0,0,0,0.0
corrected_vs_model_based,20761,0.2,2027.0,0,0,0.0,1.73350003,1.00098477,0.73251526,8,15,-7.0,0,1,-1.0,0,1,-1.0
corrected_vs_model_based,20761,0.2,2028.0,1,1,0.0,0.39382973,0.26796279,0.12586694,15,11,4.0,1,1,0.0,1,1,0.0
corrected_vs_model_based,20761,0.3,2026.0,1,1,0.0,0.39237262,0.26796279,0.12440983,15,11,4.0,1,1,0.0,1,1,0.0
corrected_vs_model_based,20761,0.3,2027.0,0,0,0.0,1.60451454,1.54587774,0.0586368,9,10,-1.0,0,0,0.0,0,0,0.0
corrected_vs_model_based,20761,0.3,2028.0,0,0,0.0,1.16200617,1.86262806,-0.70062189,15,8,7.0,0,0,0.0,0,0,0.0
corrected_vs_model_based,20791,0.2,2026.0,1,1,0.0,0.15641499,0.01012405,0.14629094,15,6,9.0,1,0,1.0,0,0,0.0
corrected_vs_model_based,20791,0.2,2027.0,1,1,0.0,0.00733663,0.00164583,0.0056908,5,2,3.0,0,0,0.0,0,0,0.0
corrected_vs_model_based,20791,0.2,2028.0,1,1,0.0,0.00089737,0.00164583,-0.00074846,7,2,5.0,0,0,0.0,0,0,0.0
corrected_vs_model_based,20791,0.3,2026.0,1,0,1.0,0.00902116,0.9828557,-0.97383454,1,1,0.0,0,0,0.0,0,0,0.0
corrected_vs_model_based,20791,0.3,2027.0,1,1,0.0,0.00037419,0.00164583,-0.00127164,6,2,4.0,0,0,0.0,0,0,0.0
corrected_vs_model_based,20791,0.3,2028.0,1,1,0.0,0.00089737,0.00164583,-0.00074846,7,2,5.0,0,0,0.0,0,0,0.0
corrected_vs_model_based,20855,0.2,2026.0,0,0,0.0,1.90586226,1.89558007,0.01028219,4,3,1.0,0,0,0.0,0,0,0.0
corrected_vs_model_based,20855,0.2,2027.0,1,1,0.0,0.00287048,0.04380545,-0.04093497,5,5,0.0,0,0,0.0,0,0,0.0
corrected_vs_model_based,20855,0.2,2028.0,1,0,1.0,0.00142454,1.81859721,-1.81717267,7,3,4.0,1,0,1.0,1,0,1.0
corrected_vs_model_based,20855,0.3,2026.0,1,1,0.0,0.00275686,0.78099081,-0.77823395,8,4,4.0,0,0,0.0,0,0,0.0
corrected_vs_model_based,20855,0.3,2027.0,1,0,1.0,0.00353501,0.86488991,-0.8613549,6,6,0.0,0,0,0.0,0,0,0.0
corrected_vs_model_based,20855,0.3,2028.0,1,1,0.0,0.0194776,0.00811577,0.01136183,5,6,-1.0,0,0,0.0,0,0,0.0
corrected_vs_model_based,21,0.2,2026.0,1,1,0.0,0.01340021,0.61163525,-0.59823504,13,0,13.0,0,0,0.0,0,0,0.0
corrected_vs_model_based,21,0.2,2027.0,1,1,0.0,0.03524856,0.61163525,-0.57638669,1,0,1.0,0,0,0.0,0,0,0.0
corrected_vs_model_based,21,0.2,2028.0,1,1,0.0,0.08082303,0.61163525,-0.53081222,15,0,15.0,0,0,0.0,0,0,0.0
corrected_vs_model_based,21,0.3,2026.0,1,1,0.0,0.02074077,0.61163525,-0.59089448,15,0,15.0,0,0,0.0,0,0,0.0
corrected_vs_model_based,21,0.3,2027.0,1,1,0.0,0.03845694,0.61163525,-0.57317831,4,0,4.0,0,0,0.0,0,0,0.0
corrected_vs_model_based,21,0.3,2028.0,1,1,0.0,0.19668308,0.61163525,-0.41495217,15,0,15.0,1,0,1.0,0,0,0.0
corrected_vs_model_based,21018,0.2,2026.0,1,0,1.0,0.00913542,0.96763894,-0.95850352,7,0,7.0,0,0,0.0,0,0,0.0
corrected_vs_model_based,21018,0.2,2027.0,1,0,1.0,0.01455778,0.96763894,-0.95308116,15,0,15.0,0,0,0.0,0,0,0.0
corrected_vs_model_based,21018,0.2,2028.0,1,0,1.0,0.00231231,0.96763894,-0.96532663,7,0,7.0,0,0,0.0,0,0,0.0
corrected_vs_model_based,21018,0.3,2026.0,1,0,1.0,0.00913542,0.96763894,-0.95850352,7,0,7.0,0,0,0.0,0,0,0.0
corrected_vs_model_based,21018,0.3,2027.0,1,0,1.0,0.00072181,0.96763894,-0.96691713,15,0,15.0,0,0,0.0,0,0,0.0
corrected_vs_model_based,21018,0.3,2028.0,1,0,1.0,0.00761035,0.96763894,-0.96002859,10,0,10.0,0,0,0.0,0,0,0.0
corrected_vs_model_based,217,0.2,2026.0,1,1,0.0,0.00974915,0.75654748,-0.74679833,4,5,-1.0,0,0,0.0,0,0,0.0
corrected_vs_model_based,217,0.2,2027.0,1,1,0.0,0.00274174,0.67230927,-0.66956753,8,3,5.0,0,0,0.0,0,0,0.0
corrected_vs_model_based,217,0.2,2028.0,1,1,0.0,0.00290223,0.72822534,-0.72532311,5,3,2.0,0,0,0.0,0,0,0.0
corrected_vs_model_based,217,0.3,2026.0,0,0,0.0,1.70261533,1.69353246,0.00908287,6,4,2.0,0,0,0.0,0,0,0.0
corrected_vs_model_based,217,0.3,2027.0,1,1,0.0,0.00379059,0.72822534,-0.72443475,3,3,0.0,0,0,0.0,0,0,0.0
corrected_vs_model_based,217,0.3,2028.0,1,0,1.0,0.00024971,0.99535738,-0.99510767,3,4,-1.0,0,1,-1.0,0,1,-1.0
corrected_vs_model_based,22238,0.2,2026.0,1,0,1.0,0.02595677,0.99425233,-0.96829556,11,0,11.0,0,0,0.0,0,0,0.0
corrected_vs_model_based,22238,0.2,2027.0,0,0,0.0,1.86949728,0.99425233,0.87524495,8,0,8.0,1,0,1.0,1,0,1.0
corrected_vs_model_based,22238,0.2,2028.0,1,0,1.0,0.27666933,0.99425233,-0.717583,15,0,15.0,0,0,0.0,0,0,0.0
corrected_vs_model_based,22238,0.3,2026.0,0,0,0.0,1.90366537,0.99425233,0.90941304,12,0,12.0,0,0,0.0,0,0,0.0
corrected_vs_model_based,22238,0.3,2027.0,1,0,1.0,0.00023404,0.99425233,-0.99401829,14,0,14.0,0,0,0.0,0,0,0.0
corrected_vs_model_based,22238,0.3,2028.0,0,0,0.0,1.88931595,0.99425233,0.89506362,3,0,3.0,0,0,0.0,0,0,0.0
corrected_vs_model_based,22391,0.2,2026.0,1,0,1.0,0.0045091,0.98523997,-0.98073087,8,0,8.0,0,0,0.0,0,0,0.0
corrected_vs_model_based,22391,0.2,2027.0,1,0,1.0,0.00426122,0.98523997,-0.98097875,8,0,8.0,0,0,0.0,0,0,0.0
corrected_vs_model_based,22391,0.2,2028.0,1,0,1.0,0.00286614,0.98523997,-0.98237383,11,0,11.0,1,0,1.0,0,0,0.0
corrected_vs_model_based,22391,0.3,2026.0,1,0,1.0,0.00060552,0.98523997,-0.98463445,8,0,8.0,0,0,0.0,0,0,0.0
corrected_vs_model_based,22391,0.3,2027.0,1,0,1.0,0.00510884,0.98523997,-0.98013113,14,0,14.0,0,0,0.0,0,0,0.0
corrected_vs_model_based,22391,0.3,2028.0,0,0,0.0,1.88211048,0.98523997,0.89687051,5,0,5.0,0,0,0.0,0,0,0.0
corrected_vs_model_based,23837,0.2,2026.0,1,1,0.0,0.00074876,0.01653884,-0.01579008,6,3,3.0,0,0,0.0,0,0,0.0
corrected_vs_model_based,23837,0.2,2027.0,1,1,0.0,0.00074876,0.01653884,-0.01579008,6,3,3.0,0,0,0.0,0,0,0.0
corrected_vs_model_based,23837,0.2,2028.0,1,1,0.0,0.00117024,0.00117024,0.0,3,3,0.0,0,0,0.0,0,0,0.0
corrected_vs_model_based,23837,0.3,2026.0,1,1,0.0,0.0021852,0.0021852,0.0,2,2,0.0,0,0,0.0,0,0,0.0
corrected_vs_model_based,23837,0.3,2027.0,1,1,0.0,0.0021852,0.0021852,0.0,2,2,0.0,0,0,0.0,0,0,0.0
corrected_vs_model_based,23837,0.3,2028.0,1,1,0.0,0.0021852,0.0021852,0.0,2,2,0.0,0,0,0.0,0,0,0.0
corrected_vs_model_based,25573,0.2,2026.0,1,1,0.0,0.00080057,0.00135728,-0.00055671,3,3,0.0,0,0,0.0,0,0,0.0
corrected_vs_model_based,25573,0.2,2027.0,1,1,0.0,0.00035007,0.00035007,0.0,3,3,0.0,0,0,0.0,0,0,0.0
corrected_vs_model_based,25573,0.2,2028.0,1,1,0.0,0.00035007,0.00035007,0.0,3,3,0.0,0,0,0.0,0,0,0.0
corrected_vs_model_based,25573,0.3,2026.0,1,1,0.0,0.00135728,0.00135728,0.0,4,3,1.0,0,0,0.0,0,0,0.0
corrected_vs_model_based,25573,0.3,2027.0,1,1,0.0,0.00035007,0.00035007,0.0,3,3,0.0,0,0,0.0,0,0,0.0
corrected_vs_model_based,25573,0.3,2028.0,1,1,0.0,0.00080057,0.00135728,-0.00055671,3,3,0.0,0,0,0.0,0,0,0.0
corrected_vs_model_based,2586,0.2,2026.0,1,0,1.0,0.00111149,1.02089528,-1.01978379,9,1,8.0,0,0,0.0,0,0,0.0
corrected_vs_model_based,2586,0.2,2027.0,0,0,0.0,1.05019178,1.02089528,0.0292965,15,1,14.0,0,0,0.0,0,0,0.0
corrected_vs_model_based,2586,0.2,2028.0,0,0,0.0,1.05014125,1.02089528,0.02924597,15,1,14.0,0,0,0.0,0,0,0.0
corrected_vs_model_based,2586,0.3,2026.0,0,0,0.0,1.02556391,1.02089528,0.00466863,15,1,14.0,0,0,0.0,0,0,0.0
corrected_vs_model_based,2586,0.3,2027.0,0,0,0.0,1.05329805,1.02089528,0.03240277,15,1,14.0,0,0,0.0,0,0,0.0
corrected_vs_model_based,2586,0.3,2028.0,1,0,1.0,0.01073684,1.02089528,-1.01015844,12,1,11.0,1,0,1.0,1,0,1.0
corrected_vs_model_based,26303,0.2,2026.0,1,1,0.0,0.00318987,0.00318987,0.0,2,3,-1.0,0,0,0.0,0,0,0.0
corrected_vs_model_based,26303,0.2,2027.0,1,1,0.0,0.00318987,0.01956325,-0.01637338,2,8,-6.0,0,0,0.0,0,0,0.0
corrected_vs_model_based,26303,0.2,2028.0,1,1,0.0,0.00318987,0.00318987,0.0,2,3,-1.0,0,0,0.0,0,0,0.0
corrected_vs_model_based,26303,0.3,2026.0,1,0,1.0,0.00318987,0.87039455,-0.86720468,2,12,-10.0,0,1,-1.0,0,1,-1.0
corrected_vs_model_based,26303,0.3,2027.0,1,1,0.0,0.00318987,0.0106059,-0.00741603,2,11,-9.0,0,1,-1.0,0,0,0.0
corrected_vs_model_based,26303,0.3,2028.0,1,0,1.0,0.00199785,1.01293887,-1.01094102,5,1,4.0,1,0,1.0,0,0,0.0
corrected_vs_model_based,26335,0.2,2026.0,1,1,0.0,0.03813038,0.55033332,-0.51220294,1,0,1.0,0,0,0.0,0,0,0.0
corrected_vs_model_based,26335,0.2,2027.0,1,1,0.0,0.03813038,0.55033332,-0.51220294,1,0,1.0,0,0,0.0,0,0,0.0
corrected_vs_model_based,26335,0.2,2028.0,1,1,0.0,0.70204204,0.55033332,0.15170872,15,0,15.0,0,0,0.0,0,0,0.0
corrected_vs_model_based,26335,0.3,2026.0,1,1,0.0,0.03813038,0.55033332,-0.51220294,1,0,1.0,0,0,0.0,0,0,0.0
corrected_vs_model_based,26335,0.3,2027.0,1,1,0.0,0.03813038,0.55033332,-0.51220294,1,0,1.0,0,0,0.0,0,0,0.0
corrected_vs_model_based,26335,0.3,2028.0,0,1,-1.0,0.92724895,0.55033332,0.37691563,15,0,15.0,0,0,0.0,0,0,0.0
corrected_vs_model_based,27432,0.2,2026.0,1,1,0.0,0.00252307,0.7110026,-0.70847953,8,3,5.0,0,0,0.0,0,0,0.0
corrected_vs_model_based,27432,0.2,2027.0,1,1,0.0,0.04795429,0.7110026,-0.66304831,15,3,12.0,1,0,1.0,0,0,0.0
corrected_vs_model_based,27432,0.2,2028.0,1,1,0.0,0.5465708,0.49130044,0.05527036,15,15,0.0,0,1,-1.0,0,1,-1.0
corrected_vs_model_based,27432,0.3,2026.0,1,1,0.0,0.27087528,0.7110026,-0.44012732,15,3,12.0,0,0,0.0,0,0,0.0
corrected_vs_model_based,27432,0.3,2027.0,1,1,0.0,0.01196816,0.72004337,-0.70807521,15,4,11.0,0,0,0.0,0,0,0.0
corrected_vs_model_based,27432,0.3,2028.0,0,1,-1.0,1.08649392,0.72358494,0.36290898,15,3,12.0,0,0,0.0,0,0,0.0
corrected_vs_model_based,27519,0.2,2026.0,0,0,0.0,0.6094707,0.97253995,-0.36306925,15,0,15.0,0,0,0.0,0,0,0.0
corrected_vs_model_based,27519,0.2,2027.0,0,0,0.0,1.01357212,0.97253995,0.04103217,15,0,15.0,0,0,0.0,0,0,0.0
corrected_vs_model_based,27519,0.2,2028.0,0,0,0.0,1.05804589,0.97253995,0.08550594,15,0,15.0,0,0,0.0,0,0,0.0
corrected_vs_model_based,27519,0.3,2026.0,0,0,0.0,1.23417173,0.97253995,0.26163178,15,0,15.0,1,0,1.0,1,0,1.0
corrected_vs_model_based,27519,0.3,2027.0,1,0,1.0,0.1002769,0.97253995,-0.87226305,15,0,15.0,0,0,0.0,0,0,0.0
corrected_vs_model_based,27519,0.3,2028.0,0,0,0.0,0.82241219,0.97253995,-0.15012776,15,0,15.0,0,0,0.0,0,0,0.0
corrected_vs_model_based,27936,0.2,2026.0,1,1,0.0,0.03569194,0.870394,-0.83470206,9,0,9.0,1,0,1.0,1,0,1.0
corrected_vs_model_based,27936,0.2,2027.0,0,1,-1.0,0.9314013,0.870394,0.0610073,15,0,15.0,0,0,0.0,0,0,0.0
corrected_vs_model_based,27936,0.2,2028.0,0,1,-1.0,1.72285743,0.870394,0.85246343,8,0,8.0,0,0,0.0,0,0,0.0
corrected_vs_model_based,27936,0.3,2026.0,0,1,-1.0,0.98094234,0.870394,0.11054834,15,0,15.0,0,0,0.0,0,0,0.0
corrected_vs_model_based,27936,0.3,2027.0,1,1,0.0,0.02309553,0.870394,-0.84729847,3,0,3.0,0,0,0.0,0,0,0.0
corrected_vs_model_based,27936,0.3,2028.0,1,1,0.0,0.04774506,0.870394,-0.82264894,10,0,10.0,1,0,1.0,1,0,1.0
corrected_vs_model_based,28316,0.2,2026.0,0,0,0.0,1.02873234,1.0698025,-0.04107016,15,2,13.0,0,0,0.0,0,0,0.0
corrected_vs_model_based,28316,0.2,2027.0,0,0,0.0,0.89948059,1.0698025,-0.17032191,15,2,13.0,0,0,0.0,0,0,0.0
corrected_vs_model_based,28316,0.2,2028.0,0,0,0.0,1.0884546,1.0698025,0.0186521,15,2,13.0,0,0,0.0,0,0,0.0
corrected_vs_model_based,28316,0.3,2026.0,0,0,0.0,0.98120544,1.0698025,-0.08859706,15,2,13.0,0,0,0.0,0,0,0.0
corrected_vs_model_based,28316,0.3,2027.0,0,0,0.0,1.34408314,1.0698025,0.27428064,15,2,13.0,0,0,0.0,0,0,0.0
corrected_vs_model_based,28316,0.3,2028.0,1,0,1.0,0.00038321,1.0698025,-1.06941929,15,2,13.0,0,0,0.0,0,0,0.0
corrected_vs_model_based,28829,0.2,2026.0,1,1,0.0,0.01046296,0.46777859,-0.45731563,1,0,1.0,0,0,0.0,0,0,0.0
corrected_vs_model_based,28829,0.2,2027.0,1,1,0.0,0.00246021,0.46777859,-0.46531838,3,0,3.0,0,0,0.0,0,0,0.0
corrected_vs_model_based,28829,0.2,2028.0,1,1,0.0,0.01046296,0.46777859,-0.45731563,1,0,1.0,0,0,0.0,0,0,0.0
corrected_vs_model_based,28829,0.3,2026.0,1,1,0.0,0.01046296,0.46777859,-0.45731563,1,0,1.0,0,0,0.0,0,0,0.0
corrected_vs_model_based,28829,0.3,2027.0,1,1,0.0,0.01046296,0.46777859,-0.45731563,1,0,1.0,0,0,0.0,0,0,0.0
corrected_vs_model_based,28829,0.3,2028.0,1,1,0.0,0.01046296,0.46777859,-0.45731563,1,0,1.0,0,0,0.0,0,0,0.0
corrected_vs_model_based,28939,0.2,2026.0,1,1,0.0,0.00214413,0.870394,-0.86824987,2,0,2.0,0,0,0.0,0,0,0.0
corrected_vs_model_based,28939,0.2,2027.0,1,1,0.0,0.00214413,0.870394,-0.86824987,2,0,2.0,0,0,0.0,0,0,0.0
corrected_vs_model_based,28939,0.2,2028.0,1,1,0.0,0.02394788,0.870394,-0.84644612,3,0,3.0,0,0,0.0,0,0,0.0
corrected_vs_model_based,28939,0.3,2026.0,0,1,-1.0,1.01207032,0.870394,0.14167632,15,0,15.0,0,0,0.0,0,0,0.0
corrected_vs_model_based,28939,0.3,2027.0,1,1,0.0,0.02248366,0.870394,-0.84791034,4,0,4.0,0,0,0.0,0,0,0.0
corrected_vs_model_based,28939,0.3,2028.0,1,1,0.0,0.01319288,0.870394,-0.85720112,3,0,3.0,0,0,0.0,0,0,0.0
corrected_vs_model_based,297,0.2,2026.0,0,0,0.0,0.99655594,0.97954445,0.01701149,15,11,4.0,0,0,0.0,0,0,0.0
corrected_vs_model_based,297,0.2,2027.0,1,1,0.0,0.00015535,0.00054802,-0.00039267,7,3,4.0,0,0,0.0,0,0,0.0
corrected_vs_model_based,297,0.2,2028.0,0,1,-1.0,1.06723166,0.02363048,1.04360118,15,6,9.0,0,0,0.0,0,0,0.0
corrected_vs_model_based,297,0.3,2026.0,1,0,1.0,0.00071693,0.88004225,-0.87932532,10,3,7.0,0,0,0.0,0,0,0.0
corrected_vs_model_based,297,0.3,2027.0,1,1,0.0,0.00015535,0.00054802,-0.00039267,7,3,4.0,0,0,0.0,0,0,0.0
corrected_vs_model_based,297,0.3,2028.0,1,1,0.0,0.0004248,0.00054802,-0.00012322,8,3,5.0,0,0,0.0,0,0,0.0
corrected_vs_model_based,29740,0.2,2026.0,1,0,1.0,0.00981931,0.96165267,-0.95183336,12,0,12.0,0,0,0.0,0,0,0.0
corrected_vs_model_based,29740,0.2,2027.0,0,0,0.0,1.04335451,0.96165267,0.08170184,15,0,15.0,0,0,0.0,0,0,0.0
corrected_vs_model_based,29740,0.2,2028.0,0,0,0.0,1.32846486,0.96165267,0.36681219,15,0,15.0,0,0,0.0,0,0,0.0
corrected_vs_model_based,29740,0.3,2026.0,0,0,0.0,1.78622778,0.96165267,0.82457511,15,0,15.0,0,0,0.0,0,0,0.0
corrected_vs_model_based,29740,0.3,2027.0,1,0,1.0,0.01767984,0.96165267,-0.94397283,13,0,13.0,0,0,0.0,0,0,0.0
corrected_vs_model_based,29740,0.3,2028.0,1,0,1.0,0.00265019,0.96165267,-0.95900248,10,0,10.0,0,0,0.0,0,0,0.0
corrected_vs_model_based,298,0.2,2026.0,1,0,1.0,0.00024544,0.84579816,-0.84555272,6,3,3.0,0,0,0.0,0,0,0.0
corrected_vs_model_based,298,0.2,2027.0,1,0,1.0,0.00024544,0.84579816,-0.84555272,6,3,3.0,0,0,0.0,0,0,0.0
corrected_vs_model_based,298,0.2,2028.0,1,0,1.0,0.0049358,0.84579816,-0.84086236,10,3,7.0,0,0,0.0,0,0,0.0
corrected_vs_model_based,298,0.3,2026.0,1,0,1.0,0.00030308,0.8494379,-0.84913482,6,3,3.0,0,0,0.0,0,0,0.0
corrected_vs_model_based,298,0.3,2027.0,0,0,0.0,1.86427764,1.76268623,0.10159141,8,5,3.0,0,0,0.0,0,0,0.0
corrected_vs_model_based,298,0.3,2028.0,0,0,0.0,1.8907591,1.71701361,0.17374549,8,3,5.0,0,0,0.0,0,0,0.0
corrected_vs_model_based,29925,0.2,2026.0,0,0,0.0,1.86869762,0.98667603,0.88202159,6,0,6.0,0,0,0.0,0,0,0.0
corrected_vs_model_based,29925,0.2,2027.0,1,0,1.0,0.00365941,0.98667603,-0.98301662,8,0,8.0,0,0,0.0,0,0,0.0
corrected_vs_model_based,29925,0.2,2028.0,1,0,1.0,0.00066727,0.98667603,-0.98600876,12,0,12.0,1,0,1.0,0,0,0.0
corrected_vs_model_based,29925,0.3,2026.0,0,0,0.0,0.89583705,0.98667603,-0.09083898,15,0,15.0,0,0,0.0,0,0,0.0
corrected_vs_model_based,29925,0.3,2027.0,0,0,0.0,1.76914827,0.98667603,0.78247224,8,0,8.0,0,0,0.0,0,0,0.0
corrected_vs_model_based,29925,0.3,2028.0,1,0,1.0,0.01280558,0.98667603,-0.97387045,10,0,10.0,0,0,0.0,0,0,0.0
corrected_vs_model_based,30065,0.2,2026.0,0,0,0.0,1.02480487,0.98667603,0.03812884,15,0,15.0,0,0,0.0,0,0,0.0
corrected_vs_model_based,30065,0.2,2027.0,0,0,0.0,1.7779682,0.98667603,0.79129217,10,0,10.0,0,0,0.0,0,0,0.0
corrected_vs_model_based,30065,0.2,2028.0,1,0,1.0,0.01505671,0.98667603,-0.97161932,9,0,9.0,0,0,0.0,0,0,0.0
corrected_vs_model_based,30065,0.3,2026.0,0,0,0.0,1.9036462,0.98667603,0.91697017,9,0,9.0,1,0,1.0,1,0,1.0
corrected_vs_model_based,30065,0.3,2027.0,1,0,1.0,0.00366943,0.98667603,-0.9830066,8,0,8.0,0,0,0.0,0,0,0.0
corrected_vs_model_based,30065,0.3,2028.0,0,0,0.0,0.87343304,0.98667603,-0.11324299,15,0,15.0,0,0,0.0,0,0,0.0
corrected_vs_model_based,30073,0.2,2026.0,0,0,0.0,1.07028797,1.03356414,0.03672383,15,0,15.0,0,0,0.0,0,0,0.0
corrected_vs_model_based,30073,0.2,2027.0,0,0,0.0,1.06389689,1.03356414,0.03033275,15,0,15.0,0,0,0.0,0,0,0.0
corrected_vs_model_based,30073,0.2,2028.0,0,0,0.0,0.94886803,1.03356414,-0.08469611,15,0,15.0,0,0,0.0,0,0,0.0
corrected_vs_model_based,30073,0.3,2026.0,0,0,0.0,1.12113344,1.03356414,0.0875693,15,0,15.0,0,0,0.0,0,0,0.0
corrected_vs_model_based,30073,0.3,2027.0,0,0,0.0,1.81824793,1.03356414,0.78468379,12,0,12.0,0,0,0.0,0,0,0.0
corrected_vs_model_based,30073,0.3,2028.0,0,0,0.0,1.03709841,1.03356414,0.00353427,15,0,15.0,0,0,0.0,0,0,0.0
corrected_vs_model_based,3040,0.2,2026.0,1,1,0.0,0.00742784,0.00234831,0.00507953,8,9,-1.0,0,1,-1.0,0,1,-1.0
corrected_vs_model_based,3040,0.2,2027.0,1,1,0.0,0.0022301,0.74971245,-0.74748235,10,8,2.0,0,0,0.0,0,0,0.0
corrected_vs_model_based,3040,0.2,2028.0,1,1,0.0,0.00945335,0.01129519,-0.00184184,7,11,-4.0,0,1,-1.0,0,1,-1.0
corrected_vs_model_based,3040,0.3,2026.0,1,1,0.0,0.00607807,0.00814965,-0.00207158,13,11,2.0,0,1,-1.0,0,1,-1.0
corrected_vs_model_based,3040,0.3,2027.0,1,1,0.0,0.04040062,0.02485373,0.01554689,10,9,1.0,0,0,0.0,0,0,0.0
corrected_vs_model_based,3040,0.3,2028.0,1,0,1.0,0.01186491,1.87339711,-1.8615322,9,12,-3.0,0,1,-1.0,0,1,-1.0
corrected_vs_model_based,31111,0.2,2026.0,1,1,0.0,0.00103842,0.00099976,3.866e-05,8,9,-1.0,0,0,0.0,0,0,0.0
corrected_vs_model_based,31111,0.2,2027.0,0,0,0.0,0.96025417,1.93565035,-0.97539618,15,7,8.0,1,0,1.0,1,0,1.0
corrected_vs_model_based,31111,0.2,2028.0,0,0,0.0,1.00026365,0.97129225,0.0289714,15,8,7.0,1,0,1.0,1,0,1.0
corrected_vs_model_based,31111,0.3,2026.0,1,1,0.0,0.00843239,0.00668994,0.00174245,6,10,-4.0,0,0,0.0,0,0,0.0
corrected_vs_model_based,31111,0.3,2027.0,1,0,1.0,0.12814019,1.20996095,-1.08182076,15,15,0.0,0,1,-1.0,0,1,-1.0
corrected_vs_model_based,31111,0.3,2028.0,1,1,0.0,0.01027467,0.01184744,-0.00157277,12,9,3.0,0,0,0.0,0,0,0.0
corrected_vs_model_based,31351,0.2,2026.0,1,1,0.0,0.01224339,0.02382931,-0.01158592,4,7,-3.0,0,0,0.0,0,0,0.0
corrected_vs_model_based,31351,0.2,2027.0,1,1,0.0,0.00517018,0.00033892,0.00483126,5,6,-1.0,0,0,0.0,0,0,0.0
corrected_vs_model_based,31351,0.2,2028.0,0,0,0.0,0.87579427,0.92398001,-0.04818574,15,3,12.0,0,0,0.0,0,0,0.0
corrected_vs_model_based,31351,0.3,2026.0,0,0,0.0,0.99906302,1.01018664,-0.01112362,15,11,4.0,1,1,0.0,1,1,0.0
corrected_vs_model_based,31351,0.3,2027.0,1,1,0.0,0.00053088,0.01083113,-0.01030025,6,7,-1.0,0,1,-1.0,0,1,-1.0
corrected_vs_model_based,31351,0.3,2028.0,1,1,0.0,0.00010761,0.01113172,-0.01102411,10,9,1.0,0,0,0.0,0,0,0.0
corrected_vs_model_based,3287,0.2,2026.0,1,0,1.0,0.00160032,0.99561869,-0.99401837,13,2,11.0,0,0,0.0,0,0,0.0
corrected_vs_model_based,3287,0.2,2027.0,1,1,0.0,0.00014655,0.00052165,-0.0003751,10,9,1.0,0,1,-1.0,0,1,-1.0
corrected_vs_model_based,3287,0.2,2028.0,1,1,0.0,0.00418816,0.00062049,0.00356767,5,8,-3.0,0,0,0.0,0,0,0.0
corrected_vs_model_based,3287,0.3,2026.0,0,0,0.0,0.89783966,0.97181747,-0.07397781,15,3,12.0,0,0,0.0,0,0,0.0
corrected_vs_model_based,3287,0.3,2027.0,1,0,1.0,0.00010322,0.92488031,-0.92477709,11,2,9.0,0,0,0.0,0,0,0.0
corrected_vs_model_based,3287,0.3,2028.0,1,1,0.0,0.07952802,0.00247235,0.07705567,15,12,3.0,0,1,-1.0,0,1,-1.0
corrected_vs_model_based,32891,0.2,2026.0,1,1,0.0,0.00108038,0.02140994,-0.02032956,6,6,0.0,0,0,0.0,0,0,0.0
corrected_vs_model_based,32891,0.2,2027.0,1,1,0.0,0.40786657,0.04103134,0.36683523,15,7,8.0,0,0,0.0,0,0,0.0
corrected_vs_model_based,32891,0.2,2028.0,1,1,0.0,0.00759034,0.00039145,0.00719889,6,8,-2.0,0,0,0.0,0,0,0.0
corrected_vs_model_based,32891,0.3,2026.0,1,0,1.0,0.06892688,0.91756714,-0.84864026,15,8,7.0,0,1,-1.0,0,1,-1.0
corrected_vs_model_based,32891,0.3,2027.0,1,0,1.0,0.79401375,1.03442428,-0.24041053,15,6,9.0,0,0,0.0,0,0,0.0
corrected_vs_model_based,32891,0.3,2028.0,1,1,0.0,0.00108038,0.02140994,-0.02032956,6,6,0.0,0,0,0.0,0,0,0.0
corrected_vs_model_based,33471,0.2,2026.0,1,1,0.0,0.01046296,0.46777859,-0.45731563,1,0,1.0,0,0,0.0,0,0,0.0
corrected_vs_model_based,33471,0.2,2027.0,1,1,0.0,0.01046296,0.46777859,-0.45731563,1,0,1.0,0,0,0.0,0,0,0.0
corrected_vs_model_based,33471,0.2,2028.0,1,1,0.0,0.01046296,0.46777859,-0.45731563,1,0,1.0,0,0,0.0,0,0,0.0
corrected_vs_model_based,33471,0.3,2026.0,1,1,0.0,0.01046296,0.46777859,-0.45731563,1,0,1.0,0,0,0.0,0,0,0.0
corrected_vs_model_based,33471,0.3,2027.0,1,1,0.0,0.45159589,0.46777859,-0.0161827,15,0,15.0,0,0,0.0,0,0,0.0
corrected_vs_model_based,33471,0.3,2028.0,1,1,0.0,0.01209004,0.46777859,-0.45568855,2,0,2.0,0,0,0.0,0,0,0.0
corrected_vs_model_based,33587,0.2,2026.0,1,0,1.0,0.01966267,0.93109651,-0.91143384,15,0,15.0,0,0,0.0,0,0,0.0
corrected_vs_model_based,33587,0.2,2027.0,1,0,1.0,8.084e-05,0.93109651,-0.93101567,13,0,13.0,0,0,0.0,0,0,0.0
corrected_vs_model_based,33587,0.2,2028.0,1,0,1.0,0.01518087,0.93109651,-0.91591564,15,0,15.0,0,0,0.0,0,0,0.0
corrected_vs_model_based,33587,0.3,2026.0,0,0,0.0,1.06132404,0.93109651,0.13022753,15,0,15.0,0,0,0.0,0,0,0.0
corrected_vs_model_based,33587,0.3,2027.0,0,0,0.0,0.89999419,0.93109651,-0.03110232,15,0,15.0,0,0,0.0,0,0,0.0
corrected_vs_model_based,33587,0.3,2028.0,0,0,0.0,0.93698007,0.93109651,0.00588356,15,0,15.0,0,0,0.0,0,0,0.0
corrected_vs_model_based,33863,0.2,2026.0,1,1,0.0,0.01935059,0.00518563,0.01416496,6,6,0.0,0,0,0.0,0,0,0.0
corrected_vs_model_based,33863,0.2,2027.0,1,1,0.0,0.00759214,0.81504957,-0.80745743,12,2,10.0,0,0,0.0,0,0,0.0
corrected_vs_model_based,33863,0.2,2028.0,0,0,0.0,1.90691053,1.98182958,-0.07491905,9,4,5.0,0,0,0.0,0,0,0.0
corrected_vs_model_based,33863,0.3,2026.0,1,0,1.0,0.0098684,1.84841104,-1.83854264,12,11,1.0,0,0,0.0,0,0,0.0
corrected_vs_model_based,33863,0.3,2027.0,1,1,0.0,0.00044319,0.75275092,-0.75230773,10,5,5.0,0,0,0.0,0,0,0.0
corrected_vs_model_based,33863,0.3,2028.0,1,1,0.0,0.04383081,0.03200104,0.01182977,15,12,3.0,0,0,0.0,0,0,0.0
corrected_vs_model_based,34898,0.2,2026.0,0,0,0.0,0.86281295,0.93813744,-0.07532449,15,8,7.0,0,1,-1.0,0,1,-1.0
corrected_vs_model_based,34898,0.2,2027.0,1,1,0.0,0.00453411,0.00127498,0.00325913,4,4,0.0,0,0,0.0,0,0,0.0
corrected_vs_model_based,34898,0.2,2028.0,0,0,0.0,0.83444111,1.69545597,-0.86101486,15,10,5.0,0,1,-1.0,0,1,-1.0
corrected_vs_model_based,34898,0.3,2026.0,1,1,0.0,0.00453411,0.00127498,0.00325913,4,4,0.0,0,0,0.0,0,0,0.0
corrected_vs_model_based,34898,0.3,2027.0,1,1,0.0,0.00053968,0.00061007,-7.039e-05,12,10,2.0,0,1,-1.0,0,1,-1.0
corrected_vs_model_based,34898,0.3,2028.0,1,0,1.0,0.58111455,0.93171449,-0.35059994,15,15,0.0,1,1,0.0,1,1,0.0
corrected_vs_model_based,34997,0.2,2026.0,0,0,0.0,1.00184213,0.98413693,0.0177052,15,0,15.0,0,0,0.0,0,0,0.0
corrected_vs_model_based,34997,0.2,2027.0,1,0,1.0,0.00927927,0.98413693,-0.97485766,15,0,15.0,0,0,0.0,0,0,0.0
corrected_vs_model_based,34997,0.2,2028.0,0,0,0.0,1.01765665,0.98413693,0.03351972,15,0,15.0,0,0,0.0,0,0,0.0
corrected_vs_model_based,34997,0.3,2026.0,0,0,0.0,0.88947459,0.98413693,-0.09466234,15,0,15.0,0,0,0.0,0,0,0.0
corrected_vs_model_based,34997,0.3,2027.0,0,0,0.0,1.01278661,0.98413693,0.02864968,15,0,15.0,0,0,0.0,0,0,0.0
corrected_vs_model_based,34997,0.3,2028.0,0,0,0.0,1.90776017,0.98413693,0.92362324,15,0,15.0,0,0,0.0,0,0,0.0
corrected_vs_model_based,35866,0.2,2026.0,1,1,0.0,0.00014165,0.00057251,-0.00043086,15,8,7.0,0,0,0.0,0,0,0.0
corrected_vs_model_based,35866,0.2,2027.0,1,1,0.0,0.0004248,0.00054802,-0.00012322,8,3,5.0,0,0,0.0,0,0,0.0
corrected_vs_model_based,35866,0.2,2028.0,0,0,0.0,0.98369011,0.74983452,0.23385559,15,15,0.0,0,1,-1.0,0,1,-1.0
corrected_vs_model_based,35866,0.3,2026.0,1,1,0.0,0.00015535,0.00054802,-0.00039267,7,3,4.0,0,0,0.0,0,0,0.0
corrected_vs_model_based,35866,0.3,2027.0,1,1,0.0,0.00015622,0.00054802,-0.0003918,7,3,4.0,0,0,0.0,0,0,0.0
corrected_vs_model_based,35866,0.3,2028.0,0,0,0.0,0.99607274,1.03546666,-0.03939392,15,5,10.0,0,0,0.0,0,0,0.0
corrected_vs_model_based,36874,0.2,2026.0,0,0,0.0,1.68741561,1.80386066,-0.11644505,6,7,-1.0,0,0,0.0,0,0,0.0
corrected_vs_model_based,36874,0.2,2027.0,1,1,0.0,0.0034444,0.71315127,-0.70970687,8,3,5.0,1,0,1.0,0,0,0.0
corrected_vs_model_based,36874,0.2,2028.0,1,1,0.0,0.0363059,0.7035638,-0.6672579,4,3,1.0,0,0,0.0,0,0,0.0
corrected_vs_model_based,36874,0.3,2026.0,1,0,1.0,0.00401418,0.80696357,-0.80294939,5,4,1.0,0,0,0.0,0,0,0.0
corrected_vs_model_based,36874,0.3,2027.0,1,0,1.0,0.00448816,0.86559924,-0.86111108,7,6,1.0,0,0,0.0,0,0,0.0
corrected_vs_model_based,36874,0.3,2028.0,1,1,0.0,0.01028701,0.71315127,-0.70286426,3,3,0.0,0,0,0.0,0,0,0.0
corrected_vs_model_based,37203,0.2,2026.0,1,0,1.0,0.01054056,0.96763894,-0.95709838,15,0,15.0,0,0,0.0,0,0,0.0
corrected_vs_model_based,37203,0.2,2027.0,1,0,1.0,0.00235627,0.96763894,-0.96528267,7,0,7.0,0,0,0.0,0,0,0.0
corrected_vs_model_based,37203,0.2,2028.0,1,0,1.0,0.00235627,0.96763894,-0.96528267,7,0,7.0,0,0,0.0,0,0,0.0
corrected_vs_model_based,37203,0.3,2026.0,0,0,0.0,1.76435438,0.96763894,0.79671544,13,0,13.0,0,0,0.0,0,0,0.0
corrected_vs_model_based,37203,0.3,2027.0,0,0,0.0,1.75560103,0.96763894,0.78796209,14,0,14.0,1,0,1.0,0,0,0.0
corrected_vs_model_based,37203,0.3,2028.0,1,0,1.0,0.0023634,0.96763894,-0.96527554,8,0,8.0,0,0,0.0,0,0,0.0
corrected_vs_model_based,37266,0.2,2026.0,1,1,0.0,0.00711975,0.01984677,-0.01272702,6,11,-5.0,0,1,-1.0,0,1,-1.0
corrected_vs_model_based,37266,0.2,2027.0,1,1,0.0,0.00173285,0.00173285,0.0,3,3,0.0,0,0,0.0,0,0,0.0
corrected_vs_model_based,37266,0.2,2028.0,1,1,0.0,0.00173285,0.00173285,0.0,3,3,0.0,0,0,0.0,0,0,0.0
corrected_vs_model_based,37266,0.3,2026.0,1,1,0.0,0.0408993,0.00157173,0.03932757,15,6,9.0,0,0,0.0,0,0,0.0
corrected_vs_model_based,37266,0.3,2027.0,1,1,0.0,0.00173285,0.00173285,0.0,3,3,0.0,0,0,0.0,0,0,0.0
corrected_vs_model_based,37266,0.3,2028.0,1,1,0.0,0.00212322,0.00212322,0.0,3,3,0.0,0,0,0.0,0,0,0.0
corrected_vs_model_based,37629,0.2,2026.0,1,1,0.0,0.01576265,0.0199943,-0.00423165,9,10,-1.0,0,0,0.0,0,0,0.0
corrected_vs_model_based,37629,0.2,2027.0,0,1,-1.0,1.48796949,0.0331422,1.45482729,15,15,0.0,0,1,-1.0,0,0,0.0
corrected_vs_model_based,37629,0.2,2028.0,1,1,0.0,0.01576265,0.02796835,-0.0122057,9,8,1.0,0,0,0.0,0,0,0.0
corrected_vs_model_based,37629,0.3,2026.0,0,1,-1.0,0.82339297,0.46548233,0.35791064,15,15,0.0,0,0,0.0,0,0,0.0
corrected_vs_model_based,37629,0.3,2027.0,0,0,0.0,1.77340792,1.6287249,0.14468302,10,11,-1.0,0,0,0.0,0,0,0.0
corrected_vs_model_based,37629,0.3,2028.0,1,1,0.0,0.01394351,0.00131311,0.0126304,7,9,-2.0,0,0,0.0,0,0,0.0
corrected_vs_model_based,37733,0.2,2026.0,0,0,0.0,1.02391171,1.07104793,-0.04713622,15,3,12.0,0,0,0.0,0,0,0.0
corrected_vs_model_based,37733,0.2,2027.0,0,0,0.0,1.12159834,1.39922288,-0.27762454,15,10,5.0,1,1,0.0,1,1,0.0
corrected_vs_model_based,37733,0.2,2028.0,0,0,0.0,1.02281994,1.07104793,-0.04822799,15,3,12.0,0,0,0.0,0,0,0.0
corrected_vs_model_based,37733,0.3,2026.0,0,0,0.0,0.99595337,1.03603224,-0.04007887,15,5,10.0,0,0,0.0,0,0,0.0
corrected_vs_model_based,37733,0.3,2027.0,0,0,0.0,1.79956322,1.79848019,0.00108303,14,10,4.0,1,1,0.0,1,0,1.0
corrected_vs_model_based,37733,0.3,2028.0,0,0,0.0,1.05891274,1.07104793,-0.01213519,15,3,12.0,0,0,0.0,0,0,0.0
corrected_vs_model_based,37924,0.2,2026.0,1,0,1.0,0.10187299,1.00335493,-0.90148194,15,0,15.0,0,0,0.0,0,0,0.0
corrected_vs_model_based,37924,0.2,2027.0,0,0,0.0,1.04412327,1.00335493,0.04076834,15,0,15.0,0,0,0.0,0,0,0.0
corrected_vs_model_based,37924,0.2,2028.0,0,0,0.0,1.08010376,1.00335493,0.07674883,15,0,15.0,0,0,0.0,0,0,0.0
corrected_vs_model_based,37924,0.3,2026.0,0,0,0.0,0.91289027,1.00335493,-0.09046466,15,0,15.0,0,0,0.0,0,0,0.0
corrected_vs_model_based,37924,0.3,2027.0,0,0,0.0,0.98667479,1.00335493,-0.01668014,15,0,15.0,0,0,0.0,0,0,0.0
corrected_vs_model_based,37924,0.3,2028.0,0,0,0.0,1.85320384,1.00335493,0.84984891,14,0,14.0,0,0,0.0,0,0,0.0
corrected_vs_model_based,38083,0.2,2026.0,1,1,0.0,0.00028467,0.00010975,0.00017492,4,5,-1.0,0,0,0.0,0,0,0.0
corrected_vs_model_based,38083,0.2,2027.0,1,1,0.0,0.00028467,0.00012894,0.00015573,4,6,-2.0,0,0,0.0,0,0,0.0
corrected_vs_model_based,38083,0.2,2028.0,1,1,0.0,0.00028467,0.00010975,0.00017492,4,5,-1.0,0,0,0.0,0,0,0.0
corrected_vs_model_based,38083,0.3,2026.0,1,1,0.0,0.00028467,0.00010975,0.00017492,4,5,-1.0,0,0,0.0,0,0,0.0
corrected_vs_model_based,38083,0.3,2027.0,1,1,0.0,0.00354444,0.01783878,-0.01429434,5,5,0.0,0,0,0.0,0,0,0.0
corrected_vs_model_based,38083,0.3,2028.0,1,0,1.0,0.0002769,1.8567269,-1.85645,9,11,-2.0,0,0,0.0,0,0,0.0
corrected_vs_model_based,39136,0.2,2026.0,1,0,1.0,0.01135076,1.02307431,-1.01172355,15,0,15.0,0,0,0.0,0,0,0.0
corrected_vs_model_based,39136,0.2,2027.0,1,0,1.0,0.00581355,1.02307431,-1.01726076,11,0,11.0,0,0,0.0,0,0,0.0
corrected_vs_model_based,39136,0.2,2028.0,1,0,1.0,0.32333378,1.02307431,-0.69974053,15,0,15.0,0,0,0.0,0,0,0.0
corrected_vs_model_based,39136,0.3,2026.0,0,0,0.0,1.26732347,1.02307431,0.24424916,15,0,15.0,0,0,0.0,0,0,0.0
corrected_vs_model_based,39136,0.3,2027.0,0,0,0.0,1.83128606,1.02307431,0.80821175,7,0,7.0,0,0,0.0,0,0,0.0
corrected_vs_model_based,39136,0.3,2028.0,1,0,1.0,0.00148796,1.02307431,-1.02158635,15,0,15.0,0,0,0.0,0,0,0.0
corrected_vs_model_based,39846,0.2,2026.0,0,0,0.0,1.77440941,1.02971924,0.74469017,2,15,-13.0,0,1,-1.0,0,1,-1.0
corrected_vs_model_based,39846,0.2,2027.0,0,0,0.0,1.81626631,1.81830581,-0.0020395,3,7,-4.0,0,0,0.0,0,0,0.0
corrected_vs_model_based,39846,0.2,2028.0,0,0,0.0,1.77440941,1.02160611,0.7528033,2,11,-9.0,0,1,-1.0,0,1,-1.0
corrected_vs_model_based,39846,0.3,2026.0,0,0,0.0,1.77440941,1.82851364,-0.05410423,2,14,-12.0,0,1,-1.0,0,0,0.0
corrected_vs_model_based,39846,0.3,2027.0,0,0,0.0,1.77440941,1.0379626,0.73644681,2,7,-5.0,0,1,-1.0,0,1,-1.0
corrected_vs_model_based,39846,0.3,2028.0,1,0,1.0,0.00055313,1.02160611,-1.02105298,11,11,0.0,0,1,-1.0,0,1,-1.0
corrected_vs_model_based,40335,0.2,2026.0,1,1,0.0,0.00048533,0.00945301,-0.00896768,5,4,1.0,0,0,0.0,0,0,0.0
corrected_vs_model_based,40335,0.2,2027.0,0,1,-1.0,0.84078953,0.00631177,0.83447776,15,5,10.0,0,1,-1.0,0,0,0.0
corrected_vs_model_based,40335,0.2,2028.0,1,1,0.0,0.00020088,0.0429563,-0.04275542,9,4,5.0,1,0,1.0,0,0,0.0
corrected_vs_model_based,40335,0.3,2026.0,1,1,0.0,0.00048533,0.00945301,-0.00896768,5,4,1.0,0,0,0.0,0,0,0.0
corrected_vs_model_based,40335,0.3,2027.0,1,1,0.0,0.00076636,0.00945301,-0.00868665,7,4,3.0,1,0,1.0,0,0,0.0
corrected_vs_model_based,40335,0.3,2028.0,1,1,0.0,0.00048533,0.00945301,-0.00896768,5,4,1.0,0,0,0.0,0,0,0.0
corrected_vs_model_based,4070,0.2,2026.0,1,1,0.0,0.00283516,0.00094552,0.00188964,3,3,0.0,0,0,0.0,0,0,0.0
corrected_vs_model_based,4070,0.2,2027.0,1,1,0.0,0.00283516,0.00094552,0.00188964,3,3,0.0,0,0,0.0,0,0,0.0
corrected_vs_model_based,4070,0.2,2028.0,1,1,0.0,0.00283516,0.00094552,0.00188964,3,3,0.0,0,0,0.0,0,0,0.0
corrected_vs_model_based,4070,0.3,2026.0,0,0,0.0,1.93978405,1.93978405,0.0,4,4,0.0,0,0,0.0,0,0,0.0
corrected_vs_model_based,4070,0.3,2027.0,1,0,1.0,0.00300953,1.0249181,-1.02190857,12,1,11.0,1,0,1.0,0,0,0.0
corrected_vs_model_based,4070,0.3,2028.0,0,0,0.0,1.82535341,1.73979622,0.08555719,4,3,1.0,0,0,0.0,0,0,0.0
corrected_vs_model_based,40802,0.2,2026.0,1,0,1.0,0.01144587,1.02634994,-1.01490407,15,15,0.0,1,1,0.0,0,0,0.0
corrected_vs_model_based,40802,0.2,2027.0,1,0,1.0,0.07691504,1.05777067,-0.98085563,15,7,8.0,0,0,0.0,0,0,0.0
corrected_vs_model_based,40802,0.2,2028.0,0,0,0.0,0.86788166,1.05776997,-0.18988831,15,15,0.0,0,1,-1.0,0,1,-1.0
corrected_vs_model_based,40802,0.3,2026.0,0,1,-1.0,1.46186622,0.01070239,1.45116383,10,11,-1.0,0,0,0.0,0,0,0.0
corrected_vs_model_based,40802,0.3,2027.0,0,0,0.0,1.80061161,1.78881808,0.01179353,15,11,4.0,0,0,0.0,0,0,0.0
corrected_vs_model_based,40802,0.3,2028.0,0,0,0.0,1.51334929,1.2312883,0.28206099,9,15,-6.0,0,1,-1.0,0,1,-1.0
corrected_vs_model_based,41077,0.2,2026.0,0,0,0.0,0.92095473,0.97694055,-0.05598582,15,0,15.0,0,0,0.0,0,0,0.0
corrected_vs_model_based,41077,0.2,2027.0,1,0,1.0,0.00102466,0.97694055,-0.97591589,11,0,11.0,0,0,0.0,0,0,0.0
corrected_vs_model_based,41077,0.2,2028.0,1,0,1.0,0.00178306,0.97694055,-0.97515749,9,0,9.0,0,0,0.0,0,0,0.0
corrected_vs_model_based,41077,0.3,2026.0,1,0,1.0,0.00097006,0.97694055,-0.97597049,8,0,8.0,0,0,0.0,0,0,0.0
corrected_vs_model_based,41077,0.3,2027.0,1,0,1.0,0.03863492,0.97694055,-0.93830563,15,0,15.0,0,0,0.0,0,0,0.0
corrected_vs_model_based,41077,0.3,2028.0,1,0,1.0,0.00876934,0.97694055,-0.96817121,8,0,8.0,0,0,0.0,0,0,0.0
corrected_vs_model_based,41220,0.2,2026.0,0,0,0.0,0.9537332,0.98366673,-0.02993353,15,0,15.0,0,0,0.0,0,0,0.0
corrected_vs_model_based,41220,0.2,2027.0,0,0,0.0,0.84288161,0.98366673,-0.14078512,15,0,15.0,0,0,0.0,0,0,0.0
corrected_vs_model_based,41220,0.2,2028.0,0,0,0.0,0.85708043,0.98366673,-0.1265863,15,0,15.0,0,0,0.0,0,0,0.0
corrected_vs_model_based,41220,0.3,2026.0,1,0,1.0,0.61618737,0.98366673,-0.36747936,15,0,15.0,0,0,0.0,0,0,0.0
corrected_vs_model_based,41220,0.3,2027.0,0,0,0.0,1.27691893,0.98366673,0.2932522,15,0,15.0,0,0,0.0,0,0,0.0
corrected_vs_model_based,41220,0.3,2028.0,1,0,1.0,0.0563878,0.98366673,-0.92727893,15,0,15.0,0,0,0.0,0,0,0.0
corrected_vs_model_based,41820,0.2,2026.0,1,1,0.0,0.00055722,0.00149483,-0.00093761,7,4,3.0,0,0,0.0,0,0,0.0
corrected_vs_model_based,41820,0.2,2027.0,1,0,1.0,0.08541441,1.89937522,-1.81396081,15,10,5.0,0,1,-1.0,0,1,-1.0
corrected_vs_model_based,41820,0.2,2028.0,1,1,0.0,0.06378286,0.00952092,0.05426194,7,6,1.0,0,0,0.0,0,0,0.0
corrected_vs_model_based,41820,0.3,2026.0,1,1,0.0,0.00136622,0.00149483,-0.00012861,7,4,3.0,0,0,0.0,0,0,0.0
corrected_vs_model_based,41820,0.3,2027.0,0,0,0.0,0.9528231,1.03148587,-0.07866277,15,5,10.0,0,0,0.0,0,0,0.0
corrected_vs_model_based,41820,0.3,2028.0,1,1,0.0,0.00055722,0.00149483,-0.00093761,7,4,3.0,0,0,0.0,0,0,0.0
corrected_vs_model_based,41998,0.2,2026.0,1,1,0.0,0.02023171,0.55682337,-0.53659166,2,0,2.0,0,0,0.0,0,0,0.0
corrected_vs_model_based,41998,0.2,2027.0,1,1,0.0,0.02023171,0.55682337,-0.53659166,2,0,2.0,0,0,0.0,0,0,0.0
corrected_vs_model_based,41998,0.2,2028.0,1,1,0.0,0.02023171,0.55682337,-0.53659166,2,0,2.0,0,0,0.0,0,0,0.0
corrected_vs_model_based,41998,0.3,2026.0,0,1,-1.0,1.12349995,0.55682337,0.56667658,15,0,15.0,1,0,1.0,1,0,1.0
corrected_vs_model_based,41998,0.3,2027.0,1,1,0.0,0.01527662,0.55682337,-0.54154675,5,0,5.0,1,0,1.0,0,0,0.0
corrected_vs_model_based,41998,0.3,2028.0,1,1,0.0,0.02023171,0.55682337,-0.53659166,2,0,2.0,0,0,0.0,0,0,0.0
corrected_vs_model_based,4251,0.2,2026.0,1,1,0.0,0.00120141,0.02403222,-0.02283081,4,7,-3.0,0,0,0.0,0,0,0.0
corrected_vs_model_based,4251,0.2,2027.0,0,0,0.0,1.77599196,1.90894168,-0.13294972,1,3,-2.0,0,0,0.0,0,0,0.0
corrected_vs_model_based,4251,0.2,2028.0,1,1,0.0,0.00120141,0.02403222,-0.02283081,4,7,-3.0,0,0,0.0,0,0,0.0
corrected_vs_model_based,4251,0.3,2026.0,1,1,0.0,0.00120141,0.00099195,0.00020946,4,7,-3.0,0,0,0.0,0,0,0.0
corrected_vs_model_based,4251,0.3,2027.0,1,1,0.0,0.00120141,0.00099195,0.00020946,4,7,-3.0,0,0,0.0,0,0,0.0
corrected_vs_model_based,4251,0.3,2028.0,0,0,0.0,1.12232458,1.03704901,0.08527557,15,3,12.0,0,0,0.0,0,0,0.0
corrected_vs_model_based,43637,0.2,2026.0,1,0,1.0,0.1243935,0.97196078,-0.84756728,15,15,0.0,0,1,-1.0,0,1,-1.0
corrected_vs_model_based,43637,0.2,2027.0,0,0,0.0,0.98580379,1.05915006,-0.07334627,15,7,8.0,0,0,0.0,0,0,0.0
corrected_vs_model_based,43637,0.2,2028.0,1,0,1.0,0.05788251,1.642188,-1.58430549,15,11,4.0,0,1,-1.0,0,0,0.0
corrected_vs_model_based,43637,0.3,2026.0,0,0,0.0,1.41576014,1.68246512,-0.26670498,15,13,2.0,1,1,0.0,0,0,0.0
corrected_vs_model_based,43637,0.3,2027.0,0,0,0.0,1.10456129,1.03940984,0.06515145,15,14,1.0,0,0,0.0,0,0,0.0
corrected_vs_model_based,43637,0.3,2028.0,1,1,0.0,0.25001391,0.03704461,0.2129693,15,15,0.0,1,1,0.0,1,1,0.0
corrected_vs_model_based,44332,0.2,2026.0,0,0,0.0,1.74914338,1.01670473,0.73243865,15,1,14.0,0,0,0.0,0,0,0.0
corrected_vs_model_based,44332,0.2,2027.0,1,1,0.0,0.0021852,0.0021852,0.0,2,2,0.0,0,0,0.0,0,0,0.0
corrected_vs_model_based,44332,0.2,2028.0,1,1,0.0,0.0021852,0.0021852,0.0,2,2,0.0,0,0,0.0,0,0,0.0
corrected_vs_model_based,44332,0.3,2026.0,1,1,0.0,0.0021852,0.0021852,0.0,2,2,0.0,0,0,0.0,0,0,0.0
corrected_vs_model_based,44332,0.3,2027.0,1,1,0.0,0.0021852,0.0021852,0.0,2,2,0.0,0,0,0.0,0,0,0.0
corrected_vs_model_based,44332,0.3,2028.0,0,0,0.0,1.89369937,1.92659712,-0.03289775,11,14,-3.0,0,1,-1.0,0,1,-1.0
corrected_vs_model_based,44571,0.2,2026.0,1,0,1.0,0.01227201,0.97027672,-0.95800471,7,0,7.0,0,0,0.0,0,0,0.0
corrected_vs_model_based,44571,0.2,2027.0,1,0,1.0,0.00314648,0.97027672,-0.96713024,5,0,5.0,0,0,0.0,0,0,0.0
corrected_vs_model_based,44571,0.2,2028.0,1,0,1.0,0.00216792,0.97027672,-0.9681088,8,0,8.0,0,0,0.0,0,0,0.0
corrected_vs_model_based,44571,0.3,2026.0,1,0,1.0,0.00022352,0.97027672,-0.9700532,6,0,6.0,0,0,0.0,0,0,0.0
corrected_vs_model_based,44571,0.3,2027.0,0,0,0.0,0.98953681,0.97027672,0.01926009,15,0,15.0,0,0,0.0,0,0,0.0
corrected_vs_model_based,44571,0.3,2028.0,1,0,1.0,0.00314648,0.97027672,-0.96713024,5,0,5.0,0,0,0.0,0,0,0.0
corrected_vs_model_based,46098,0.2,2026.0,0,0,0.0,0.80650086,0.97027672,-0.16377586,15,0,15.0,0,0,0.0,0,0,0.0
corrected_vs_model_based,46098,0.2,2027.0,1,0,1.0,0.01227201,0.97027672,-0.95800471,7,0,7.0,0,0,0.0,0,0,0.0
corrected_vs_model_based,46098,0.2,2028.0,1,0,1.0,3.374e-05,0.97027672,-0.97024298,11,0,11.0,1,0,1.0,0,0,0.0
corrected_vs_model_based,46098,0.3,2026.0,1,0,1.0,0.67374641,0.97027672,-0.29653031,15,0,15.0,0,0,0.0,0,0,0.0
corrected_vs_model_based,46098,0.3,2027.0,1,0,1.0,0.00070431,0.97027672,-0.96957241,7,0,7.0,0,0,0.0,0,0,0.0
corrected_vs_model_based,46098,0.3,2028.0,1,0,1.0,0.00228975,0.97027672,-0.96798697,15,0,15.0,1,0,1.0,0,0,0.0
corrected_vs_model_based,46753,0.2,2026.0,1,0,1.0,0.00025544,0.9601317,-0.95987626,8,0,8.0,0,0,0.0,0,0,0.0
corrected_vs_model_based,46753,0.2,2027.0,1,0,1.0,0.00351323,0.9601317,-0.95661847,8,0,8.0,0,0,0.0,0,0,0.0
corrected_vs_model_based,46753,0.2,2028.0,1,0,1.0,0.00023353,0.9601317,-0.95989817,8,0,8.0,0,0,0.0,0,0,0.0
corrected_vs_model_based,46753,0.3,2026.0,1,0,1.0,0.00589609,0.9601317,-0.95423561,15,0,15.0,0,0,0.0,0,0,0.0
corrected_vs_model_based,46753,0.3,2027.0,1,0,1.0,0.00091026,0.9601317,-0.95922144,15,0,15.0,0,0,0.0,0,0,0.0
corrected_vs_model_based,46753,0.3,2028.0,1,0,1.0,0.00219877,0.9601317,-0.95793293,11,0,11.0,0,0,0.0,0,0,0.0
corrected_vs_model_based,48102,0.2,2026.0,0,1,-1.0,0.96248012,0.00564649,0.95683363,15,15,0.0,0,0,0.0,0,0,0.0
corrected_vs_model_based,48102,0.2,2027.0,0,0,0.0,1.01318234,1.05867597,-0.04549363,15,7,8.0,0,1,-1.0,0,1,-1.0
corrected_vs_model_based,48102,0.2,2028.0,0,0,0.0,1.03943497,1.05867597,-0.019241,15,7,8.0,0,1,-1.0,0,1,-1.0
corrected_vs_model_based,48102,0.3,2026.0,0,0,0.0,1.75713932,1.8484775,-0.09133818,2,5,-3.0,0,0,0.0,0,0,0.0
corrected_vs_model_based,48102,0.3,2027.0,1,0,1.0,0.00020873,0.93426664,-0.93405791,14,1,13.0,0,0,0.0,0,0,0.0
corrected_vs_model_based,48102,0.3,2028.0,1,1,0.0,0.00137216,0.00046526,0.0009069,6,8,-2.0,0,0,0.0,0,0,0.0
corrected_vs_model_based,4830,0.2,2026.0,1,1,0.0,0.00181698,0.00181698,0.0,2,2,0.0,0,0,0.0,0,0,0.0
corrected_vs_model_based,4830,0.2,2027.0,1,1,0.0,0.00181698,0.00181698,0.0,2,2,0.0,0,0,0.0,0,0,0.0
corrected_vs_model_based,4830,0.2,2028.0,1,1,0.0,0.00181698,0.00181698,0.0,2,2,0.0,0,0,0.0,0,0,0.0
corrected_vs_model_based,4830,0.3,2026.0,1,1,0.0,0.00259421,0.03877395,-0.03617974,13,10,3.0,1,0,1.0,0,0,0.0
corrected_vs_model_based,4830,0.3,2027.0,1,1,0.0,0.00646433,0.00461898,0.00184535,9,6,3.0,0,0,0.0,0,0,0.0
corrected_vs_model_based,4830,0.3,2028.0,1,1,0.0,0.00181698,0.00181698,0.0,2,2,0.0,0,0,0.0,0,0,0.0
corrected_vs_model_based,49420,0.2,2026.0,1,0,1.0,0.00205509,1.00635205,-1.00429696,11,0,11.0,0,0,0.0,0,0,0.0
corrected_vs_model_based,49420,0.2,2027.0,1,0,1.0,0.00187708,1.00635205,-1.00447497,11,0,11.0,0,0,0.0,0,0,0.0
corrected_vs_model_based,49420,0.2,2028.0,1,0,1.0,0.00433366,1.00635205,-1.00201839,12,0,12.0,0,0,0.0,0,0,0.0
corrected_vs_model_based,49420,0.3,2026.0,0,0,0.0,1.98410286,1.00635205,0.97775081,11,0,11.0,1,0,1.0,1,0,1.0
corrected_vs_model_based,49420,0.3,2027.0,0,0,0.0,1.06966502,1.00635205,0.06331297,15,0,15.0,1,0,1.0,1,0,1.0
corrected_vs_model_based,49420,0.3,2028.0,1,0,1.0,0.0023579,1.00635205,-1.00399415,13,0,13.0,0,0,0.0,0,0,0.0
corrected_vs_model_based,49933,0.2,2026.0,1,1,0.0,0.75225377,0.80046141,-0.04820764,15,1,14.0,0,0,0.0,0,0,0.0
corrected_vs_model_based,49933,0.2,2027.0,1,1,0.0,0.25915331,0.80046141,-0.5413081,15,1,14.0,0,0,0.0,0,0,0.0
corrected_vs_model_based,49933,0.2,2028.0,1,1,0.0,0.79004103,0.80046141,-0.01042038,15,1,14.0,0,0,0.0,0,0,0.0
corrected_vs_model_based,49933,0.3,2026.0,1,1,0.0,0.00092953,0.80046141,-0.79953188,11,1,10.0,0,0,0.0,0,0,0.0
corrected_vs_model_based,49933,0.3,2027.0,1,1,0.0,0.087849,0.80046141,-0.71261241,15,1,14.0,1,0,1.0,1,0,1.0
corrected_vs_model_based,49933,0.3,2028.0,0,1,-1.0,1.8842476,0.80046141,1.08378619,6,1,5.0,1,0,1.0,1,0,1.0
corrected_vs_model_based,4996,0.2,2026.0,0,0,0.0,0.89490096,0.99478881,-0.09988785,15,0,15.0,0,0,0.0,0,0,0.0
corrected_vs_model_based,4996,0.2,2027.0,1,0,1.0,0.14951061,0.99478881,-0.8452782,15,0,15.0,0,0,0.0,0,0,0.0
corrected_vs_model_based,4996,0.2,2028.0,1,0,1.0,0.10529703,0.99478881,-0.88949178,15,0,15.0,0,0,0.0,0,0,0.0
corrected_vs_model_based,4996,0.3,2026.0,1,0,1.0,0.157507,0.99478881,-0.83728181,15,0,15.0,0,0,0.0,0,0,0.0
corrected_vs_model_based,4996,0.3,2027.0,1,0,1.0,0.35864429,0.99478881,-0.63614452,15,0,15.0,0,0,0.0,0,0,0.0
corrected_vs_model_based,4996,0.3,2028.0,0,0,0.0,0.6361094,0.99478881,-0.35867941,15,0,15.0,0,0,0.0,0,0,0.0
corrected_vs_model_based,50606,0.2,2026.0,1,1,0.0,0.00104565,0.01939995,-0.0183543,8,4,4.0,0,1,-1.0,0,0,0.0
corrected_vs_model_based,50606,0.2,2027.0,1,1,0.0,0.00120957,0.00014591,0.00106366,2,3,-1.0,0,0,0.0,0,0,0.0
corrected_vs_model_based,50606,0.2,2028.0,1,1,0.0,0.00120957,0.00014591,0.00106366,2,3,-1.0,0,0,0.0,0,0,0.0
corrected_vs_model_based,50606,0.3,2026.0,1,1,0.0,0.00587957,0.00587957,0.0,2,3,-1.0,0,0,0.0,0,0,0.0
corrected_vs_model_based,50606,0.3,2027.0,1,0,1.0,0.0002976,0.98766456,-0.98736696,4,4,0.0,1,0,1.0,0,0,0.0
corrected_vs_model_based,50606,0.3,2028.0,1,1,0.0,0.01319205,0.00011044,0.01308161,4,4,0.0,0,0,0.0,0,0,0.0
corrected_vs_model_based,51161,0.2,2026.0,1,1,0.0,0.03312231,0.04872609,-0.01560378,6,6,0.0,0,0,0.0,0,0,0.0
corrected_vs_model_based,51161,0.2,2027.0,1,0,1.0,0.03716024,1.42018693,-1.38302669,8,10,-2.0,1,1,0.0,0,1,-1.0
corrected_vs_model_based,51161,0.2,2028.0,1,1,0.0,0.01774707,0.04872609,-0.03097902,7,6,1.0,0,0,0.0,0,0,0.0
corrected_vs_model_based,51161,0.3,2026.0,1,1,0.0,0.03312231,0.04872609,-0.01560378,6,6,0.0,0,0,0.0,0,0,0.0
corrected_vs_model_based,51161,0.3,2027.0,1,1,0.0,0.01251718,0.01622414,-0.00370696,8,11,-3.0,0,0,0.0,0,0,0.0
corrected_vs_model_based,51161,0.3,2028.0,1,1,0.0,0.0232307,0.08986682,-0.06663612,11,6,5.0,0,0,0.0,0,0,0.0
corrected_vs_model_based,51278,0.2,2026.0,1,1,0.0,0.00465718,0.01238058,-0.0077234,9,10,-1.0,0,0,0.0,0,0,0.0
corrected_vs_model_based,51278,0.2,2027.0,1,1,0.0,0.00383864,0.02160254,-0.0177639,7,5,2.0,0,0,0.0,0,0,0.0
corrected_vs_model_based,51278,0.2,2028.0,1,1,0.0,0.00383864,0.02160254,-0.0177639,7,5,2.0,0,0,0.0,0,0,0.0
corrected_vs_model_based,51278,0.3,2026.0,1,1,0.0,0.0028896,0.00501742,-0.00212782,15,7,8.0,1,0,1.0,1,0,1.0
corrected_vs_model_based,51278,0.3,2027.0,1,0,1.0,0.09554644,0.98712381,-0.89157737,15,3,12.0,1,0,1.0,1,0,1.0
corrected_vs_model_based,51278,0.3,2028.0,1,1,0.0,0.00383864,0.02160254,-0.0177639,7,5,2.0,0,0,0.0,0,0,0.0
corrected_vs_model_based,51400,0.2,2026.0,0,1,-1.0,1.89593176,0.00055883,1.89537293,5,6,-1.0,0,0,0.0,0,0,0.0
corrected_vs_model_based,51400,0.2,2027.0,1,1,0.0,0.01136244,0.02015961,-0.00879717,6,3,3.0,0,0,0.0,0,0,0.0
corrected_vs_model_based,51400,0.2,2028.0,1,1,0.0,0.01396508,0.01464329,-0.00067821,5,3,2.0,0,0,0.0,0,0,0.0
corrected_vs_model_based,51400,0.3,2026.0,1,1,0.0,0.00454553,0.01360817,-0.00906264,15,5,10.0,0,0,0.0,0,0,0.0
corrected_vs_model_based,51400,0.3,2027.0,0,0,0.0,1.97378988,1.96858818,0.0052017,12,6,6.0,0,0,0.0,0,0,0.0
corrected_vs_model_based,51400,0.3,2028.0,1,1,0.0,0.00591583,0.00043132,0.00548451,9,10,-1.0,1,1,0.0,0,0,0.0
corrected_vs_model_based,51712,0.2,2026.0,1,1,0.0,0.04106461,0.50922443,-0.46815982,5,1,4.0,0,0,0.0,0,0,0.0
corrected_vs_model_based,51712,0.2,2027.0,1,1,0.0,0.0213479,0.50922443,-0.48787653,4,1,3.0,0,0,0.0,0,0,0.0
corrected_vs_model_based,51712,0.2,2028.0,1,1,0.0,0.02252177,0.04452565,-0.02200388,9,5,4.0,0,0,0.0,0,0,0.0
corrected_vs_model_based,51712,0.3,2026.0,0,0,0.0,1.81866172,1.81866172,0.0,7,7,0.0,1,1,0.0,1,1,0.0
corrected_vs_model_based,51712,0.3,2027.0,1,1,0.0,0.00399674,0.50922443,-0.50522769,4,1,3.0,0,0,0.0,0,0,0.0
corrected_vs_model_based,51712,0.3,2028.0,0,1,-1.0,0.97700871,0.86285775,0.11415096,15,2,13.0,0,0,0.0,0,0,0.0
corrected_vs_model_based,51886,0.2,2026.0,1,1,0.0,0.01294483,0.63569088,-0.62274605,9,2,7.0,0,0,0.0,0,0,0.0
corrected_vs_model_based,51886,0.2,2027.0,1,1,0.0,0.01236865,0.63569088,-0.62332223,14,2,12.0,1,0,1.0,1,0,1.0
corrected_vs_model_based,51886,0.2,2028.0,1,1,0.0,0.0017548,0.63569088,-0.63393608,8,2,6.0,0,0,0.0,0,0,0.0
corrected_vs_model_based,51886,0.3,2026.0,1,1,0.0,0.00504269,0.63569088,-0.63064819,7,2,5.0,0,0,0.0,0,0,0.0
corrected_vs_model_based,51886,0.3,2027.0,1,1,0.0,0.00146342,0.00740207,-0.00593865,12,6,6.0,0,0,0.0,0,0,0.0
corrected_vs_model_based,51886,0.3,2028.0,0,1,-1.0,1.90012571,0.63569088,1.26443483,10,2,8.0,1,0,1.0,1,0,1.0
corrected_vs_model_based,52374,0.2,2026.0,0,0,0.0,0.91301367,0.98027378,-0.06726011,15,0,15.0,0,0,0.0,0,0,0.0
corrected_vs_model_based,52374,0.2,2027.0,1,0,1.0,0.0052002,0.98027378,-0.97507358,15,0,15.0,0,0,0.0,0,0,0.0
corrected_vs_model_based,52374,0.2,2028.0,1,0,1.0,0.45599627,0.98027378,-0.52427751,15,0,15.0,0,0,0.0,0,0,0.0
corrected_vs_model_based,52374,0.3,2026.0,0,0,0.0,1.22492323,0.98027378,0.24464945,15,0,15.0,0,0,0.0,0,0,0.0
corrected_vs_model_based,52374,0.3,2027.0,0,0,0.0,0.85815343,0.98027378,-0.12212035,15,0,15.0,0,0,0.0,0,0,0.0
corrected_vs_model_based,52374,0.3,2028.0,0,0,0.0,1.03042293,0.98027378,0.05014915,15,0,15.0,0,0,0.0,0,0,0.0
corrected_vs_model_based,52585,0.2,2026.0,1,0,1.0,0.01483189,1.05341448,-1.03858259,15,2,13.0,0,0,0.0,0,0,0.0
corrected_vs_model_based,52585,0.2,2027.0,1,1,0.0,0.01397343,0.00256542,0.01140801,9,6,3.0,0,0,0.0,0,0,0.0
corrected_vs_model_based,52585,0.2,2028.0,1,0,1.0,0.50756868,1.05007673,-0.54250805,15,4,11.0,1,0,1.0,1,0,1.0
corrected_vs_model_based,52585,0.3,2026.0,1,0,1.0,0.53643585,1.04959678,-0.51316093,15,9,6.0,0,0,0.0,0,0,0.0
corrected_vs_model_based,52585,0.3,2027.0,0,0,0.0,1.81563152,1.04892448,0.76670704,13,3,10.0,0,0,0.0,0,0,0.0
corrected_vs_model_based,52585,0.3,2028.0,1,1,0.0,0.09100317,0.04851227,0.0424909,15,7,8.0,0,0,0.0,0,0,0.0
corrected_vs_model_based,52811,0.2,2026.0,1,1,0.0,0.01160499,0.04884569,-0.0372407,2,1,1.0,0,0,0.0,0,0,0.0
corrected_vs_model_based,52811,0.2,2027.0,1,1,0.0,0.0008748,0.0008748,0.0,2,2,0.0,0,0,0.0,0,0,0.0
corrected_vs_model_based,52811,0.2,2028.0,1,1,0.0,0.01313429,0.50918569,-0.4960514,2,1,1.0,0,0,0.0,0,0,0.0
corrected_vs_model_based,52811,0.3,2026.0,1,1,0.0,0.0008748,0.0008748,0.0,2,2,0.0,0,0,0.0,0,0,0.0
corrected_vs_model_based,52811,0.3,2027.0,1,1,0.0,0.01160499,0.04884569,-0.0372407,2,1,1.0,0,0,0.0,0,0,0.0
corrected_vs_model_based,52811,0.3,2028.0,1,1,0.0,0.01160499,0.04884569,-0.0372407,2,1,1.0,0,0,0.0,0,0,0.0
corrected_vs_model_based,53079,0.2,2026.0,1,1,0.0,0.00811177,0.00228755,0.00582422,2,4,-2.0,0,0,0.0,0,0,0.0
corrected_vs_model_based,53079,0.2,2027.0,1,1,0.0,0.00811177,0.00220392,0.00590785,2,3,-1.0,0,0,0.0,0,0,0.0
corrected_vs_model_based,53079,0.2,2028.0,1,1,0.0,0.00811177,0.00220392,0.00590785,2,3,-1.0,0,0,0.0,0,0,0.0
corrected_vs_model_based,53079,0.3,2026.0,1,1,0.0,0.00811177,0.00220392,0.00590785,2,3,-1.0,0,0,0.0,0,0,0.0
corrected_vs_model_based,53079,0.3,2027.0,1,1,0.0,0.00130561,0.647666,-0.64636039,5,1,4.0,0,0,0.0,0,0,0.0
corrected_vs_model_based,53079,0.3,2028.0,1,0,1.0,0.00012934,0.99716338,-0.99703404,4,1,3.0,1,0,1.0,0,0,0.0
corrected_vs_model_based,53377,0.2,2026.0,1,1,0.0,0.01707959,0.87662272,-0.85954313,3,0,3.0,0,0,0.0,0,0,0.0
corrected_vs_model_based,53377,0.2,2027.0,0,1,-1.0,1.86361951,0.87662272,0.98699679,3,0,3.0,0,0,0.0,0,0,0.0
corrected_vs_model_based,53377,0.2,2028.0,0,1,-1.0,1.78519507,0.87662272,0.90857235,9,0,9.0,0,0,0.0,0,0,0.0
corrected_vs_model_based,53377,0.3,2026.0,1,1,0.0,0.01943088,0.87662272,-0.85719184,2,0,2.0,0,0,0.0,0,0,0.0
corrected_vs_model_based,53377,0.3,2027.0,1,1,0.0,0.01943088,0.87662272,-0.85719184,2,0,2.0,0,0,0.0,0,0,0.0
corrected_vs_model_based,53377,0.3,2028.0,1,1,0.0,0.01707959,0.87662272,-0.85954313,3,0,3.0,0,0,0.0,0,0,0.0
corrected_vs_model_based,53395,0.2,2026.0,1,1,0.0,0.00107392,0.80046141,-0.79938749,7,1,6.0,0,0,0.0,0,0,0.0
corrected_vs_model_based,53395,0.2,2027.0,1,1,0.0,0.01483717,0.80046141,-0.78562424,7,1,6.0,0,0,0.0,0,0,0.0
corrected_vs_model_based,53395,0.2,2028.0,1,1,0.0,0.00107406,0.80046141,-0.79938735,8,1,7.0,0,0,0.0,0,0,0.0
corrected_vs_model_based,53395,0.3,2026.0,1,1,0.0,0.02207198,0.80046141,-0.77838943,13,1,12.0,1,0,1.0,1,0,1.0
corrected_vs_model_based,53395,0.3,2027.0,1,1,0.0,0.0136705,0.80046141,-0.78679091,8,1,7.0,0,0,0.0,0,0,0.0
corrected_vs_model_based,53395,0.3,2028.0,1,1,0.0,0.01073483,0.80046141,-0.78972658,7,1,6.0,0,0,0.0,0,0,0.0
corrected_vs_model_based,5447,0.2,2026.0,0,0,0.0,1.05014125,1.02089528,0.02924597,15,1,14.0,0,0,0.0,0,0,0.0
corrected_vs_model_based,5447,0.2,2027.0,0,0,0.0,1.70417552,1.02089528,0.68328024,15,1,14.0,1,0,1.0,0,0,0.0
corrected_vs_model_based,5447,0.2,2028.0,0,0,0.0,1.03568439,1.02089528,0.01478911,15,1,14.0,0,0,0.0,0,0,0.0
corrected_vs_model_based,5447,0.3,2026.0,0,0,0.0,1.19626338,0.98655902,0.20970436,15,4,11.0,0,0,0.0,0,0,0.0
corrected_vs_model_based,5447,0.3,2027.0,0,0,0.0,1.05000056,1.02089528,0.02910528,15,1,14.0,0,0,0.0,0,0,0.0
corrected_vs_model_based,5447,0.3,2028.0,0,0,0.0,1.06447583,1.02089528,0.04358055,15,1,14.0,0,0,0.0,0,0,0.0
corrected_vs_model_based,54787,0.2,2026.0,1,1,0.0,0.00738355,0.00738355,0.0,4,4,0.0,0,0,0.0,0,0,0.0
corrected_vs_model_based,54787,0.2,2027.0,1,1,0.0,0.00629478,0.00629478,0.0,4,4,0.0,0,0,0.0,0,0,0.0
corrected_vs_model_based,54787,0.2,2028.0,1,1,0.0,0.00629478,0.00629478,0.0,4,4,0.0,0,0,0.0,0,0,0.0
corrected_vs_model_based,54787,0.3,2026.0,1,1,0.0,0.00629478,0.00629478,0.0,4,4,0.0,0,0,0.0,0,0,0.0
corrected_vs_model_based,54787,0.3,2027.0,1,1,0.0,0.00629478,0.00629478,0.0,4,4,0.0,0,0,0.0,0,0,0.0
corrected_vs_model_based,54787,0.3,2028.0,1,1,0.0,0.00890135,0.0361211,-0.02721975,6,5,1.0,0,0,0.0,0,0,0.0
corrected_vs_model_based,54948,0.2,2026.0,0,0,0.0,1.77397955,1.01441499,0.75956456,9,12,-3.0,0,1,-1.0,0,1,-1.0
corrected_vs_model_based,54948,0.2,2027.0,0,0,0.0,0.97594854,0.86611755,0.10983099,15,4,11.0,0,0,0.0,0,0,0.0
corrected_vs_model_based,54948,0.2,2028.0,0,0,0.0,0.94809127,0.92685501,0.02123626,15,4,11.0,0,0,0.0,0,0,0.0
corrected_vs_model_based,54948,0.3,2026.0,0,0,0.0,1.45531319,1.16384707,0.29146612,15,15,0.0,0,1,-1.0,0,1,-1.0
corrected_vs_model_based,54948,0.3,2027.0,0,0,0.0,1.2319552,1.75800336,-0.52604816,15,12,3.0,0,0,0.0,0,0,0.0
corrected_vs_model_based,54948,0.3,2028.0,1,1,0.0,0.0321986,0.05796162,-0.02576302,7,6,1.0,0,0,0.0,0,0,0.0
corrected_vs_model_based,54952,0.2,2026.0,1,1,0.0,0.00032895,0.60769351,-0.60736456,3,0,3.0,0,0,0.0,0,0,0.0
corrected_vs_model_based,54952,0.2,2027.0,1,1,0.0,0.00032895,0.60769351,-0.60736456,3,0,3.0,0,0,0.0,0,0,0.0
corrected_vs_model_based,54952,0.2,2028.0,0,1,-1.0,0.86658088,0.60769351,0.25888737,15,0,15.0,0,0,0.0,0,0,0.0
corrected_vs_model_based,54952,0.3,2026.0,1,1,0.0,0.00069818,0.60769351,-0.60699533,2,0,2.0,0,0,0.0,0,0,0.0
corrected_vs_model_based,54952,0.3,2027.0,1,1,0.0,0.00441088,0.60769351,-0.60328263,3,0,3.0,0,0,0.0,0,0,0.0
corrected_vs_model_based,54952,0.3,2028.0,1,1,0.0,0.01559612,0.60769351,-0.59209739,3,0,3.0,0,0,0.0,0,0,0.0
corrected_vs_model_based,55433,0.2,2026.0,1,1,0.0,0.01092356,0.00172421,0.00919935,2,4,-2.0,0,0,0.0,0,0,0.0
corrected_vs_model_based,55433,0.2,2027.0,1,1,0.0,0.01042459,0.00169038,0.00873421,1,3,-2.0,0,0,0.0,0,0,0.0
corrected_vs_model_based,55433,0.2,2028.0,1,1,0.0,0.01042459,0.00164045,0.00878414,1,3,-2.0,0,0,0.0,0,0,0.0
corrected_vs_model_based,55433,0.3,2026.0,1,0,1.0,0.01042459,0.96830556,-0.95788097,1,3,-2.0,0,0,0.0,0,0,0.0
corrected_vs_model_based,55433,0.3,2027.0,1,1,0.0,0.01042459,0.00397986,0.00644473,1,3,-2.0,0,0,0.0,0,0,0.0
corrected_vs_model_based,55433,0.3,2028.0,1,1,0.0,0.01042459,0.00164045,0.00878414,1,3,-2.0,0,0,0.0,0,0,0.0
corrected_vs_model_based,56328,0.2,2026.0,1,1,0.0,0.00126276,0.03268173,-0.03141897,4,9,-5.0,0,1,-1.0,0,1,-1.0
corrected_vs_model_based,56328,0.2,2027.0,1,0,1.0,0.00063815,1.54958659,-1.54894844,15,15,0.0,0,1,-1.0,0,1,-1.0
corrected_vs_model_based,56328,0.2,2028.0,1,0,1.0,0.00565102,1.94286713,-1.93721611,7,12,-5.0,0,1,-1.0,0,1,-1.0
corrected_vs_model_based,56328,0.3,2026.0,1,1,0.0,0.001304,0.0024528,-0.0011488,6,5,1.0,0,0,0.0,0,0,0.0
corrected_vs_model_based,56328,0.3,2027.0,1,1,0.0,0.00155632,0.01775346,-0.01619714,7,15,-8.0,0,1,-1.0,0,1,-1.0
corrected_vs_model_based,56328,0.3,2028.0,1,1,0.0,0.00229246,0.00918845,-0.00689599,7,5,2.0,0,0,0.0,0,0,0.0
corrected_vs_model_based,5640,0.2,2026.0,1,1,0.0,0.00059368,0.02951587,-0.02892219,3,2,1.0,0,0,0.0,0,0,0.0
corrected_vs_model_based,5640,0.2,2027.0,1,1,0.0,0.00059368,0.02951587,-0.02892219,3,2,1.0,0,0,0.0,0,0,0.0
corrected_vs_model_based,5640,0.2,2028.0,1,1,0.0,0.00059368,0.00044799,0.00014569,3,4,-1.0,0,0,0.0,0,0,0.0
corrected_vs_model_based,5640,0.3,2026.0,1,1,0.0,0.00074019,0.01743201,-0.01669182,12,9,3.0,1,1,0.0,0,1,-1.0
corrected_vs_model_based,5640,0.3,2027.0,1,0,1.0,0.37793663,1.93415495,-1.55621832,15,6,9.0,0,1,-1.0,0,1,-1.0
corrected_vs_model_based,5640,0.3,2028.0,1,1,0.0,0.00872661,0.02951587,-0.02078926,3,2,1.0,0,0,0.0,0,0,0.0
corrected_vs_model_based,57078,0.2,2026.0,1,1,0.0,0.00102728,0.00164583,-0.00061855,4,2,2.0,0,0,0.0,0,0,0.0
corrected_vs_model_based,57078,0.2,2027.0,0,1,-1.0,1.79141717,0.00164583,1.78977134,5,2,3.0,0,0,0.0,0,0,0.0
corrected_vs_model_based,57078,0.2,2028.0,1,1,0.0,0.00275127,0.0020688,0.00068247,15,5,10.0,0,1,-1.0,0,0,0.0
corrected_vs_model_based,57078,0.3,2026.0,1,1,0.0,0.00102728,0.00164583,-0.00061855,4,2,2.0,0,0,0.0,0,0,0.0
corrected_vs_model_based,57078,0.3,2027.0,1,0,1.0,0.00021392,0.9441513,-0.94393738,6,5,1.0,0,0,0.0,0,0,0.0
corrected_vs_model_based,57078,0.3,2028.0,1,1,0.0,0.29305732,0.00080618,0.29225114,15,4,11.0,1,0,1.0,1,0,1.0
corrected_vs_model_based,57298,0.2,2026.0,1,1,0.0,0.0214106,0.00669864,0.01471196,5,3,2.0,0,0,0.0,0,0,0.0
corrected_vs_model_based,57298,0.2,2027.0,1,1,0.0,0.00511082,0.00669864,-0.00158782,3,3,0.0,0,0,0.0,0,0,0.0
corrected_vs_model_based,57298,0.2,2028.0,1,1,0.0,0.00573518,0.00743434,-0.00169916,3,3,0.0,0,0,0.0,0,0,0.0
corrected_vs_model_based,57298,0.3,2026.0,1,1,0.0,0.0187322,0.00669864,0.01203356,7,3,4.0,0,0,0.0,0,0,0.0
corrected_vs_model_based,57298,0.3,2027.0,1,1,0.0,0.0165396,0.7793353,-0.7627957,3,2,1.0,0,0,0.0,0,0,0.0
corrected_vs_model_based,57298,0.3,2028.0,1,1,0.0,0.00669864,0.00669864,0.0,6,3,3.0,0,0,0.0,0,0,0.0
corrected_vs_model_based,57703,0.2,2026.0,1,1,0.0,0.01224339,0.00134313,0.01090026,4,5,-1.0,0,0,0.0,0,0,0.0
corrected_vs_model_based,57703,0.2,2027.0,1,1,0.0,0.00030384,0.00059471,-0.00029087,6,10,-4.0,0,1,-1.0,0,0,0.0
corrected_vs_model_based,57703,0.2,2028.0,1,1,0.0,0.00054572,0.04838508,-0.04783936,10,12,-2.0,1,1,0.0,1,0,1.0
corrected_vs_model_based,57703,0.3,2026.0,1,1,0.0,0.00050697,0.01325362,-0.01274665,3,6,-3.0,0,0,0.0,0,0,0.0
corrected_vs_model_based,57703,0.3,2027.0,1,1,0.0,0.00215749,0.00214986,7.63e-06,4,5,-1.0,0,0,0.0,0,0,0.0
corrected_vs_model_based,57703,0.3,2028.0,1,1,0.0,0.00779558,0.00726368,0.0005319,7,7,0.0,0,0,0.0,0,0,0.0
corrected_vs_model_based,5803,0.2,2026.0,1,1,0.0,0.00839327,0.011607,-0.00321373,6,5,1.0,0,0,0.0,0,0,0.0
corrected_vs_model_based,5803,0.2,2027.0,1,1,0.0,0.07484476,0.06809546,0.0067493,5,4,1.0,0,0,0.0,0,0,0.0
corrected_vs_model_based,5803,0.2,2028.0,1,1,0.0,0.07484476,0.06809546,0.0067493,5,4,1.0,0,0,0.0,0,0,0.0
corrected_vs_model_based,5803,0.3,2026.0,1,1,0.0,0.01366297,0.09024835,-0.07658538,9,6,3.0,1,1,0.0,0,0,0.0
corrected_vs_model_based,5803,0.3,2027.0,1,0,1.0,0.02113123,0.75494086,-0.73380963,7,8,-1.0,0,1,-1.0,0,1,-1.0
corrected_vs_model_based,5803,0.3,2028.0,1,1,0.0,0.03110944,0.63570101,-0.60459157,7,3,4.0,0,0,0.0,0,0,0.0
corrected_vs_model_based,58290,0.2,2026.0,1,1,0.0,0.00839327,0.011607,-0.00321373,6,5,1.0,0,0,0.0,0,0,0.0
corrected_vs_model_based,58290,0.2,2027.0,1,1,0.0,0.07484476,0.06809546,0.0067493,5,4,1.0,0,0,0.0,0,0,0.0
corrected_vs_model_based,58290,0.2,2028.0,1,1,0.0,0.07484476,0.08883524,-0.01399048,5,4,1.0,0,0,0.0,0,0,0.0
corrected_vs_model_based,58290,0.3,2026.0,1,1,0.0,0.07484476,0.06809546,0.0067493,5,4,1.0,0,0,0.0,0,0,0.0
corrected_vs_model_based,58290,0.3,2027.0,1,1,0.0,0.07484476,0.06809546,0.0067493,5,4,1.0,0,0,0.0,0,0,0.0
corrected_vs_model_based,58290,0.3,2028.0,1,1,0.0,0.00839327,0.05037369,-0.04198042,6,5,1.0,0,0,0.0,0,0,0.0
corrected_vs_model_based,59603,0.2,2026.0,1,0,1.0,0.00260929,0.97027672,-0.96766743,13,0,13.0,0,0,0.0,0,0,0.0
corrected_vs_model_based,59603,0.2,2027.0,1,0,1.0,0.00013358,0.97027672,-0.97014314,13,0,13.0,0,0,0.0,0,0,0.0
corrected_vs_model_based,59603,0.2,2028.0,1,0,1.0,0.00015032,0.97027672,-0.9701264,10,0,10.0,0,0,0.0,0,0,0.0
corrected_vs_model_based,59603,0.3,2026.0,1,0,1.0,0.00015056,0.97027672,-0.97012616,12,0,12.0,0,0,0.0,0,0,0.0
corrected_vs_model_based,59603,0.3,2027.0,1,0,1.0,0.00015194,0.97027672,-0.97012478,11,0,11.0,0,0,0.0,0,0,0.0
corrected_vs_model_based,59603,0.3,2028.0,1,0,1.0,0.00161259,0.97027672,-0.96866413,12,0,12.0,0,0,0.0,0,0,0.0
corrected_vs_model_based,59747,0.2,2026.0,1,1,0.0,0.00048475,7.523e-05,0.00040952,2,3,-1.0,0,0,0.0,0,0,0.0
corrected_vs_model_based,59747,0.2,2027.0,1,1,0.0,0.00048475,8.102e-05,0.00040373,2,3,-1.0,0,0,0.0,0,0,0.0
corrected_vs_model_based,59747,0.2,2028.0,1,1,0.0,0.00360776,0.00616575,-0.00255799,11,6,5.0,0,0,0.0,0,0,0.0
corrected_vs_model_based,59747,0.3,2026.0,1,1,0.0,0.00034262,0.00068369,-0.00034107,4,5,-1.0,0,0,0.0,0,0,0.0
corrected_vs_model_based,59747,0.3,2027.0,1,1,0.0,0.00048475,7.523e-05,0.00040952,2,3,-1.0,0,0,0.0,0,0,0.0
corrected_vs_model_based,59747,0.3,2028.0,1,1,0.0,0.00048475,7.523e-05,0.00040952,2,3,-1.0,0,0,0.0,0,0,0.0
corrected_vs_model_based,60118,0.2,2026.0,1,1,0.0,0.01514424,0.01157103,0.00357321,2,5,-3.0,0,0,0.0,0,0,0.0
corrected_vs_model_based,60118,0.2,2027.0,1,1,0.0,0.0006737,0.01548753,-0.01481383,4,8,-4.0,0,1,-1.0,0,0,0.0
corrected_vs_model_based,60118,0.2,2028.0,1,1,0.0,0.01514424,0.01170066,0.00344358,2,5,-3.0,0,0,0.0,0,0,0.0
corrected_vs_model_based,60118,0.3,2026.0,1,1,0.0,0.01514424,0.01157103,0.00357321,2,5,-3.0,0,0,0.0,0,0,0.0
corrected_vs_model_based,60118,0.3,2027.0,1,1,0.0,0.01514424,0.01157103,0.00357321,2,5,-3.0,0,0,0.0,0,0,0.0
corrected_vs_model_based,60118,0.3,2028.0,1,0,1.0,0.39393945,0.94788344,-0.55394399,15,15,0.0,0,0,0.0,0,0,0.0
corrected_vs_model_based,60326,0.2,2026.0,1,1,0.0,0.01853659,0.59461411,-0.57607752,1,0,1.0,0,0,0.0,0,0,0.0
corrected_vs_model_based,60326,0.2,2027.0,1,1,0.0,0.01311348,0.59461411,-0.58150063,13,0,13.0,0,0,0.0,0,0,0.0
corrected_vs_model_based,60326,0.2,2028.0,1,1,0.0,0.01853659,0.59461411,-0.57607752,1,0,1.0,0,0,0.0,0,0,0.0
corrected_vs_model_based,60326,0.3,2026.0,1,1,0.0,0.02186933,0.59461411,-0.57274478,2,0,2.0,0,0,0.0,0,0,0.0
corrected_vs_model_based,60326,0.3,2027.0,1,1,0.0,0.01853659,0.59461411,-0.57607752,1,0,1.0,0,0,0.0,0,0,0.0
corrected_vs_model_based,60326,0.3,2028.0,1,1,0.0,0.01853659,0.59461411,-0.57607752,1,0,1.0,0,0,0.0,0,0,0.0
corrected_vs_model_based,60577,0.2,2026.0,1,1,0.0,0.0002246,8.318e-05,0.00014142,4,7,-3.0,0,1,-1.0,0,0,0.0
corrected_vs_model_based,60577,0.2,2027.0,1,1,0.0,5.691e-05,5.691e-05,0.0,6,6,0.0,0,0,0.0,0,0,0.0
corrected_vs_model_based,60577,0.2,2028.0,1,1,0.0,0.00061818,0.00061818,0.0,4,4,0.0,0,0,0.0,0,0,0.0
corrected_vs_model_based,60577,0.3,2026.0,1,0,1.0,2.18e-05,1.91337424,-1.91335244,8,4,4.0,1,0,1.0,0,0,0.0
corrected_vs_model_based,60577,0.3,2027.0,1,0,1.0,0.00422426,0.93053877,-0.92631451,7,1,6.0,0,0,0.0,0,0,0.0
corrected_vs_model_based,60577,0.3,2028.0,0,0,0.0,1.16833241,1.07003028,0.09830213,15,2,13.0,0,0,0.0,0,0,0.0
corrected_vs_model_based,61232,0.2,2026.0,1,1,0.0,0.03524856,0.61163525,-0.57638669,1,0,1.0,0,0,0.0,0,0,0.0
corrected_vs_model_based,61232,0.2,2027.0,1,1,0.0,0.03524856,0.61163525,-0.57638669,1,0,1.0,0,0,0.0,0,0,0.0
corrected_vs_model_based,61232,0.2,2028.0,1,1,0.0,0.03524856,0.61163525,-0.57638669,1,0,1.0,0,0,0.0,0,0,0.0
corrected_vs_model_based,61232,0.3,2026.0,1,1,0.0,0.03524856,0.61163525,-0.57638669,1,0,1.0,0,0,0.0,0,0,0.0
corrected_vs_model_based,61232,0.3,2027.0,1,1,0.0,0.03524856,0.61163525,-0.57638669,1,0,1.0,0,0,0.0,0,0,0.0
corrected_vs_model_based,61232,0.3,2028.0,1,1,0.0,0.03524856,0.61163525,-0.57638669,1,0,1.0,0,0,0.0,0,0,0.0
corrected_vs_model_based,61497,0.2,2026.0,1,0,1.0,0.03175748,1.57295687,-1.54119939,11,2,9.0,1,0,1.0,0,0,0.0
corrected_vs_model_based,61497,0.2,2027.0,1,1,0.0,0.00621901,0.00831357,-0.00209456,8,4,4.0,0,0,0.0,0,0,0.0
corrected_vs_model_based,61497,0.2,2028.0,1,1,0.0,0.01243013,0.01959224,-0.00716211,9,5,4.0,0,0,0.0,0,0,0.0
corrected_vs_model_based,61497,0.3,2026.0,0,0,0.0,1.17010919,1.70833197,-0.53822278,15,7,8.0,1,0,1.0,1,0,1.0
corrected_vs_model_based,61497,0.3,2027.0,0,0,0.0,1.78261263,1.66684001,0.11577262,2,4,-2.0,0,0,0.0,0,0,0.0
corrected_vs_model_based,61497,0.3,2028.0,1,1,0.0,0.05088134,0.04576917,0.00511217,9,6,3.0,0,0,0.0,0,0,0.0
corrected_vs_model_based,61737,0.2,2026.0,1,1,0.0,0.00218806,0.00634416,-0.0041561,6,3,3.0,0,0,0.0,0,0,0.0
corrected_vs_model_based,61737,0.2,2027.0,1,0,1.0,8.505e-05,0.82198906,-0.82190401,6,4,2.0,0,1,-1.0,0,1,-1.0
corrected_vs_model_based,61737,0.2,2028.0,1,0,1.0,0.00161616,0.82198906,-0.8203729,6,4,2.0,0,1,-1.0,0,1,-1.0
corrected_vs_model_based,61737,0.3,2026.0,1,1,0.0,0.00139906,0.01135448,-0.00995542,11,3,8.0,0,0,0.0,0,0,0.0
corrected_vs_model_based,61737,0.3,2027.0,1,1,0.0,0.00238623,0.00684453,-0.0044583,6,7,-1.0,0,0,0.0,0,0,0.0
corrected_vs_model_based,61737,0.3,2028.0,1,1,0.0,0.00014469,0.00054575,-0.00040106,9,6,3.0,0,0,0.0,0,0,0.0
corrected_vs_model_based,61848,0.2,2026.0,1,0,1.0,0.00763356,0.9621375,-0.95450394,7,0,7.0,0,0,0.0,0,0,0.0
corrected_vs_model_based,61848,0.2,2027.0,0,0,0.0,0.8935474,0.9621375,-0.0685901,15,0,15.0,1,0,1.0,1,0,1.0
corrected_vs_model_based,61848,0.2,2028.0,1,0,1.0,0.00031131,0.9621375,-0.96182619,6,0,6.0,0,0,0.0,0,0,0.0
corrected_vs_model_based,61848,0.3,2026.0,1,0,1.0,0.00042669,0.9621375,-0.96171081,14,0,14.0,1,0,1.0,1,0,1.0
corrected_vs_model_based,61848,0.3,2027.0,1,0,1.0,0.00270019,0.9621375,-0.95943731,11,0,11.0,0,0,0.0,0,0,0.0
corrected_vs_model_based,61848,0.3,2028.0,1,0,1.0,0.00030021,0.9621375,-0.96183729,8,0,8.0,0,0,0.0,0,0,0.0
corrected_vs_model_based,64748,0.2,2026.0,0,0,0.0,1.01292222,1.8533795,-0.84045728,15,3,12.0,1,0,1.0,0,0,0.0
corrected_vs_model_based,64748,0.2,2027.0,0,0,0.0,1.03909244,1.05561673,-0.01652429,15,5,10.0,0,0,0.0,0,0,0.0
corrected_vs_model_based,64748,0.2,2028.0,0,0,0.0,1.19059513,1.09450283,0.0960923,15,15,0.0,0,1,-1.0,0,1,-1.0
corrected_vs_model_based,64748,0.3,2026.0,1,0,1.0,0.00294517,1.04881252,-1.04586735,13,6,7.0,0,1,-1.0,0,1,-1.0
corrected_vs_model_based,64748,0.3,2027.0,0,0,0.0,1.19444175,1.05360519,0.14083656,15,3,12.0,0,0,0.0,0,0,0.0
corrected_vs_model_based,64748,0.3,2028.0,0,0,0.0,1.20057145,1.04273605,0.1578354,15,5,10.0,1,1,0.0,1,1,0.0
corrected_vs_model_based,67430,0.2,2026.0,0,0,0.0,1.02652162,0.97376778,0.05275384,15,0,15.0,0,0,0.0,0,0,0.0
corrected_vs_model_based,67430,0.2,2027.0,0,0,0.0,1.01449214,0.97376778,0.04072436,15,0,15.0,0,0,0.0,0,0,0.0
corrected_vs_model_based,67430,0.2,2028.0,1,0,1.0,0.00192282,0.97376778,-0.97184496,9,0,9.0,0,0,0.0,0,0,0.0
corrected_vs_model_based,67430,0.3,2026.0,0,0,0.0,1.80164952,0.97376778,0.82788174,9,0,9.0,0,0,0.0,0,0,0.0
corrected_vs_model_based,67430,0.3,2027.0,1,0,1.0,0.00346274,0.97376778,-0.97030504,9,0,9.0,1,0,1.0,0,0,0.0
corrected_vs_model_based,67430,0.3,2028.0,1,0,1.0,0.00235818,0.97376778,-0.9714096,6,0,6.0,0,0,0.0,0,0,0.0
corrected_vs_model_based,67557,0.2,2026.0,0,0,0.0,1.02713636,1.00291419,0.02422217,15,0,15.0,0,0,0.0,0,0,0.0
corrected_vs_model_based,67557,0.2,2027.0,1,0,1.0,0.00228762,1.00291419,-1.00062657,12,0,12.0,1,0,1.0,0,0,0.0
corrected_vs_model_based,67557,0.2,2028.0,1,0,1.0,0.00050982,1.00291419,-1.00240437,13,0,13.0,0,0,0.0,0,0,0.0
corrected_vs_model_based,67557,0.3,2026.0,1,0,1.0,0.01713831,1.00291419,-0.98577588,15,0,15.0,0,0,0.0,0,0,0.0
corrected_vs_model_based,67557,0.3,2027.0,1,0,1.0,0.00866058,1.00291419,-0.99425361,13,0,13.0,0,0,0.0,0,0,0.0
corrected_vs_model_based,67557,0.3,2028.0,0,0,0.0,1.95154973,1.00291419,0.94863554,7,0,7.0,0,0,0.0,0,0,0.0
corrected_vs_model_based,6756,0.2,2026.0,0,0,0.0,0.76436888,1.01191854,-0.24754966,15,0,15.0,0,0,0.0,0,0,0.0
corrected_vs_model_based,6756,0.2,2027.0,1,0,1.0,0.43327824,1.01191854,-0.5786403,15,0,15.0,0,0,0.0,0,0,0.0
corrected_vs_model_based,6756,0.2,2028.0,0,0,0.0,1.08089905,1.01191854,0.06898051,15,0,15.0,0,0,0.0,0,0,0.0
corrected_vs_model_based,6756,0.3,2026.0,1,0,1.0,0.00879335,1.01191854,-1.00312519,15,0,15.0,0,0,0.0,0,0,0.0
corrected_vs_model_based,6756,0.3,2027.0,0,0,0.0,0.95006535,1.01191854,-0.06185319,15,0,15.0,0,0,0.0,0,0,0.0
corrected_vs_model_based,6756,0.3,2028.0,0,0,0.0,1.9677277,1.01191854,0.95580916,14,0,14.0,0,0,0.0,0,0,0.0
corrected_vs_model_based,67646,0.2,2026.0,1,1,0.0,0.00419528,0.0047877,-0.00059242,3,8,-5.0,0,0,0.0,0,0,0.0
corrected_vs_model_based,67646,0.2,2027.0,1,1,0.0,0.01566177,0.00861268,0.00704909,5,5,0.0,0,0,0.0,0,0,0.0
corrected_vs_model_based,67646,0.2,2028.0,1,0,1.0,0.01112761,0.91770455,-0.90657694,5,13,-8.0,0,0,0.0,0,0,0.0
corrected_vs_model_based,67646,0.3,2026.0,1,1,0.0,0.0050265,0.00030236,0.00472414,4,12,-8.0,0,1,-1.0,0,0,0.0
corrected_vs_model_based,67646,0.3,2027.0,1,1,0.0,0.00015777,0.00490943,-0.00475166,11,11,0.0,0,1,-1.0,0,0,0.0
corrected_vs_model_based,67646,0.3,2028.0,1,1,0.0,0.00419528,0.03853714,-0.03434186,3,8,-5.0,0,0,0.0,0,0,0.0
corrected_vs_model_based,681,0.2,2026.0,0,1,-1.0,1.01646855,0.49816223,0.51830632,15,15,0.0,0,1,-1.0,0,1,-1.0
corrected_vs_model_based,681,0.2,2027.0,0,1,-1.0,1.06380004,0.00674361,1.05705643,15,13,2.0,1,0,1.0,1,0,1.0
corrected_vs_model_based,681,0.2,2028.0,0,1,-1.0,1.73995599,0.19675955,1.54319644,15,15,0.0,0,1,-1.0,0,1,-1.0
corrected_vs_model_based,681,0.3,2026.0,0,0,0.0,1.40026176,1.06095446,0.3393073,15,1,14.0,0,0,0.0,0,0,0.0
corrected_vs_model_based,681,0.3,2027.0,0,0,0.0,1.08146503,1.10363439,-0.02216936,15,15,0.0,0,1,-1.0,0,1,-1.0
corrected_vs_model_based,681,0.3,2028.0,0,0,0.0,1.86581264,1.81222004,0.0535926,8,5,3.0,0,0,0.0,0,0,0.0
corrected_vs_model_based,68624,0.2,2026.0,1,1,0.0,0.00044494,0.42176111,-0.42131617,11,14,-3.0,1,1,0.0,0,1,-1.0
corrected_vs_model_based,68624,0.2,2027.0,1,1,0.0,0.0134996,0.10436413,-0.09086453,9,8,1.0,0,0,0.0,0,0,0.0
corrected_vs_model_based,68624,0.2,2028.0,1,1,0.0,0.17006244,0.69353806,-0.52347562,15,7,8.0,1,1,0.0,0,0,0.0
corrected_vs_model_based,68624,0.3,2026.0,1,1,0.0,0.00042481,0.00646161,-0.0060368,9,11,-2.0,0,0,0.0,0,0,0.0
corrected_vs_model_based,68624,0.3,2027.0,1,1,0.0,8.387e-05,0.69353806,-0.69345419,12,7,5.0,1,1,0.0,0,0,0.0
corrected_vs_model_based,68624,0.3,2028.0,0,0,0.0,1.04838735,0.98964569,0.05874166,15,4,11.0,0,1,-1.0,0,0,0.0
corrected_vs_model_based,68974,0.2,2026.0,0,0,0.0,0.97630803,0.9685339,0.00777413,15,0,15.0,0,0,0.0,0,0,0.0
corrected_vs_model_based,68974,0.2,2027.0,1,0,1.0,0.00196817,0.9685339,-0.96656573,14,0,14.0,1,0,1.0,0,0,0.0
corrected_vs_model_based,68974,0.2,2028.0,1,0,1.0,0.00011562,0.9685339,-0.96841828,6,0,6.0,0,0,0.0,0,0,0.0
corrected_vs_model_based,68974,0.3,2026.0,0,0,0.0,1.0450222,0.9685339,0.0764883,15,0,15.0,0,0,0.0,0,0,0.0
corrected_vs_model_based,68974,0.3,2027.0,1,0,1.0,0.00437418,0.9685339,-0.96415972,10,0,10.0,0,0,0.0,0,0,0.0
corrected_vs_model_based,68974,0.3,2028.0,1,0,1.0,0.60601117,0.9685339,-0.36252273,15,0,15.0,0,0,0.0,0,0,0.0
corrected_vs_model_based,69372,0.2,2026.0,0,0,0.0,1.88212436,1.88212436,0.0,3,3,0.0,0,0,0.0,0,0,0.0
corrected_vs_model_based,69372,0.2,2027.0,1,1,0.0,0.0002246,3.921e-05,0.00018539,4,4,0.0,0,0,0.0,0,0,0.0
corrected_vs_model_based,69372,0.2,2028.0,0,0,0.0,0.98636592,1.07003028,-0.08366436,15,2,13.0,0,0,0.0,0,0,0.0
corrected_vs_model_based,69372,0.3,2026.0,1,1,0.0,6.101e-05,6.101e-05,0.0,4,4,0.0,0,0,0.0,0,0,0.0
corrected_vs_model_based,69372,0.3,2027.0,1,1,0.0,3.921e-05,3.921e-05,0.0,6,4,2.0,1,0,1.0,0,0,0.0
corrected_vs_model_based,69372,0.3,2028.0,0,0,0.0,0.92832072,0.93053877,-0.00221805,15,1,14.0,0,0,0.0,0,0,0.0
corrected_vs_model_based,69402,0.2,2026.0,1,0,1.0,0.00914077,0.95463402,-0.94549325,4,0,4.0,0,0,0.0,0,0,0.0
corrected_vs_model_based,69402,0.2,2027.0,1,0,1.0,0.00968801,0.95463402,-0.94494601,7,0,7.0,0,0,0.0,0,0,0.0
corrected_vs_model_based,69402,0.2,2028.0,1,0,1.0,0.00914077,0.95463402,-0.94549325,4,0,4.0,0,0,0.0,0,0,0.0
corrected_vs_model_based,69402,0.3,2026.0,1,0,1.0,0.00914077,0.95463402,-0.94549325,4,0,4.0,0,0,0.0,0,0,0.0
corrected_vs_model_based,69402,0.3,2027.0,1,0,1.0,0.00102672,0.95463402,-0.9536073,7,0,7.0,0,0,0.0,0,0,0.0
corrected_vs_model_based,69402,0.3,2028.0,0,0,0.0,1.0132978,0.95463402,0.05866378,15,0,15.0,0,0,0.0,0,0,0.0
corrected_vs_model_based,70085,0.2,2026.0,1,1,0.0,0.00626476,0.00705171,-0.00078695,4,4,0.0,0,0,0.0,0,0,0.0
corrected_vs_model_based,70085,0.2,2027.0,1,1,0.0,1.216e-05,0.00427834,-0.00426618,4,2,2.0,0,0,0.0,0,0,0.0
corrected_vs_model_based,70085,0.2,2028.0,1,1,0.0,1.216e-05,0.00427834,-0.00426618,4,2,2.0,0,0,0.0,0,0,0.0
corrected_vs_model_based,70085,0.3,2026.0,1,1,0.0,1.216e-05,0.00427834,-0.00426618,4,2,2.0,0,0,0.0,0,0,0.0
corrected_vs_model_based,70085,0.3,2027.0,1,1,0.0,0.00245568,0.00143372,0.00102196,4,6,-2.0,0,0,0.0,0,0,0.0
corrected_vs_model_based,70085,0.3,2028.0,1,1,0.0,1.25e-05,0.00427834,-0.00426584,4,2,2.0,0,0,0.0,0,0,0.0
corrected_vs_model_based,7013,0.2,2026.0,0,0,0.0,1.77716986,1.80079198,-0.02362212,8,12,-4.0,0,1,-1.0,0,1,-1.0
corrected_vs_model_based,7013,0.2,2027.0,0,0,0.0,1.00431324,1.09147297,-0.08715973,15,7,8.0,0,1,-1.0,0,1,-1.0
corrected_vs_model_based,7013,0.2,2028.0,0,0,0.0,1.02604652,1.03454339,-0.00849687,15,4,11.0,0,1,-1.0,0,1,-1.0
corrected_vs_model_based,7013,0.3,2026.0,0,0,0.0,1.0280219,1.08591683,-0.05789493,15,5,10.0,0,0,0.0,0,0,0.0
corrected_vs_model_based,7013,0.3,2027.0,0,0,0.0,1.09217939,1.08534514,0.00683425,15,7,8.0,0,0,0.0,0,0,0.0
corrected_vs_model_based,7013,0.3,2028.0,0,0,0.0,1.73296327,1.91534785,-0.18238458,7,8,-1.0,0,1,-1.0,0,1,-1.0
corrected_vs_model_based,71249,0.2,2026.0,1,1,0.0,0.00456375,0.00528268,-0.00071893,5,4,1.0,0,0,0.0,0,0,0.0
corrected_vs_model_based,71249,0.2,2027.0,1,1,0.0,0.00257782,0.00314396,-0.00056614,5,3,2.0,0,0,0.0,0,0,0.0
corrected_vs_model_based,71249,0.2,2028.0,1,1,0.0,0.00343451,0.00415807,-0.00072356,7,6,1.0,0,0,0.0,0,0,0.0
corrected_vs_model_based,71249,0.3,2026.0,1,1,0.0,0.05966729,0.00146729,0.0582,15,4,11.0,1,0,1.0,0,0,0.0
corrected_vs_model_based,71249,0.3,2027.0,1,1,0.0,0.00706127,0.00451279,0.00254848,15,9,6.0,0,1,-1.0,0,0,0.0
corrected_vs_model_based,71249,0.3,2028.0,0,0,0.0,0.98757331,1.51033558,-0.52276227,15,15,0.0,0,1,-1.0,0,1,-1.0
corrected_vs_model_based,71499,0.2,2026.0,1,1,0.0,0.00123218,0.06809546,-0.06686328,9,4,5.0,0,0,0.0,0,0,0.0
corrected_vs_model_based,71499,0.2,2027.0,1,1,0.0,0.06359876,0.06809546,-0.0044967,6,4,2.0,0,0,0.0,0,0,0.0
corrected_vs_model_based,71499,0.2,2028.0,1,1,0.0,0.06359876,0.06809546,-0.0044967,6,4,2.0,0,0,0.0,0,0,0.0
corrected_vs_model_based,71499,0.3,2026.0,1,0,1.0,0.01817087,0.74278954,-0.72461867,6,3,3.0,0,0,0.0,0,0,0.0
corrected_vs_model_based,71499,0.3,2027.0,0,0,0.0,1.85920712,1.83109692,0.0281102,9,5,4.0,0,0,0.0,0,0,0.0
corrected_vs_model_based,71499,0.3,2028.0,1,1,0.0,0.00839327,0.01262319,-0.00422992,6,10,-4.0,0,1,-1.0,0,0,0.0
corrected_vs_model_based,7169,0.2,2026.0,1,1,0.0,0.00215005,0.00215005,0.0,4,4,0.0,0,0,0.0,0,0,0.0
corrected_vs_model_based,7169,0.2,2027.0,1,1,0.0,0.03854053,0.59836018,-0.55981965,2,1,1.0,0,0,0.0,0,0,0.0
corrected_vs_model_based,7169,0.2,2028.0,1,1,0.0,0.00215005,0.00215005,0.0,4,4,0.0,0,0,0.0,0,0,0.0
corrected_vs_model_based,7169,0.3,2026.0,1,1,0.0,0.00265998,0.00265998,0.0,3,3,0.0,0,0,0.0,0,0,0.0
corrected_vs_model_based,7169,0.3,2027.0,1,0,1.0,0.00700915,0.94110504,-0.93409589,10,1,9.0,1,0,1.0,0,0,0.0
corrected_vs_model_based,7169,0.3,2028.0,1,1,0.0,0.00236958,0.00236958,0.0,6,5,1.0,1,1,0.0,0,0,0.0
corrected_vs_model_based,72012,0.2,2026.0,1,1,0.0,0.0037733,0.00383549,-6.219e-05,3,2,1.0,0,0,0.0,0,0,0.0
corrected_vs_model_based,72012,0.2,2027.0,1,1,0.0,0.0037733,0.00383549,-6.219e-05,3,2,1.0,0,0,0.0,0,0,0.0
corrected_vs_model_based,72012,0.2,2028.0,1,1,0.0,0.0037733,0.00383549,-6.219e-05,3,2,1.0,0,0,0.0,0,0,0.0
corrected_vs_model_based,72012,0.3,2026.0,1,1,0.0,0.00378188,0.00383549,-5.361e-05,3,2,1.0,0,0,0.0,0,0,0.0
corrected_vs_model_based,72012,0.3,2027.0,0,0,0.0,1.06298146,1.36926451,-0.30628305,15,15,0.0,0,1,-1.0,0,1,-1.0
corrected_vs_model_based,72012,0.3,2028.0,0,0,0.0,1.02042203,1.09901784,-0.07859581,15,2,13.0,0,0,0.0,0,0,0.0
corrected_vs_model_based,72058,0.2,2026.0,0,0,0.0,0.84431616,1.00978862,-0.16547246,15,0,15.0,0,0,0.0,0,0,0.0
corrected_vs_model_based,72058,0.2,2027.0,0,0,0.0,1.12079519,1.00978862,0.11100657,15,0,15.0,0,0,0.0,0,0,0.0
corrected_vs_model_based,72058,0.2,2028.0,1,0,1.0,0.00199156,1.00978862,-1.00779706,15,0,15.0,0,0,0.0,0,0,0.0
corrected_vs_model_based,72058,0.3,2026.0,0,0,0.0,1.78190331,1.00978862,0.77211469,12,0,12.0,0,0,0.0,0,0,0.0
corrected_vs_model_based,72058,0.3,2027.0,0,0,0.0,0.86405348,1.00978862,-0.14573514,15,0,15.0,0,0,0.0,0,0,0.0
corrected_vs_model_based,72058,0.3,2028.0,0,0,0.0,0.92957298,1.00978862,-0.08021564,15,0,15.0,0,0,0.0,0,0,0.0
corrected_vs_model_based,72546,0.2,2026.0,1,1,0.0,0.00883543,0.01320719,-0.00437176,3,5,-2.0,0,1,-1.0,0,1,-1.0
corrected_vs_model_based,72546,0.2,2027.0,1,1,0.0,0.00549748,0.00250383,0.00299365,3,5,-2.0,0,1,-1.0,0,1,-1.0
corrected_vs_model_based,72546,0.2,2028.0,1,1,0.0,0.00883543,0.00407971,0.00475572,3,6,-3.0,0,1,-1.0,0,1,-1.0
corrected_vs_model_based,72546,0.3,2026.0,1,1,0.0,0.00549748,0.00103703,0.00446045,3,4,-1.0,0,1,-1.0,0,1,-1.0
corrected_vs_model_based,72546,0.3,2027.0,1,0,1.0,0.00131967,0.99300283,-0.99168316,7,1,6.0,1,0,1.0,0,0,0.0
corrected_vs_model_based,72546,0.3,2028.0,1,1,0.0,0.00254543,0.5317984,-0.52925297,4,3,1.0,0,1,-1.0,0,1,-1.0
corrected_vs_model_based,73295,0.2,2026.0,1,1,0.0,0.00018857,0.00055623,-0.00036766,6,4,2.0,0,0,0.0,0,0,0.0
corrected_vs_model_based,73295,0.2,2027.0,1,1,0.0,0.00372178,0.00686458,-0.0031428,7,12,-5.0,0,1,-1.0,0,1,-1.0
corrected_vs_model_based,73295,0.2,2028.0,1,1,0.0,0.00018857,0.00055623,-0.00036766,6,4,2.0,0,0,0.0,0,0,0.0
corrected_vs_model_based,73295,0.3,2026.0,1,1,0.0,0.00046995,0.00055623,-8.628e-05,5,4,1.0,0,0,0.0,0,0,0.0
corrected_vs_model_based,73295,0.3,2027.0,0,1,-1.0,1.04256128,0.00028749,1.04227379,15,15,0.0,0,1,-1.0,0,0,0.0
corrected_vs_model_based,73295,0.3,2028.0,0,0,0.0,1.73268534,1.72707922,0.00560612,5,3,2.0,0,0,0.0,0,0,0.0
corrected_vs_model_based,74885,0.2,2026.0,0,0,0.0,0.96048936,1.00601719,-0.04552783,15,0,15.0,0,0,0.0,0,0,0.0
corrected_vs_model_based,74885,0.2,2027.0,0,0,0.0,0.92643993,1.00601719,-0.07957726,15,0,15.0,0,0,0.0,0,0,0.0
corrected_vs_model_based,74885,0.2,2028.0,0,0,0.0,0.97256299,1.00601719,-0.0334542,15,0,15.0,0,0,0.0,0,0,0.0
corrected_vs_model_based,74885,0.3,2026.0,0,0,0.0,0.98404068,1.00601719,-0.02197651,15,0,15.0,0,0,0.0,0,0,0.0
corrected_vs_model_based,74885,0.3,2027.0,0,0,0.0,1.19701934,1.00601719,0.19100215,15,0,15.0,0,0,0.0,0,0,0.0
corrected_vs_model_based,74885,0.3,2028.0,0,0,0.0,1.00472241,1.00601719,-0.00129478,15,0,15.0,1,0,1.0,0,0,0.0
corrected_vs_model_based,74916,0.2,2026.0,0,0,0.0,1.87444026,1.83336165,0.04107861,9,9,0.0,0,1,-1.0,0,1,-1.0
corrected_vs_model_based,74916,0.2,2027.0,0,0,0.0,0.87501847,0.98298263,-0.10796416,15,15,0.0,0,1,-1.0,0,1,-1.0
corrected_vs_model_based,74916,0.2,2028.0,1,0,1.0,0.09532127,1.643706,-1.54838473,15,12,3.0,0,1,-1.0,0,1,-1.0
corrected_vs_model_based,74916,0.3,2026.0,0,0,0.0,1.81805019,0.99453888,0.82351131,12,2,10.0,1,0,1.0,1,0,1.0
corrected_vs_model_based,74916,0.3,2027.0,1,1,0.0,0.76671671,0.65790157,0.10881514,15,15,0.0,0,1,-1.0,0,1,-1.0
corrected_vs_model_based,74916,0.3,2028.0,0,0,0.0,1.27123324,0.99625853,0.27497471,15,2,13.0,1,0,1.0,1,0,1.0
corrected_vs_model_based,7571,0.2,2026.0,1,0,1.0,0.11281712,1.06392793,-0.95111081,15,1,14.0,1,0,1.0,0,0,0.0
corrected_vs_model_based,7571,0.2,2027.0,1,1,0.0,0.00252802,0.00252802,0.0,2,2,0.0,0,0,0.0,0,0,0.0
corrected_vs_model_based,7571,0.2,2028.0,1,1,0.0,0.00193896,0.00193896,0.0,2,2,0.0,0,0,0.0,0,0,0.0
corrected_vs_model_based,7571,0.3,2026.0,1,1,0.0,0.00193896,0.00193896,0.0,2,2,0.0,0,0,0.0,0,0,0.0
corrected_vs_model_based,7571,0.3,2027.0,1,1,0.0,0.00614722,0.00148769,0.00465953,3,3,0.0,0,0,0.0,0,0,0.0
corrected_vs_model_based,7571,0.3,2028.0,1,1,0.0,0.00215602,0.00215602,0.0,2,2,0.0,0,0,0.0,0,0,0.0
corrected_vs_model_based,75733,0.2,2026.0,1,1,0.0,0.02663848,0.61209009,-0.58545161,2,0,2.0,0,0,0.0,0,0,0.0
corrected_vs_model_based,75733,0.2,2027.0,1,1,0.0,0.02663848,0.61209009,-0.58545161,2,0,2.0,0,0,0.0,0,0,0.0
corrected_vs_model_based,75733,0.2,2028.0,1,1,0.0,0.0248572,0.61209009,-0.58723289,3,0,3.0,0,0,0.0,0,0,0.0
corrected_vs_model_based,75733,0.3,2026.0,1,1,0.0,0.02663848,0.61209009,-0.58545161,2,0,2.0,0,0,0.0,0,0,0.0
corrected_vs_model_based,75733,0.3,2027.0,1,1,0.0,0.02663848,0.61209009,-0.58545161,2,0,2.0,0,0,0.0,0,0,0.0
corrected_vs_model_based,75733,0.3,2028.0,1,1,0.0,0.0060455,0.61209009,-0.60604459,14,0,14.0,0,0,0.0,0,0,0.0
corrected_vs_model_based,75760,0.2,2026.0,0,1,-1.0,1.77575378,0.00480814,1.77094564,9,8,1.0,0,1,-1.0,0,1,-1.0
corrected_vs_model_based,75760,0.2,2027.0,0,1,-1.0,0.70457815,0.00398035,0.7005978,15,3,12.0,0,0,0.0,0,0,0.0
corrected_vs_model_based,75760,0.2,2028.0,1,1,0.0,0.00327696,0.00398035,-0.00070339,11,3,8.0,0,0,0.0,0,0,0.0
corrected_vs_model_based,75760,0.3,2026.0,1,1,0.0,7.3e-05,0.00398035,-0.00390735,10,3,7.0,0,0,0.0,0,0,0.0
corrected_vs_model_based,75760,0.3,2027.0,1,1,0.0,0.07736848,0.00412797,0.07324051,15,4,11.0,0,0,0.0,0,0,0.0
corrected_vs_model_based,75760,0.3,2028.0,1,1,0.0,0.00372449,0.00398035,-0.00025586,8,3,5.0,1,0,1.0,0,0,0.0
corrected_vs_model_based,76630,0.2,2026.0,1,1,0.0,0.00193838,0.00193838,0.0,3,3,0.0,0,0,0.0,0,0,0.0
corrected_vs_model_based,76630,0.2,2027.0,1,1,0.0,0.00267317,0.00094653,0.00172664,11,6,5.0,1,1,0.0,1,0,1.0
corrected_vs_model_based,76630,0.2,2028.0,1,1,0.0,0.00155706,0.00155706,0.0,3,3,0.0,0,0,0.0,0,0,0.0
corrected_vs_model_based,76630,0.3,2026.0,1,1,0.0,0.00155706,0.00155706,0.0,3,3,0.0,0,0,0.0,0,0,0.0
corrected_vs_model_based,76630,0.3,2027.0,1,1,0.0,0.00155706,0.00155706,0.0,3,3,0.0,0,0,0.0,0,0,0.0
corrected_vs_model_based,76630,0.3,2028.0,1,0,1.0,0.00033731,1.76415718,-1.76381987,7,3,4.0,1,0,1.0,1,0,1.0
corrected_vs_model_based,77351,0.2,2026.0,1,1,0.0,0.00284678,0.55882518,-0.5559784,6,5,1.0,0,1,-1.0,0,1,-1.0
corrected_vs_model_based,77351,0.2,2027.0,1,1,0.0,0.01092356,0.00429815,0.00662541,2,4,-2.0,0,0,0.0,0,0,0.0
corrected_vs_model_based,77351,0.2,2028.0,1,1,0.0,0.00058032,0.55931976,-0.55873944,8,5,3.0,0,1,-1.0,0,1,-1.0
corrected_vs_model_based,77351,0.3,2026.0,1,1,0.0,0.00259171,0.533193,-0.53060129,12,6,6.0,0,1,-1.0,0,1,-1.0
corrected_vs_model_based,77351,0.3,2027.0,1,1,0.0,0.00284678,0.74753649,-0.74468971,6,3,3.0,0,0,0.0,0,0,0.0
corrected_vs_model_based,77351,0.3,2028.0,1,1,0.0,0.00021211,0.55882518,-0.55861307,6,5,1.0,0,1,-1.0,0,1,-1.0
corrected_vs_model_based,77455,0.2,2026.0,0,0,0.0,1.13484776,1.61648406,-0.4816363,15,8,7.0,0,0,0.0,0,0,0.0
corrected_vs_model_based,77455,0.2,2027.0,1,1,0.0,0.00049985,0.0051359,-0.00463605,10,12,-2.0,0,1,-1.0,0,1,-1.0
corrected_vs_model_based,77455,0.2,2028.0,0,0,0.0,1.91440032,1.88480813,0.02959219,12,3,9.0,0,0,0.0,0,0,0.0
corrected_vs_model_based,77455,0.3,2026.0,0,0,0.0,1.96579445,1.80467753,0.16111692,6,7,-1.0,0,0,0.0,0,0,0.0
corrected_vs_model_based,77455,0.3,2027.0,1,1,0.0,0.00051506,0.01845947,-0.01794441,6,8,-2.0,0,1,-1.0,0,1,-1.0
corrected_vs_model_based,77455,0.3,2028.0,0,0,0.0,1.8816595,1.95664764,-0.07498814,3,6,-3.0,0,1,-1.0,0,1,-1.0
corrected_vs_model_based,77692,0.2,2026.0,0,0,0.0,1.87340557,0.98413693,0.88926864,8,0,8.0,0,0,0.0,0,0,0.0
corrected_vs_model_based,77692,0.2,2027.0,1,0,1.0,0.01086031,0.98413693,-0.97327662,11,0,11.0,0,0,0.0,0,0,0.0
corrected_vs_model_based,77692,0.2,2028.0,1,0,1.0,0.00725584,0.98413693,-0.97688109,13,0,13.0,0,0,0.0,0,0,0.0
corrected_vs_model_based,77692,0.3,2026.0,0,0,0.0,0.94887012,0.98413693,-0.03526681,15,0,15.0,0,0,0.0,0,0,0.0
corrected_vs_model_based,77692,0.3,2027.0,1,0,1.0,0.01109849,0.98413693,-0.97303844,14,0,14.0,0,0,0.0,0,0,0.0
corrected_vs_model_based,77692,0.3,2028.0,0,0,0.0,1.04649842,0.98413693,0.06236149,15,0,15.0,1,0,1.0,1,0,1.0
corrected_vs_model_based,78017,0.2,2026.0,1,1,0.0,0.00312238,0.7110026,-0.70788022,7,3,4.0,0,0,0.0,0,0,0.0
corrected_vs_model_based,78017,0.2,2027.0,1,1,0.0,0.00858735,0.7110026,-0.70241525,7,3,4.0,0,0,0.0,0,0,0.0
corrected_vs_model_based,78017,0.2,2028.0,1,1,0.0,0.0001875,0.7110026,-0.7108151,5,3,2.0,0,0,0.0,0,0,0.0
corrected_vs_model_based,78017,0.3,2026.0,1,1,0.0,0.0001875,0.7110026,-0.7108151,5,3,2.0,0,0,0.0,0,0,0.0
corrected_vs_model_based,78017,0.3,2027.0,1,1,0.0,0.00448156,0.7110026,-0.70652104,6,3,3.0,0,0,0.0,0,0,0.0
corrected_vs_model_based,78017,0.3,2028.0,1,1,0.0,0.00486942,0.7110026,-0.70613318,9,3,6.0,0,0,0.0,0,0,0.0
corrected_vs_model_based,78162,0.2,2026.0,0,0,0.0,1.03525046,1.01419984,0.02105062,15,0,15.0,0,0,0.0,0,0,0.0
corrected_vs_model_based,78162,0.2,2027.0,0,0,0.0,0.8877839,1.01419984,-0.12641594,15,0,15.0,0,0,0.0,0,0,0.0
corrected_vs_model_based,78162,0.2,2028.0,0,0,0.0,0.97925549,1.01419984,-0.03494435,15,0,15.0,0,0,0.0,0,0,0.0
corrected_vs_model_based,78162,0.3,2026.0,0,0,0.0,1.1341438,1.01419984,0.11994396,15,0,15.0,0,0,0.0,0,0,0.0
corrected_vs_model_based,78162,0.3,2027.0,0,0,0.0,1.91539031,1.01419984,0.90119047,13,0,13.0,0,0,0.0,0,0,0.0
corrected_vs_model_based,78162,0.3,2028.0,0,0,0.0,1.57891788,1.01419984,0.56471804,15,0,15.0,0,0,0.0,0,0,0.0
corrected_vs_model_based,78207,0.2,2026.0,1,1,0.0,0.00059368,0.02951587,-0.02892219,3,2,1.0,0,0,0.0,0,0,0.0
corrected_vs_model_based,78207,0.2,2027.0,1,1,0.0,0.00073987,7.91e-05,0.00066077,11,10,1.0,1,1,0.0,0,1,-1.0
corrected_vs_model_based,78207,0.2,2028.0,1,1,0.0,0.00059368,0.02951587,-0.02892219,3,2,1.0,0,0,0.0,0,0,0.0
corrected_vs_model_based,78207,0.3,2026.0,1,1,0.0,0.00059368,0.02951587,-0.02892219,3,2,1.0,0,0,0.0,0,0,0.0
corrected_vs_model_based,78207,0.3,2027.0,0,1,-1.0,1.85987736,0.02951587,1.83036149,7,2,5.0,1,0,1.0,1,0,1.0
corrected_vs_model_based,78207,0.3,2028.0,1,1,0.0,0.00059368,0.04003962,-0.03944594,3,2,1.0,0,0,0.0,0,0,0.0
corrected_vs_model_based,78225,0.2,2026.0,1,0,1.0,0.00459349,0.99637139,-0.9917779,9,2,7.0,0,0,0.0,0,0,0.0
corrected_vs_model_based,78225,0.2,2027.0,1,1,0.0,0.0020388,0.00221525,-0.00017645,5,5,0.0,0,0,0.0,0,0,0.0
corrected_vs_model_based,78225,0.2,2028.0,1,1,0.0,0.003828,0.02994416,-0.02611616,3,2,1.0,0,0,0.0,0,0,0.0
corrected_vs_model_based,78225,0.3,2026.0,1,1,0.0,0.00134824,0.02994416,-0.02859592,3,2,1.0,0,0,0.0,0,0,0.0
corrected_vs_model_based,78225,0.3,2027.0,1,1,0.0,0.01259944,0.02994416,-0.01734472,4,2,2.0,0,0,0.0,0,0,0.0
corrected_vs_model_based,78225,0.3,2028.0,1,1,0.0,0.00148994,0.00140594,8.4e-05,10,8,2.0,0,0,0.0,0,0,0.0
corrected_vs_model_based,78369,0.2,2026.0,1,0,1.0,0.00320247,0.93109651,-0.92789404,5,0,5.0,0,0,0.0,0,0,0.0
corrected_vs_model_based,78369,0.2,2027.0,0,0,0.0,0.94741634,0.93109651,0.01631983,15,0,15.0,0,0,0.0,0,0,0.0
corrected_vs_model_based,78369,0.2,2028.0,1,0,1.0,0.00539858,0.93109651,-0.92569793,6,0,6.0,0,0,0.0,0,0,0.0
corrected_vs_model_based,78369,0.3,2026.0,1,0,1.0,0.00320247,0.93109651,-0.92789404,5,0,5.0,0,0,0.0,0,0,0.0
corrected_vs_model_based,78369,0.3,2027.0,1,0,1.0,0.00031611,0.93109651,-0.9307804,9,0,9.0,0,0,0.0,0,0,0.0
corrected_vs_model_based,78369,0.3,2028.0,1,0,1.0,0.00134539,0.93109651,-0.92975112,8,0,8.0,0,0,0.0,0,0,0.0
corrected_vs_model_based,7861,0.2,2026.0,1,0,1.0,0.00370761,0.87406491,-0.8703573,6,2,4.0,0,0,0.0,0,0,0.0
corrected_vs_model_based,7861,0.2,2027.0,1,0,1.0,0.00427051,0.87854447,-0.87427396,7,2,5.0,0,0,0.0,0,0,0.0
corrected_vs_model_based,7861,0.2,2028.0,1,0,1.0,0.83191701,0.87406491,-0.0421479,15,2,13.0,0,0,0.0,0,0,0.0
corrected_vs_model_based,7861,0.3,2026.0,1,0,1.0,0.73047459,0.87406491,-0.14359032,15,2,13.0,0,0,0.0,0,0,0.0
corrected_vs_model_based,7861,0.3,2027.0,1,0,1.0,0.8923694,0.87406491,0.01830449,15,2,13.0,0,0,0.0,0,0,0.0
corrected_vs_model_based,7861,0.3,2028.0,1,0,1.0,0.010878,0.95983633,-0.94895833,6,4,2.0,0,0,0.0,0,0,0.0
corrected_vs_model_based,80212,0.2,2026.0,0,0,0.0,1.77362511,0.97174409,0.80188102,4,0,4.0,0,0,0.0,0,0,0.0
corrected_vs_model_based,80212,0.2,2027.0,1,0,1.0,0.00874114,0.97174409,-0.96300295,7,0,7.0,0,0,0.0,0,0,0.0
corrected_vs_model_based,80212,0.2,2028.0,1,0,1.0,0.00241334,0.97174409,-0.96933075,5,0,5.0,0,0,0.0,0,0,0.0
corrected_vs_model_based,80212,0.3,2026.0,1,0,1.0,0.00408806,0.97174409,-0.96765603,10,0,10.0,0,0,0.0,0,0,0.0
corrected_vs_model_based,80212,0.3,2027.0,0,0,0.0,1.77775167,0.97174409,0.80600758,10,0,10.0,0,0,0.0,0,0,0.0
corrected_vs_model_based,80212,0.3,2028.0,1,0,1.0,0.00810725,0.97174409,-0.96363684,8,0,8.0,0,0,0.0,0,0,0.0
corrected_vs_model_based,80277,0.2,2026.0,1,0,1.0,0.00385067,0.96794084,-0.96409017,7,0,7.0,0,0,0.0,0,0,0.0
corrected_vs_model_based,80277,0.2,2027.0,1,0,1.0,3.97e-05,0.96794084,-0.96790114,5,0,5.0,0,0,0.0,0,0,0.0
corrected_vs_model_based,80277,0.2,2028.0,1,0,1.0,3.972e-05,0.96794084,-0.96790112,6,0,6.0,0,0,0.0,0,0,0.0
corrected_vs_model_based,80277,0.3,2026.0,1,0,1.0,0.00571327,0.96794084,-0.96222757,11,0,11.0,1,0,1.0,0,0,0.0
corrected_vs_model_based,80277,0.3,2027.0,0,0,0.0,1.15384027,0.96794084,0.18589943,15,0,15.0,0,0,0.0,0,0,0.0
corrected_vs_model_based,80277,0.3,2028.0,0,0,0.0,1.93206207,0.96794084,0.96412123,9,0,9.0,0,0,0.0,0,0,0.0
corrected_vs_model_based,81601,0.2,2026.0,0,0,0.0,1.86598872,1.86598872,0.0,2,2,0.0,0,0,0.0,0,0,0.0
corrected_vs_model_based,81601,0.2,2027.0,1,1,0.0,0.00717843,0.02388385,-0.01670542,4,3,1.0,0,0,0.0,0,0,0.0
corrected_vs_model_based,81601,0.2,2028.0,1,1,0.0,0.00717843,0.02388385,-0.01670542,4,3,1.0,0,0,0.0,0,0,0.0
corrected_vs_model_based,81601,0.3,2026.0,1,1,0.0,0.00717843,0.02388385,-0.01670542,4,3,1.0,0,0,0.0,0,0,0.0
corrected_vs_model_based,81601,0.3,2027.0,1,1,0.0,0.00717843,0.02388385,-0.01670542,4,3,1.0,0,0,0.0,0,0,0.0
corrected_vs_model_based,81601,0.3,2028.0,0,0,0.0,1.87751853,1.87751853,0.0,3,3,0.0,0,0,0.0,0,0,0.0
corrected_vs_model_based,82888,0.2,2026.0,0,0,0.0,0.95998442,0.99959195,-0.03960753,15,0,15.0,0,0,0.0,0,0,0.0
corrected_vs_model_based,82888,0.2,2027.0,1,0,1.0,0.00335533,0.99959195,-0.99623662,12,0,12.0,0,0,0.0,0,0,0.0
corrected_vs_model_based,82888,0.2,2028.0,1,0,1.0,0.00100569,0.99959195,-0.99858626,15,0,15.0,0,0,0.0,0,0,0.0
corrected_vs_model_based,82888,0.3,2026.0,0,0,0.0,1.90150932,0.99959195,0.90191737,6,0,6.0,0,0,0.0,0,0,0.0
corrected_vs_model_based,82888,0.3,2027.0,0,0,0.0,1.54880975,0.99959195,0.5492178,15,0,15.0,0,0,0.0,0,0,0.0
corrected_vs_model_based,82888,0.3,2028.0,0,0,0.0,0.92311751,0.99959195,-0.07647444,15,0,15.0,0,0,0.0,0,0,0.0
corrected_vs_model_based,8310,0.2,2026.0,0,0,0.0,1.84015815,1.90539725,-0.0652391,7,7,0.0,0,0,0.0,0,0,0.0
corrected_vs_model_based,8310,0.2,2027.0,1,0,1.0,0.05202777,1.61557428,-1.56354651,15,9,6.0,0,0,0.0,0,0,0.0
corrected_vs_model_based,8310,0.2,2028.0,0,0,0.0,1.0554724,1.13045708,-0.07498468,15,15,0.0,0,1,-1.0,0,1,-1.0
corrected_vs_model_based,8310,0.3,2026.0,0,0,0.0,1.73588396,1.66269543,0.07318853,11,9,2.0,1,0,1.0,0,0,0.0
corrected_vs_model_based,8310,0.3,2027.0,0,0,0.0,1.02090455,0.9796849,0.04121965,15,1,14.0,0,0,0.0,0,0,0.0
corrected_vs_model_based,8310,0.3,2028.0,1,0,1.0,0.00100062,0.9796849,-0.97868428,11,1,10.0,0,0,0.0,0,0,0.0
corrected_vs_model_based,83138,0.2,2026.0,1,1,0.0,0.00453411,0.00127498,0.00325913,4,4,0.0,0,0,0.0,0,0,0.0
corrected_vs_model_based,83138,0.2,2027.0,1,1,0.0,0.00128531,0.00100161,0.0002837,7,6,1.0,0,1,-1.0,0,0,0.0
corrected_vs_model_based,83138,0.2,2028.0,1,1,0.0,0.00625652,0.01027451,-0.00401799,5,4,1.0,0,0,0.0,0,0,0.0
corrected_vs_model_based,83138,0.3,2026.0,1,1,0.0,0.00106937,0.00106937,0.0,6,5,1.0,0,0,0.0,0,0,0.0
corrected_vs_model_based,83138,0.3,2027.0,1,1,0.0,0.01790624,0.01790624,0.0,6,5,1.0,0,0,0.0,0,0,0.0
corrected_vs_model_based,83138,0.3,2028.0,1,1,0.0,0.00257982,0.00257982,0.0,5,4,1.0,0,0,0.0,0,0,0.0
corrected_vs_model_based,83767,0.2,2026.0,1,1,0.0,4.493e-05,0.00014117,-9.624e-05,13,9,4.0,0,1,-1.0,0,1,-1.0
corrected_vs_model_based,83767,0.2,2027.0,1,0,1.0,0.00304709,0.73683325,-0.73378616,3,3,0.0,0,0,0.0,0,0,0.0
corrected_vs_model_based,83767,0.2,2028.0,1,1,0.0,0.00253979,0.00010567,0.00243412,5,7,-2.0,0,1,-1.0,0,1,-1.0
corrected_vs_model_based,83767,0.3,2026.0,1,1,0.0,0.00021924,0.04269533,-0.04247609,5,3,2.0,0,0,0.0,0,0,0.0
corrected_vs_model_based,83767,0.3,2027.0,1,1,0.0,0.00280941,0.00305053,-0.00024112,14,8,6.0,0,0,0.0,0,0,0.0
corrected_vs_model_based,83767,0.3,2028.0,1,0,1.0,0.00304709,1.73955628,-1.73650919,3,6,-3.0,0,1,-1.0,0,1,-1.0
corrected_vs_model_based,83868,0.2,2026.0,1,1,0.0,0.01915245,0.57086852,-0.55171607,2,1,1.0,0,0,0.0,0,0,0.0
corrected_vs_model_based,83868,0.2,2027.0,1,1,0.0,0.01915245,0.57086852,-0.55171607,2,1,1.0,0,0,0.0,0,0,0.0
corrected_vs_model_based,83868,0.2,2028.0,1,1,0.0,0.00153811,0.00961691,-0.0080788,2,5,-3.0,0,1,-1.0,0,1,-1.0
corrected_vs_model_based,83868,0.3,2026.0,1,1,0.0,0.00153811,0.00854551,-0.0070074,2,5,-3.0,0,1,-1.0,0,1,-1.0
corrected_vs_model_based,83868,0.3,2027.0,1,1,0.0,0.00153811,0.00153811,0.0,2,4,-2.0,0,1,-1.0,0,1,-1.0
corrected_vs_model_based,83868,0.3,2028.0,1,1,0.0,0.02060125,0.01366919,0.00693206,2,14,-12.0,0,1,-1.0,0,1,-1.0
corrected_vs_model_based,84221,0.2,2026.0,1,1,0.0,0.00153811,0.00153811,0.0,2,4,-2.0,0,1,-1.0,0,0,0.0
corrected_vs_model_based,84221,0.2,2027.0,1,1,0.0,0.02993334,0.57150343,-0.54157009,3,1,2.0,0,0,0.0,0,0,0.0
corrected_vs_model_based,84221,0.2,2028.0,1,1,0.0,0.00153811,0.00161672,-7.861e-05,2,2,0.0,0,0,0.0,0,0,0.0
corrected_vs_model_based,84221,0.3,2026.0,1,1,0.0,0.02061492,0.00161672,0.0189982,2,2,0.0,0,0,0.0,0,0,0.0
corrected_vs_model_based,84221,0.3,2027.0,1,1,0.0,0.00153811,0.00161672,-7.861e-05,2,2,0.0,0,0,0.0,0,0,0.0
corrected_vs_model_based,84221,0.3,2028.0,1,1,0.0,0.02037717,0.02037717,0.0,3,2,1.0,0,0,0.0,0,0,0.0
corrected_vs_model_based,84233,0.2,2026.0,1,1,0.0,0.01761458,0.01761458,0.0,1,1,0.0,0,0,0.0,0,0,0.0
corrected_vs_model_based,84233,0.2,2027.0,1,1,0.0,0.01761458,0.01761458,0.0,1,1,0.0,0,0,0.0,0,0,0.0
corrected_vs_model_based,84233,0.2,2028.0,1,1,0.0,0.01761458,0.01761458,0.0,1,1,0.0,0,0,0.0,0,0,0.0
corrected_vs_model_based,84233,0.3,2026.0,1,1,0.0,0.01761458,0.01761458,0.0,1,1,0.0,0,0,0.0,0,0,0.0
corrected_vs_model_based,84233,0.3,2027.0,1,1,0.0,0.00045694,0.47201693,-0.47155999,12,1,11.0,0,0,0.0,0,0,0.0
corrected_vs_model_based,84233,0.3,2028.0,1,1,0.0,0.01761458,0.01761458,0.0,1,1,0.0,0,0,0.0,0,0,0.0
corrected_vs_model_based,84903,0.2,2026.0,1,0,1.0,0.00042708,0.98477398,-0.9843469,9,0,9.0,0,0,0.0,0,0,0.0
corrected_vs_model_based,84903,0.2,2027.0,1,0,1.0,0.00077612,0.98477398,-0.98399786,9,0,9.0,0,0,0.0,0,0,0.0
corrected_vs_model_based,84903,0.2,2028.0,0,0,0.0,1.8062154,0.98477398,0.82144142,4,0,4.0,0,0,0.0,0,0,0.0
corrected_vs_model_based,84903,0.3,2026.0,1,0,1.0,0.00040997,0.98477398,-0.98436401,7,0,7.0,0,0,0.0,0,0,0.0
corrected_vs_model_based,84903,0.3,2027.0,1,0,1.0,3.388e-05,0.98477398,-0.9847401,8,0,8.0,0,0,0.0,0,0,0.0
corrected_vs_model_based,84903,0.3,2028.0,1,0,1.0,0.00043662,0.98477398,-0.98433736,10,0,10.0,0,0,0.0,0,0,0.0
corrected_vs_model_based,85727,0.2,2026.0,1,0,1.0,0.76382898,0.98403415,-0.22020517,15,0,15.0,0,0,0.0,0,0,0.0
corrected_vs_model_based,85727,0.2,2027.0,0,0,0.0,0.92876382,0.98403415,-0.05527033,15,0,15.0,0,0,0.0,0,0,0.0
corrected_vs_model_based,85727,0.2,2028.0,0,0,0.0,0.9469752,0.98403415,-0.03705895,15,0,15.0,0,0,0.0,0,0,0.0
corrected_vs_model_based,85727,0.3,2026.0,0,0,0.0,1.35711054,0.98403415,0.37307639,15,0,15.0,0,0,0.0,0,0,0.0
corrected_vs_model_based,85727,0.3,2027.0,1,0,1.0,0.85854768,0.98403415,-0.12548647,15,0,15.0,0,0,0.0,0,0,0.0
corrected_vs_model_based,85727,0.3,2028.0,0,0,0.0,0.91037913,0.98403415,-0.07365502,15,0,15.0,0,0,0.0,0,0,0.0
corrected_vs_model_based,85736,0.2,2026.0,1,1,0.0,0.0005021,0.00979362,-0.00929152,5,4,1.0,0,0,0.0,0,0,0.0
corrected_vs_model_based,85736,0.2,2027.0,1,1,0.0,0.0005021,0.00979362,-0.00929152,5,4,1.0,0,0,0.0,0,0,0.0
corrected_vs_model_based,85736,0.2,2028.0,1,1,0.0,0.00979362,0.00979362,0.0,5,4,1.0,0,0,0.0,0,0,0.0
corrected_vs_model_based,85736,0.3,2026.0,0,1,-1.0,0.90453588,0.04813406,0.85640182,15,9,6.0,0,1,-1.0,0,0,0.0
corrected_vs_model_based,85736,0.3,2027.0,1,1,0.0,0.01327964,0.01327964,0.0,4,4,0.0,0,0,0.0,0,0,0.0
corrected_vs_model_based,85736,0.3,2028.0,1,1,0.0,0.01280879,0.0429563,-0.03014751,5,4,1.0,0,0,0.0,0,0,0.0
corrected_vs_model_based,85911,0.2,2026.0,0,0,0.0,0.95234012,0.87210346,0.08023666,15,15,0.0,0,1,-1.0,0,1,-1.0
corrected_vs_model_based,85911,0.2,2027.0,1,0,1.0,0.82039188,0.87493968,-0.0545478,15,15,0.0,0,1,-1.0,0,1,-1.0
corrected_vs_model_based,85911,0.2,2028.0,0,0,0.0,1.88687681,1.63259496,0.25428185,15,7,8.0,1,0,1.0,0,0,0.0
corrected_vs_model_based,85911,0.3,2026.0,0,0,0.0,1.70396039,1.52208279,0.1818776,14,13,1.0,0,1,-1.0,0,1,-1.0
corrected_vs_model_based,85911,0.3,2027.0,0,0,0.0,1.01451214,0.88976267,0.12474947,15,15,0.0,0,1,-1.0,0,1,-1.0
corrected_vs_model_based,85911,0.3,2028.0,0,0,0.0,1.3197158,1.00544448,0.31427132,15,1,14.0,0,0,0.0,0,0,0.0
corrected_vs_model_based,86202,0.2,2026.0,0,0,0.0,1.93171838,0.86670401,1.06501437,11,1,10.0,0,0,0.0,0,0,0.0
corrected_vs_model_based,86202,0.2,2027.0,1,0,1.0,0.00966427,0.86670401,-0.85703974,5,1,4.0,0,0,0.0,0,0,0.0
corrected_vs_model_based,86202,0.2,2028.0,1,0,1.0,0.00130237,0.86670401,-0.86540164,4,1,3.0,0,0,0.0,0,0,0.0
corrected_vs_model_based,86202,0.3,2026.0,1,0,1.0,0.00130237,0.86670401,-0.86540164,4,1,3.0,0,0,0.0,0,0,0.0
corrected_vs_model_based,86202,0.3,2027.0,1,0,1.0,0.01186348,0.86670401,-0.85484053,8,1,7.0,1,0,1.0,1,0,1.0
corrected_vs_model_based,86202,0.3,2028.0,0,0,0.0,1.20631308,0.86670401,0.33960907,15,1,14.0,0,0,0.0,0,0,0.0
corrected_vs_model_based,86739,0.2,2026.0,0,0,0.0,1.83920148,0.98027378,0.8589277,15,0,15.0,0,0,0.0,0,0,0.0
corrected_vs_model_based,86739,0.2,2027.0,1,0,1.0,0.45503617,0.98027378,-0.52523761,15,0,15.0,0,0,0.0,0,0,0.0
corrected_vs_model_based,86739,0.2,2028.0,0,0,0.0,0.92686505,0.98027378,-0.05340873,15,0,15.0,0,0,0.0,0,0,0.0
corrected_vs_model_based,86739,0.3,2026.0,1,0,1.0,0.00336418,0.98027378,-0.9769096,10,0,10.0,0,0,0.0,0,0,0.0
corrected_vs_model_based,86739,0.3,2027.0,1,0,1.0,0.01114766,0.98027378,-0.96912612,14,0,14.0,1,0,1.0,0,0,0.0
corrected_vs_model_based,86739,0.3,2028.0,0,0,0.0,1.02386558,0.98027378,0.0435918,15,0,15.0,0,0,0.0,0,0,0.0
corrected_vs_model_based,87344,0.2,2026.0,1,1,0.0,0.00838825,0.00398035,0.0044079,3,3,0.0,0,0,0.0,0,0,0.0
corrected_vs_model_based,87344,0.2,2027.0,1,0,1.0,0.00037456,0.87504333,-0.87466877,4,5,-1.0,0,0,0.0,0,0,0.0
corrected_vs_model_based,87344,0.2,2028.0,1,1,0.0,0.00838825,0.00398035,0.0044079,3,3,0.0,0,0,0.0,0,0,0.0
corrected_vs_model_based,87344,0.3,2026.0,1,1,0.0,0.00838825,0.00020382,0.00818443,3,5,-2.0,0,0,0.0,0,0,0.0
corrected_vs_model_based,87344,0.3,2027.0,1,1,0.0,0.00668492,0.0082035,-0.00151858,5,4,1.0,0,0,0.0,0,0,0.0
corrected_vs_model_based,87344,0.3,2028.0,1,1,0.0,0.00386728,0.00412797,-0.00026069,9,4,5.0,1,0,1.0,0,0,0.0
corrected_vs_model_based,87604,0.2,2026.0,1,1,0.0,0.01359522,0.0010309,0.01256432,12,9,3.0,0,0,0.0,0,0,0.0
corrected_vs_model_based,87604,0.2,2027.0,1,0,1.0,0.00673504,0.93025952,-0.92352448,6,4,2.0,0,0,0.0,0,0,0.0
corrected_vs_model_based,87604,0.2,2028.0,1,1,0.0,0.01213867,0.00105119,0.01108748,6,8,-2.0,1,1,0.0,0,0,0.0
corrected_vs_model_based,87604,0.3,2026.0,1,0,1.0,0.00027906,1.84318445,-1.84290539,7,3,4.0,1,0,1.0,1,0,1.0
corrected_vs_model_based,87604,0.3,2027.0,1,0,1.0,0.00682428,0.96791239,-0.96108811,7,5,2.0,0,0,0.0,0,0,0.0
corrected_vs_model_based,87604,0.3,2028.0,1,0,1.0,0.00673504,1.95852856,-1.95179352,6,3,3.0,0,0,0.0,0,0,0.0
corrected_vs_model_based,88032,0.2,2026.0,0,0,0.0,0.99805118,0.96566249,0.03238869,15,0,15.0,0,0,0.0,0,0,0.0
corrected_vs_model_based,88032,0.2,2027.0,0,0,0.0,1.02136627,0.96566249,0.05570378,15,0,15.0,0,0,0.0,0,0,0.0
corrected_vs_model_based,88032,0.2,2028.0,0,0,0.0,1.53347716,0.96566249,0.56781467,15,0,15.0,0,0,0.0,0,0,0.0
corrected_vs_model_based,88032,0.3,2026.0,0,0,0.0,1.0533311,0.96566249,0.08766861,15,0,15.0,0,0,0.0,0,0,0.0
corrected_vs_model_based,88032,0.3,2027.0,0,0,0.0,1.08647112,0.96566249,0.12080863,15,0,15.0,0,0,0.0,0,0,0.0
corrected_vs_model_based,88032,0.3,2028.0,0,0,0.0,1.0222309,0.96566249,0.05656841,15,0,15.0,0,0,0.0,0,0,0.0
corrected_vs_model_based,89009,0.2,2026.0,1,1,0.0,0.00011683,0.13185404,-0.13173721,10,2,8.0,1,0,1.0,0,0,0.0
corrected_vs_model_based,89009,0.2,2027.0,1,1,0.0,0.00033847,0.13185404,-0.13151557,11,2,9.0,0,0,0.0,0,0,0.0
corrected_vs_model_based,89009,0.2,2028.0,0,0,0.0,1.10696102,1.5232062,-0.41624518,15,3,12.0,0,0,0.0,0,0,0.0
corrected_vs_model_based,89009,0.3,2026.0,1,1,0.0,0.04878361,0.13185404,-0.08307043,15,2,13.0,0,0,0.0,0,0,0.0
corrected_vs_model_based,89009,0.3,2027.0,1,1,0.0,0.03743351,0.13185404,-0.09442053,9,2,7.0,0,0,0.0,0,0,0.0
corrected_vs_model_based,89009,0.3,2028.0,0,0,0.0,1.95876596,0.92611305,1.03265291,14,1,13.0,0,0,0.0,0,0,0.0
corrected_vs_model_based,89256,0.2,2026.0,1,1,0.0,0.02914778,0.55728201,-0.52813423,1,0,1.0,0,0,0.0,0,0,0.0
corrected_vs_model_based,89256,0.2,2027.0,1,1,0.0,0.02914778,0.55728201,-0.52813423,1,0,1.0,0,0,0.0,0,0,0.0
corrected_vs_model_based,89256,0.2,2028.0,1,1,0.0,0.02914778,0.55728201,-0.52813423,1,0,1.0,0,0,0.0,0,0,0.0
corrected_vs_model_based,89256,0.3,2026.0,1,1,0.0,0.02914778,0.55728201,-0.52813423,1,0,1.0,0,0,0.0,0,0,0.0
corrected_vs_model_based,89256,0.3,2027.0,1,1,0.0,0.46859113,0.55728201,-0.08869088,15,0,15.0,0,0,0.0,0,0,0.0
corrected_vs_model_based,89256,0.3,2028.0,1,1,0.0,0.02914778,0.55728201,-0.52813423,1,0,1.0,0,0,0.0,0,0,0.0
corrected_vs_model_based,89859,0.2,2026.0,1,1,0.0,0.00114103,0.00114103,0.0,2,2,0.0,0,0,0.0,0,0,0.0
corrected_vs_model_based,89859,0.2,2027.0,1,1,0.0,0.00114103,0.00114103,0.0,2,2,0.0,0,0,0.0,0,0,0.0
corrected_vs_model_based,89859,0.2,2028.0,1,1,0.0,0.00114103,0.00114103,0.0,2,2,0.0,0,0,0.0,0,0,0.0
corrected_vs_model_based,89859,0.3,2026.0,1,1,0.0,0.00869123,0.00869123,0.0,4,4,0.0,0,0,0.0,0,0,0.0
corrected_vs_model_based,89859,0.3,2027.0,0,0,0.0,1.8603642,1.8603642,0.0,3,3,0.0,0,0,0.0,0,0,0.0
corrected_vs_model_based,89859,0.3,2028.0,1,1,0.0,0.00225171,0.00225171,0.0,2,2,0.0,0,0,0.0,0,0,0.0
corrected_vs_model_based,90251,0.2,2026.0,1,1,0.0,0.00017422,0.00603906,-0.00586484,5,2,3.0,0,0,0.0,0,0,0.0
corrected_vs_model_based,90251,0.2,2027.0,1,0,1.0,0.00017422,1.86377626,-1.86360204,5,4,1.0,0,0,0.0,0,0,0.0
corrected_vs_model_based,90251,0.2,2028.0,1,1,0.0,0.00020523,0.00570624,-0.00550101,5,2,3.0,0,0,0.0,0,0,0.0
corrected_vs_model_based,90251,0.3,2026.0,1,1,0.0,0.00389061,0.00570624,-0.00181563,6,2,4.0,0,0,0.0,0,0,0.0
corrected_vs_model_based,90251,0.3,2027.0,1,1,0.0,0.00074415,0.00570624,-0.00496209,10,2,8.0,1,0,1.0,1,0,1.0
corrected_vs_model_based,90251,0.3,2028.0,1,1,0.0,0.00327669,0.00570624,-0.00242955,6,2,4.0,1,0,1.0,0,0,0.0
corrected_vs_model_based,90954,0.2,2026.0,1,1,0.0,0.0001808,0.01808367,-0.01790287,10,5,5.0,0,0,0.0,0,0,0.0
corrected_vs_model_based,90954,0.2,2027.0,1,1,0.0,0.0016719,0.00139886,0.00027304,7,5,2.0,0,0,0.0,0,0,0.0
corrected_vs_model_based,90954,0.2,2028.0,1,1,0.0,0.00027714,0.00031435,-3.721e-05,7,5,2.0,0,0,0.0,0,0,0.0
corrected_vs_model_based,90954,0.3,2026.0,1,1,0.0,0.00024714,0.00025607,-8.93e-06,10,7,3.0,0,0,0.0,0,0,0.0
corrected_vs_model_based,90954,0.3,2027.0,0,1,-1.0,1.86347023,0.00017672,1.86329351,4,6,-2.0,0,0,0.0,0,0,0.0
corrected_vs_model_based,90954,0.3,2028.0,1,1,0.0,0.00028924,0.00031435,-2.511e-05,7,5,2.0,0,0,0.0,0,0,0.0
corrected_vs_model_based,92532,0.2,2026.0,0,0,0.0,1.0088932,1.02572607,-0.01683287,15,0,15.0,0,0,0.0,0,0,0.0
corrected_vs_model_based,92532,0.2,2027.0,0,0,0.0,1.10020159,1.02572607,0.07447552,15,0,15.0,0,0,0.0,0,0,0.0
corrected_vs_model_based,92532,0.2,2028.0,0,0,0.0,1.2634748,1.02572607,0.23774873,15,0,15.0,0,0,0.0,0,0,0.0
corrected_vs_model_based,92532,0.3,2026.0,0,0,0.0,0.94471265,1.02572607,-0.08101342,15,0,15.0,0,0,0.0,0,0,0.0
corrected_vs_model_based,92532,0.3,2027.0,0,0,0.0,1.96222743,1.02572607,0.93650136,11,0,11.0,0,0,0.0,0,0,0.0
corrected_vs_model_based,92532,0.3,2028.0,0,0,0.0,0.99469692,1.02572607,-0.03102915,15,0,15.0,0,0,0.0,0,0,0.0
corrected_vs_model_based,92863,0.2,2026.0,1,1,0.0,0.06215323,0.55728201,-0.49512878,3,0,3.0,0,0,0.0,0,0,0.0
corrected_vs_model_based,92863,0.2,2027.0,1,1,0.0,0.02914778,0.55728201,-0.52813423,1,0,1.0,0,0,0.0,0,0,0.0
corrected_vs_model_based,92863,0.2,2028.0,1,1,0.0,0.02914778,0.55728201,-0.52813423,1,0,1.0,0,0,0.0,0,0,0.0
corrected_vs_model_based,92863,0.3,2026.0,1,1,0.0,0.02914778,0.55728201,-0.52813423,1,0,1.0,0,0,0.0,0,0,0.0
corrected_vs_model_based,92863,0.3,2027.0,1,1,0.0,0.02914778,0.55728201,-0.52813423,1,0,1.0,0,0,0.0,0,0,0.0
corrected_vs_model_based,92863,0.3,2028.0,1,1,0.0,0.04095896,0.55728201,-0.51632305,13,0,13.0,0,0,0.0,0,0,0.0
corrected_vs_model_based,92888,0.2,2026.0,1,1,0.0,0.00057591,0.00083725,-0.00026134,10,4,6.0,0,0,0.0,0,0,0.0
corrected_vs_model_based,92888,0.2,2027.0,0,0,0.0,1.26897278,1.04682652,0.22214626,15,9,6.0,0,1,-1.0,0,1,-1.0
corrected_vs_model_based,92888,0.2,2028.0,0,1,-1.0,1.01430873,0.00083725,1.01347148,15,4,11.0,1,0,1.0,1,0,1.0
corrected_vs_model_based,92888,0.3,2026.0,1,1,0.0,0.00047523,0.00083725,-0.00036202,10,4,6.0,0,0,0.0,0,0,0.0
corrected_vs_model_based,92888,0.3,2027.0,1,0,1.0,0.00114404,1.04070195,-1.03955791,14,1,13.0,0,0,0.0,0,0,0.0
corrected_vs_model_based,92888,0.3,2028.0,0,1,-1.0,1.86197559,0.00083725,1.86113834,3,4,-1.0,0,0,0.0,0,0,0.0
corrected_vs_model_based,92927,0.2,2026.0,1,0,1.0,0.00627849,0.96763894,-0.96136045,15,0,15.0,0,0,0.0,0,0,0.0
corrected_vs_model_based,92927,0.2,2027.0,1,0,1.0,0.00296377,0.96763894,-0.96467517,8,0,8.0,0,0,0.0,0,0,0.0
corrected_vs_model_based,92927,0.2,2028.0,1,0,1.0,0.0001977,0.96763894,-0.96744124,13,0,13.0,0,0,0.0,0,0,0.0
corrected_vs_model_based,92927,0.3,2026.0,0,0,0.0,1.85283647,0.96763894,0.88519753,12,0,12.0,0,0,0.0,0,0,0.0
corrected_vs_model_based,92927,0.3,2027.0,1,0,1.0,0.78876463,0.96763894,-0.17887431,15,0,15.0,0,0,0.0,0,0,0.0
corrected_vs_model_based,92927,0.3,2028.0,1,0,1.0,0.49303778,0.96763894,-0.47460116,15,0,15.0,0,0,0.0,0,0,0.0
corrected_vs_model_based,92941,0.2,2026.0,0,0,0.0,1.0508556,1.00601719,0.04483841,15,0,15.0,0,0,0.0,0,0,0.0
corrected_vs_model_based,92941,0.2,2027.0,0,0,0.0,0.99975652,1.00601719,-0.00626067,15,0,15.0,0,0,0.0,0,0,0.0
corrected_vs_model_based,92941,0.2,2028.0,0,0,0.0,1.03196783,1.00601719,0.02595064,15,0,15.0,0,0,0.0,0,0,0.0
corrected_vs_model_based,92941,0.3,2026.0,0,0,0.0,1.21677843,1.00601719,0.21076124,15,0,15.0,0,0,0.0,0,0,0.0
corrected_vs_model_based,92941,0.3,2027.0,0,0,0.0,1.16285699,1.00601719,0.1568398,15,0,15.0,0,0,0.0,0,0,0.0
corrected_vs_model_based,92941,0.3,2028.0,0,0,0.0,1.74009868,1.00601719,0.73408149,5,0,5.0,0,0,0.0,0,0,0.0
corrected_vs_model_based,93872,0.2,2026.0,1,1,0.0,0.00160995,0.00160995,0.0,2,2,0.0,0,0,0.0,0,0,0.0
corrected_vs_model_based,93872,0.2,2027.0,1,1,0.0,0.00181607,0.66612428,-0.66430821,5,1,4.0,0,0,0.0,0,0,0.0
corrected_vs_model_based,93872,0.2,2028.0,1,1,0.0,0.00903552,0.04369637,-0.03466085,4,2,2.0,0,0,0.0,0,0,0.0
corrected_vs_model_based,93872,0.3,2026.0,1,1,0.0,0.00365075,0.00365075,0.0,2,2,0.0,0,0,0.0,0,0,0.0
corrected_vs_model_based,93872,0.3,2027.0,1,1,0.0,0.00160995,0.00160995,0.0,2,2,0.0,0,0,0.0,0,0,0.0
corrected_vs_model_based,93872,0.3,2028.0,1,1,0.0,0.00161672,0.00161672,0.0,3,3,0.0,0,0,0.0,0,0,0.0
corrected_vs_model_based,94518,0.2,2026.0,1,1,0.0,0.00415588,0.00490537,-0.00074949,3,15,-12.0,0,1,-1.0,0,1,-1.0
corrected_vs_model_based,94518,0.2,2027.0,1,1,0.0,0.0007524,0.02327581,-0.02252341,3,4,-1.0,0,0,0.0,0,0,0.0
corrected_vs_model_based,94518,0.2,2028.0,1,1,0.0,0.0007524,0.01038486,-0.00963246,3,5,-2.0,0,0,0.0,0,0,0.0
corrected_vs_model_based,94518,0.3,2026.0,1,1,0.0,0.00641084,0.00763225,-0.00122141,6,5,1.0,0,0,0.0,0,0,0.0
corrected_vs_model_based,94518,0.3,2027.0,1,1,0.0,0.01056549,0.01038486,0.00018063,5,5,0.0,0,0,0.0,0,0,0.0
corrected_vs_model_based,94518,0.3,2028.0,1,1,0.0,0.0007524,0.02829469,-0.02754229,3,4,-1.0,0,0,0.0,0,0,0.0
corrected_vs_model_based,95569,0.2,2026.0,1,1,0.0,0.01277118,0.87662272,-0.86385154,14,0,14.0,0,0,0.0,0,0,0.0
corrected_vs_model_based,95569,0.2,2027.0,1,1,0.0,0.00528397,0.87662272,-0.87133875,9,0,9.0,0,0,0.0,0,0,0.0
corrected_vs_model_based,95569,0.2,2028.0,1,1,0.0,0.63787834,0.87662272,-0.23874438,15,0,15.0,0,0,0.0,0,0,0.0
corrected_vs_model_based,95569,0.3,2026.0,0,1,-1.0,1.83976075,0.87662272,0.96313803,3,0,3.0,0,0,0.0,0,0,0.0
corrected_vs_model_based,95569,0.3,2027.0,0,1,-1.0,0.92363277,0.87662272,0.04701005,15,0,15.0,0,0,0.0,0,0,0.0
corrected_vs_model_based,95569,0.3,2028.0,1,1,0.0,0.48671636,0.87662272,-0.38990636,15,0,15.0,0,0,0.0,0,0,0.0
corrected_vs_model_based,9636,0.2,2026.0,1,0,1.0,0.00038404,0.87210482,-0.87172078,4,2,2.0,0,0,0.0,0,0,0.0
corrected_vs_model_based,9636,0.2,2027.0,1,1,0.0,0.03282905,0.03282905,0.0,4,3,1.0,0,0,0.0,0,0,0.0
corrected_vs_model_based,9636,0.2,2028.0,1,1,0.0,0.00859624,0.0029091,0.00568714,2,3,-1.0,0,0,0.0,0,0,0.0
corrected_vs_model_based,9636,0.3,2026.0,1,0,1.0,0.00885246,0.87210482,-0.86325236,8,2,6.0,0,0,0.0,0,0,0.0
corrected_vs_model_based,9636,0.3,2027.0,1,1,0.0,0.0030313,0.83044513,-0.82741383,3,2,1.0,0,0,0.0,0,0,0.0
corrected_vs_model_based,9636,0.3,2028.0,1,1,0.0,0.0049747,0.56725667,-0.56228197,2,4,-2.0,0,1,-1.0,0,1,-1.0
corrected_vs_model_based,97191,0.2,2026.0,0,0,0.0,1.40828164,0.97013989,0.43814175,15,0,15.0,1,0,1.0,1,0,1.0
corrected_vs_model_based,97191,0.2,2027.0,1,0,1.0,0.00661148,0.97013989,-0.96352841,12,0,12.0,0,0,0.0,0,0,0.0
corrected_vs_model_based,97191,0.2,2028.0,0,0,0.0,0.93106594,0.97013989,-0.03907395,15,0,15.0,0,0,0.0,0,0,0.0
corrected_vs_model_based,97191,0.3,2026.0,1,0,1.0,0.00632609,0.97013989,-0.9638138,12,0,12.0,0,0,0.0,0,0,0.0
corrected_vs_model_based,97191,0.3,2027.0,0,0,0.0,1.2882261,0.97013989,0.31808621,15,0,15.0,0,0,0.0,0,0,0.0
corrected_vs_model_based,97191,0.3,2028.0,0,0,0.0,0.93757932,0.97013989,-0.03256057,15,0,15.0,0,0,0.0,0,0,0.0
corrected_vs_model_based,97228,0.2,2026.0,1,1,0.0,0.12422207,0.07103561,0.05318646,15,13,2.0,0,1,-1.0,0,1,-1.0
corrected_vs_model_based,97228,0.2,2027.0,1,0,1.0,0.09137343,1.01831638,-0.92694295,15,2,13.0,0,0,0.0,0,0,0.0
corrected_vs_model_based,97228,0.2,2028.0,1,0,1.0,0.04498268,1.61397712,-1.56899444,9,7,2.0,0,0,0.0,0,0,0.0
corrected_vs_model_based,97228,0.3,2026.0,1,0,1.0,0.02851635,0.90184208,-0.87332573,11,7,4.0,0,1,-1.0,0,1,-1.0
corrected_vs_model_based,97228,0.3,2027.0,1,1,0.0,0.03397782,0.03743531,-0.00345749,11,14,-3.0,0,1,-1.0,0,1,-1.0
corrected_vs_model_based,97228,0.3,2028.0,1,0,1.0,0.03819809,0.9219422,-0.88374411,10,7,3.0,0,0,0.0,0,0,0.0
corrected_vs_model_based,97540,0.2,2026.0,1,1,0.0,0.00370044,0.00118439,0.00251605,2,4,-2.0,0,0,0.0,0,0,0.0
corrected_vs_model_based,97540,0.2,2027.0,1,1,0.0,0.00029384,0.00634416,-0.00605032,2,4,-2.0,0,0,0.0,0,0,0.0
corrected_vs_model_based,97540,0.2,2028.0,1,0,1.0,0.00029384,1.90066743,-1.90037359,2,13,-11.0,0,1,-1.0,0,1,-1.0
corrected_vs_model_based,97540,0.3,2026.0,1,0,1.0,0.00029384,1.66318099,-1.66288715,2,6,-4.0,0,0,0.0,0,0,0.0
corrected_vs_model_based,97540,0.3,2027.0,1,0,1.0,0.00403282,0.82693503,-0.82290221,3,5,-2.0,0,0,0.0,0,0,0.0
corrected_vs_model_based,97540,0.3,2028.0,1,1,0.0,0.00449253,0.02185863,-0.0173661,2,3,-1.0,0,0,0.0,0,0,0.0
corrected_vs_model_based,97571,0.2,2026.0,0,0,0.0,1.22517645,0.97840861,0.24676784,15,0,15.0,0,0,0.0,0,0,0.0
corrected_vs_model_based,97571,0.2,2027.0,0,0,0.0,1.08854937,0.97840861,0.11014076,15,0,15.0,0,0,0.0,0,0,0.0
corrected_vs_model_based,97571,0.2,2028.0,1,0,1.0,0.01007975,0.97840861,-0.96832886,12,0,12.0,0,0,0.0,0,0,0.0
corrected_vs_model_based,97571,0.3,2026.0,0,0,0.0,1.1838658,0.97840861,0.20545719,15,0,15.0,0,0,0.0,0,0,0.0
corrected_vs_model_based,97571,0.3,2027.0,1,0,1.0,0.00396363,0.97840861,-0.97444498,13,0,13.0,0,0,0.0,0,0,0.0
corrected_vs_model_based,97571,0.3,2028.0,0,0,0.0,1.42943684,0.97840861,0.45102823,15,0,15.0,0,0,0.0,0,0,0.0
corrected_vs_model_based,97951,0.2,2026.0,1,1,0.0,0.00118374,0.00118374,0.0,2,2,0.0,0,0,0.0,0,0,0.0
corrected_vs_model_based,97951,0.2,2027.0,1,1,0.0,0.00118374,0.00118374,0.0,2,2,0.0,0,0,0.0,0,0,0.0
corrected_vs_model_based,97951,0.2,2028.0,1,1,0.0,0.00118374,0.00118374,0.0,2,2,0.0,0,0,0.0,0,0,0.0
corrected_vs_model_based,97951,0.3,2026.0,0,0,0.0,1.81603847,1.00322208,0.81281639,3,3,0.0,0,0,0.0,0,0,0.0
corrected_vs_model_based,97951,0.3,2027.0,1,1,0.0,0.00118374,0.00118374,0.0,2,2,0.0,0,0,0.0,0,0,0.0
corrected_vs_model_based,97951,0.3,2028.0,1,1,0.0,0.00118374,0.00118374,0.0,2,2,0.0,0,0,0.0,0,0,0.0
corrected_vs_model_based,99585,0.2,2026.0,1,0,1.0,0.01948264,0.99478881,-0.97530617,15,0,15.0,0,0,0.0,0,0,0.0
corrected_vs_model_based,99585,0.2,2027.0,0,0,0.0,1.94589545,0.99478881,0.95110664,6,0,6.0,0,0,0.0,0,0,0.0
corrected_vs_model_based,99585,0.2,2028.0,1,0,1.0,0.59769717,0.99478881,-0.39709164,15,0,15.0,1,0,1.0,1,0,1.0
corrected_vs_model_based,99585,0.3,2026.0,0,0,0.0,1.02803546,0.99478881,0.03324665,15,0,15.0,0,0,0.0,0,0,0.0
corrected_vs_model_based,99585,0.3,2027.0,1,0,1.0,0.05915919,0.99478881,-0.93562962,15,0,15.0,0,0,0.0,0,0,0.0
corrected_vs_model_based,99585,0.3,2028.0,0,0,0.0,1.08824759,0.99478881,0.09345878,15,0,15.0,0,0,0.0,0,0,0.0
corrected_dynrag_vs_corrected,100333,0.2,2026.0,1,1,0.0,0.01404958,0.01404958,0.0,2,2,0.0,0,0,0.0,0,0,0.0
corrected_dynrag_vs_corrected,100333,0.2,2027.0,1,1,0.0,5.222e-05,5.222e-05,0.0,6,6,0.0,0,0,0.0,0,0,0.0
corrected_dynrag_vs_corrected,100333,0.2,2028.0,1,1,0.0,0.00104417,0.00104417,0.0,2,2,0.0,0,0,0.0,0,0,0.0
corrected_dynrag_vs_corrected,100333,0.3,2026.0,1,1,0.0,0.00104417,0.00104417,0.0,2,2,0.0,0,0,0.0,0,0,0.0
corrected_dynrag_vs_corrected,100333,0.3,2027.0,1,1,0.0,0.00104417,0.00104417,0.0,2,2,0.0,0,0,0.0,0,0,0.0
corrected_dynrag_vs_corrected,100333,0.3,2028.0,1,1,0.0,0.00104417,0.00104417,0.0,2,2,0.0,0,0,0.0,0,0,0.0
corrected_dynrag_vs_corrected,100786,0.2,2026.0,1,1,0.0,0.00682778,0.00682778,0.0,8,8,0.0,1,1,0.0,0,0,0.0
corrected_dynrag_vs_corrected,100786,0.2,2027.0,1,1,0.0,0.00267944,0.00267944,0.0,6,6,0.0,0,0,0.0,0,0,0.0
corrected_dynrag_vs_corrected,100786,0.2,2028.0,1,1,0.0,0.00273291,0.00273291,0.0,9,9,0.0,0,0,0.0,0,0,0.0
corrected_dynrag_vs_corrected,100786,0.3,2026.0,1,1,0.0,0.00086641,0.00086641,0.0,12,12,0.0,1,1,0.0,1,1,0.0
corrected_dynrag_vs_corrected,100786,0.3,2027.0,1,1,0.0,0.00380653,0.00380653,0.0,5,5,0.0,0,0,0.0,0,0,0.0
corrected_dynrag_vs_corrected,100786,0.3,2028.0,1,1,0.0,0.01225333,0.01225333,0.0,7,7,0.0,0,0,0.0,0,0,0.0
corrected_dynrag_vs_corrected,100894,0.2,2026.0,1,1,0.0,0.00140548,0.00140548,0.0,14,14,0.0,0,0,0.0,0,0,0.0
corrected_dynrag_vs_corrected,100894,0.2,2027.0,1,1,0.0,0.00063794,0.00063794,0.0,7,7,0.0,0,0,0.0,0,0,0.0
corrected_dynrag_vs_corrected,100894,0.2,2028.0,1,1,0.0,0.01391732,0.01391732,0.0,5,5,0.0,0,0,0.0,0,0,0.0
corrected_dynrag_vs_corrected,100894,0.3,2026.0,1,1,0.0,0.00063588,0.00063588,0.0,6,6,0.0,0,0,0.0,0,0,0.0
corrected_dynrag_vs_corrected,100894,0.3,2027.0,1,1,0.0,0.0016335,0.0016335,0.0,10,10,0.0,0,0,0.0,0,0,0.0
corrected_dynrag_vs_corrected,100894,0.3,2028.0,1,1,0.0,0.00071646,0.00071646,0.0,7,7,0.0,0,0,0.0,0,0,0.0
corrected_dynrag_vs_corrected,101434,0.2,2026.0,1,1,0.0,0.00958545,0.00958545,0.0,11,11,0.0,0,0,0.0,0,0,0.0
corrected_dynrag_vs_corrected,101434,0.2,2027.0,0,0,0.0,1.25867883,1.25867883,0.0,15,15,0.0,0,0,0.0,0,0,0.0
corrected_dynrag_vs_corrected,101434,0.2,2028.0,0,0,0.0,1.15588263,1.15588263,0.0,15,15,0.0,0,0,0.0,0,0,0.0
corrected_dynrag_vs_corrected,101434,0.3,2026.0,1,1,0.0,0.48091727,0.48091727,0.0,15,15,0.0,0,0,0.0,0,0,0.0
corrected_dynrag_vs_corrected,101434,0.3,2027.0,1,1,0.0,0.01902563,0.01902563,0.0,13,13,0.0,1,1,0.0,0,0,0.0
corrected_dynrag_vs_corrected,101434,0.3,2028.0,1,1,0.0,0.75239724,0.75239724,0.0,15,15,0.0,0,0,0.0,0,0,0.0
corrected_dynrag_vs_corrected,101999,0.2,2026.0,1,1,0.0,0.0037733,0.0037733,0.0,3,3,0.0,0,0,0.0,0,0,0.0
corrected_dynrag_vs_corrected,101999,0.2,2027.0,1,1,0.0,0.0037733,0.0037733,0.0,3,3,0.0,0,0,0.0,0,0,0.0
corrected_dynrag_vs_corrected,101999,0.2,2028.0,1,1,0.0,0.00763783,0.00763783,0.0,3,3,0.0,0,0,0.0,0,0,0.0
corrected_dynrag_vs_corrected,101999,0.3,2026.0,1,1,0.0,0.0037733,0.0037733,0.0,3,3,0.0,0,0,0.0,0,0,0.0
corrected_dynrag_vs_corrected,101999,0.3,2027.0,1,1,0.0,0.0037733,0.0037733,0.0,3,3,0.0,0,0,0.0,0,0,0.0
corrected_dynrag_vs_corrected,101999,0.3,2028.0,1,1,0.0,0.00642346,0.00642346,0.0,3,3,0.0,0,0,0.0,0,0,0.0
corrected_dynrag_vs_corrected,102209,0.2,2026.0,1,1,0.0,0.00518576,0.00518576,0.0,6,6,0.0,0,0,0.0,0,0,0.0
corrected_dynrag_vs_corrected,102209,0.2,2027.0,1,1,0.0,0.00012002,0.00012002,0.0,4,4,0.0,0,0,0.0,0,0,0.0
corrected_dynrag_vs_corrected,102209,0.2,2028.0,1,1,0.0,0.01769187,0.01769187,0.0,6,6,0.0,0,0,0.0,0,0,0.0
corrected_dynrag_vs_corrected,102209,0.3,2026.0,0,0,0.0,1.92256059,1.92256059,0.0,4,4,0.0,0,0,0.0,0,0,0.0
corrected_dynrag_vs_corrected,102209,0.3,2027.0,1,1,0.0,0.00171812,0.00171812,0.0,4,4,0.0,0,0,0.0,0,0,0.0
corrected_dynrag_vs_corrected,102209,0.3,2028.0,1,1,0.0,0.00033147,0.00033147,0.0,9,9,0.0,0,0,0.0,0,0,0.0
corrected_dynrag_vs_corrected,102711,0.2,2026.0,1,1,0.0,0.01949391,0.01949391,0.0,1,1,0.0,0,0,0.0,0,0,0.0
corrected_dynrag_vs_corrected,102711,0.2,2027.0,1,1,0.0,0.02500434,0.02500434,0.0,2,2,0.0,0,0,0.0,0,0,0.0
corrected_dynrag_vs_corrected,102711,0.2,2028.0,1,1,0.0,0.01949391,0.01949391,0.0,1,1,0.0,0,0,0.0,0,0,0.0
corrected_dynrag_vs_corrected,102711,0.3,2026.0,1,1,0.0,0.01079208,0.01079208,0.0,15,15,0.0,0,0,0.0,0,0,0.0
corrected_dynrag_vs_corrected,102711,0.3,2027.0,1,1,0.0,0.01949391,0.01949391,0.0,1,1,0.0,0,0,0.0,0,0,0.0
corrected_dynrag_vs_corrected,102711,0.3,2028.0,1,1,0.0,0.01949391,0.01949391,0.0,1,1,0.0,0,0,0.0,0,0,0.0
corrected_dynrag_vs_corrected,102872,0.2,2026.0,1,1,0.0,7.583e-05,7.583e-05,0.0,5,5,0.0,0,0,0.0,0,0,0.0
corrected_dynrag_vs_corrected,102872,0.2,2027.0,1,1,0.0,7.583e-05,7.583e-05,0.0,5,5,0.0,0,0,0.0,0,0,0.0
corrected_dynrag_vs_corrected,102872,0.2,2028.0,1,1,0.0,0.00013834,0.00013834,0.0,4,4,0.0,0,0,0.0,0,0,0.0
corrected_dynrag_vs_corrected,102872,0.3,2026.0,1,1,0.0,1.066e-05,1.066e-05,0.0,9,9,0.0,0,0,0.0,0,0,0.0
corrected_dynrag_vs_corrected,102872,0.3,2027.0,1,1,0.0,0.00130488,0.00130488,0.0,5,5,0.0,0,0,0.0,0,0,0.0
corrected_dynrag_vs_corrected,102872,0.3,2028.0,0,0,0.0,1.77638613,1.77638613,0.0,5,5,0.0,0,0,0.0,0,0,0.0
corrected_dynrag_vs_corrected,102986,0.2,2026.0,1,1,0.0,7.893e-05,7.893e-05,0.0,7,7,0.0,1,1,0.0,0,0,0.0
corrected_dynrag_vs_corrected,102986,0.2,2027.0,1,1,0.0,0.03843531,0.03843531,0.0,7,7,0.0,0,0,0.0,0,0,0.0
corrected_dynrag_vs_corrected,102986,0.2,2028.0,1,1,0.0,0.00800102,0.00800102,0.0,5,5,0.0,0,0,0.0,0,0,0.0
corrected_dynrag_vs_corrected,102986,0.3,2026.0,1,1,0.0,0.00040953,0.00040953,0.0,5,5,0.0,0,0,0.0,0,0,0.0
corrected_dynrag_vs_corrected,102986,0.3,2027.0,1,1,0.0,0.00456254,0.00456254,0.0,6,6,0.0,0,0,0.0,0,0,0.0
corrected_dynrag_vs_corrected,102986,0.3,2028.0,0,0,0.0,1.66708747,1.66708747,0.0,2,2,0.0,0,0,0.0,0,0,0.0
corrected_dynrag_vs_corrected,103775,0.2,2026.0,1,1,0.0,0.00048475,0.00048475,0.0,2,2,0.0,0,0,0.0,0,0,0.0
corrected_dynrag_vs_corrected,103775,0.2,2027.0,1,1,0.0,0.00048475,0.00048475,0.0,2,2,0.0,0,0,0.0,0,0,0.0
corrected_dynrag_vs_corrected,103775,0.2,2028.0,1,1,0.0,0.00048475,0.00048475,0.0,2,2,0.0,0,0,0.0,0,0,0.0
corrected_dynrag_vs_corrected,103775,0.3,2026.0,1,1,0.0,0.00048475,0.00048475,0.0,2,2,0.0,0,0,0.0,0,0,0.0
corrected_dynrag_vs_corrected,103775,0.3,2027.0,1,1,0.0,0.00048475,0.00048475,0.0,2,2,0.0,0,0,0.0,0,0,0.0
corrected_dynrag_vs_corrected,103775,0.3,2028.0,0,0,0.0,1.89523385,1.89523385,0.0,5,5,0.0,0,0,0.0,0,0,0.0
corrected_dynrag_vs_corrected,104168,0.2,2026.0,1,1,0.0,0.01001012,0.01001012,0.0,2,2,0.0,0,0,0.0,0,0,0.0
corrected_dynrag_vs_corrected,104168,0.2,2027.0,1,1,0.0,0.01001012,0.01001012,0.0,2,2,0.0,0,0,0.0,0,0,0.0
corrected_dynrag_vs_corrected,104168,0.2,2028.0,1,1,0.0,0.01049845,0.01049845,0.0,3,3,0.0,0,0,0.0,0,0,0.0
corrected_dynrag_vs_corrected,104168,0.3,2026.0,1,1,0.0,0.01001012,0.01001012,0.0,2,2,0.0,0,0,0.0,0,0,0.0
corrected_dynrag_vs_corrected,104168,0.3,2027.0,1,1,0.0,0.0067598,0.0067598,0.0,4,4,0.0,1,1,0.0,0,0,0.0
corrected_dynrag_vs_corrected,104168,0.3,2028.0,1,1,0.0,0.01049845,0.01049845,0.0,3,3,0.0,0,0,0.0,0,0,0.0
corrected_dynrag_vs_corrected,105358,0.2,2026.0,1,1,0.0,0.00627414,0.00627414,0.0,8,8,0.0,0,0,0.0,0,0,0.0
corrected_dynrag_vs_corrected,105358,0.2,2027.0,1,1,0.0,0.00319686,0.00319686,0.0,6,6,0.0,0,0,0.0,0,0,0.0
corrected_dynrag_vs_corrected,105358,0.2,2028.0,0,0,0.0,1.78391216,1.78391216,0.0,8,8,0.0,0,0,0.0,0,0,0.0
corrected_dynrag_vs_corrected,105358,0.3,2026.0,1,1,0.0,0.00106455,0.00106455,0.0,9,9,0.0,0,0,0.0,0,0,0.0
corrected_dynrag_vs_corrected,105358,0.3,2027.0,1,1,0.0,0.00041267,0.00041267,0.0,7,7,0.0,0,0,0.0,0,0,0.0
corrected_dynrag_vs_corrected,105358,0.3,2028.0,0,0,0.0,1.089127,1.089127,0.0,15,15,0.0,0,0,0.0,0,0,0.0
corrected_dynrag_vs_corrected,105717,0.2,2026.0,1,1,0.0,0.28193214,0.28193214,0.0,15,15,0.0,0,0,0.0,0,0,0.0
corrected_dynrag_vs_corrected,105717,0.2,2027.0,1,1,0.0,0.11494231,0.11494231,0.0,15,15,0.0,0,0,0.0,0,0,0.0
corrected_dynrag_vs_corrected,105717,0.2,2028.0,1,1,0.0,0.05307512,0.05307512,0.0,15,15,0.0,0,0,0.0,0,0,0.0
corrected_dynrag_vs_corrected,105717,0.3,2026.0,1,1,0.0,0.1241435,0.1241435,0.0,15,15,0.0,0,0,0.0,0,0,0.0
corrected_dynrag_vs_corrected,105717,0.3,2027.0,1,1,0.0,0.03754268,0.03754268,0.0,7,7,0.0,0,0,0.0,0,0,0.0
corrected_dynrag_vs_corrected,105717,0.3,2028.0,1,1,0.0,0.12716009,0.12716009,0.0,15,15,0.0,0,0,0.0,0,0,0.0
corrected_dynrag_vs_corrected,105944,0.2,2026.0,1,1,0.0,0.00122991,0.00122991,0.0,2,2,0.0,0,0,0.0,0,0,0.0
corrected_dynrag_vs_corrected,105944,0.2,2027.0,1,1,0.0,0.00580217,0.00580217,0.0,10,10,0.0,0,0,0.0,0,0,0.0
corrected_dynrag_vs_corrected,105944,0.2,2028.0,1,1,0.0,0.00122991,0.00122991,0.0,2,2,0.0,0,0,0.0,0,0,0.0
corrected_dynrag_vs_corrected,105944,0.3,2026.0,1,1,0.0,0.00122991,0.00122991,0.0,2,2,0.0,0,0,0.0,0,0,0.0
corrected_dynrag_vs_corrected,105944,0.3,2027.0,1,1,0.0,0.00122991,0.00122991,0.0,2,2,0.0,0,0,0.0,0,0,0.0
corrected_dynrag_vs_corrected,105944,0.3,2028.0,1,1,0.0,0.00122991,0.00122991,0.0,2,2,0.0,0,0,0.0,0,0,0.0
corrected_dynrag_vs_corrected,107295,0.2,2026.0,1,1,0.0,0.07484476,0.07484476,0.0,5,5,0.0,0,0,0.0,0,0,0.0
corrected_dynrag_vs_corrected,107295,0.2,2027.0,0,0,0.0,0.98910687,0.98910687,0.0,15,15,0.0,1,1,0.0,1,1,0.0
corrected_dynrag_vs_corrected,107295,0.2,2028.0,1,1,0.0,0.06359876,0.06359876,0.0,6,6,0.0,0,0,0.0,0,0,0.0
corrected_dynrag_vs_corrected,107295,0.3,2026.0,1,1,0.0,0.07484476,0.07484476,0.0,5,5,0.0,0,0,0.0,0,0,0.0
corrected_dynrag_vs_corrected,107295,0.3,2027.0,1,1,0.0,0.04647486,0.04647486,0.0,6,6,0.0,0,0,0.0,0,0,0.0
corrected_dynrag_vs_corrected,107295,0.3,2028.0,0,0,0.0,1.82339351,1.82339351,0.0,10,10,0.0,0,0,0.0,0,0,0.0
corrected_dynrag_vs_corrected,107435,0.2,2026.0,1,1,0.0,0.01853659,0.01853659,0.0,1,1,0.0,0,0,0.0,0,0,0.0
corrected_dynrag_vs_corrected,107435,0.2,2027.0,1,1,0.0,0.01853659,0.01853659,0.0,1,1,0.0,0,0,0.0,0,0,0.0
corrected_dynrag_vs_corrected,107435,0.2,2028.0,1,1,0.0,0.01853659,0.01853659,0.0,1,1,0.0,0,0,0.0,0,0,0.0
corrected_dynrag_vs_corrected,107435,0.3,2026.0,1,1,0.0,0.01853659,0.01853659,0.0,1,1,0.0,0,0,0.0,0,0,0.0
corrected_dynrag_vs_corrected,107435,0.3,2027.0,0,0,0.0,1.03597353,1.03597353,0.0,15,15,0.0,0,0,0.0,0,0,0.0
corrected_dynrag_vs_corrected,107435,0.3,2028.0,1,1,0.0,0.01853659,0.01853659,0.0,1,1,0.0,0,0,0.0,0,0,0.0
corrected_dynrag_vs_corrected,107753,0.2,2026.0,1,1,0.0,0.0006126,0.0006126,0.0,7,7,0.0,0,0,0.0,0,0,0.0
corrected_dynrag_vs_corrected,107753,0.2,2027.0,1,1,0.0,0.00146321,0.00146321,0.0,5,5,0.0,0,0,0.0,0,0,0.0
corrected_dynrag_vs_corrected,107753,0.2,2028.0,1,1,0.0,0.00610267,0.00610267,0.0,3,3,0.0,0,0,0.0,0,0,0.0
corrected_dynrag_vs_corrected,107753,0.3,2026.0,0,0,0.0,1.6913198,1.6913198,0.0,1,1,0.0,0,0,0.0,0,0,0.0
corrected_dynrag_vs_corrected,107753,0.3,2027.0,1,1,0.0,0.00246299,0.00246299,0.0,6,6,0.0,0,0,0.0,0,0,0.0
corrected_dynrag_vs_corrected,107753,0.3,2028.0,1,1,0.0,8.988e-05,8.988e-05,0.0,6,6,0.0,0,0,0.0,0,0,0.0
corrected_dynrag_vs_corrected,108419,0.2,2026.0,1,1,0.0,0.06994888,0.06994888,0.0,15,15,0.0,1,1,0.0,0,0,0.0
corrected_dynrag_vs_corrected,108419,0.2,2027.0,0,0,0.0,1.33890041,1.33890041,0.0,15,15,0.0,0,0,0.0,0,0,0.0
corrected_dynrag_vs_corrected,108419,0.2,2028.0,1,1,0.0,0.11898983,0.11898983,0.0,15,15,0.0,0,0,0.0,0,0,0.0
corrected_dynrag_vs_corrected,108419,0.3,2026.0,1,1,0.0,0.05768513,0.05768513,0.0,15,15,0.0,0,0,0.0,0,0,0.0
corrected_dynrag_vs_corrected,108419,0.3,2027.0,0,0,0.0,1.73340862,1.73340862,0.0,15,15,0.0,0,0,0.0,0,0,0.0
corrected_dynrag_vs_corrected,108419,0.3,2028.0,1,1,0.0,0.14609025,0.14609025,0.0,15,15,0.0,0,0,0.0,0,0,0.0
corrected_dynrag_vs_corrected,108535,0.2,2026.0,1,1,0.0,0.00772826,0.00772826,0.0,9,9,0.0,0,0,0.0,0,0,0.0
corrected_dynrag_vs_corrected,108535,0.2,2027.0,0,0,0.0,1.82800947,1.82800947,0.0,5,5,0.0,0,0,0.0,0,0,0.0
corrected_dynrag_vs_corrected,108535,0.2,2028.0,1,1,0.0,0.00423181,0.00423181,0.0,9,9,0.0,0,0,0.0,0,0,0.0
corrected_dynrag_vs_corrected,108535,0.3,2026.0,1,1,0.0,0.0067943,0.0067943,0.0,12,12,0.0,0,0,0.0,0,0,0.0
corrected_dynrag_vs_corrected,108535,0.3,2027.0,0,0,0.0,1.84214756,1.84214756,0.0,14,14,0.0,0,0,0.0,0,0,0.0
corrected_dynrag_vs_corrected,108535,0.3,2028.0,1,1,0.0,0.00441174,0.00441174,0.0,8,8,0.0,0,0,0.0,0,0,0.0
corrected_dynrag_vs_corrected,109084,0.2,2026.0,1,1,0.0,0.00032177,0.00032177,0.0,6,6,0.0,0,0,0.0,0,0,0.0
corrected_dynrag_vs_corrected,109084,0.2,2027.0,1,1,0.0,0.00155391,0.00155391,0.0,6,6,0.0,1,1,0.0,0,0,0.0
corrected_dynrag_vs_corrected,109084,0.2,2028.0,1,1,0.0,0.00418816,0.00418816,0.0,5,5,0.0,0,0,0.0,0,0,0.0
corrected_dynrag_vs_corrected,109084,0.3,2026.0,1,1,0.0,0.01222387,0.01222387,0.0,8,8,0.0,1,1,0.0,0,0,0.0
corrected_dynrag_vs_corrected,109084,0.3,2027.0,1,1,0.0,0.00214589,0.00214589,0.0,8,8,0.0,0,0,0.0,0,0,0.0
corrected_dynrag_vs_corrected,109084,0.3,2028.0,1,1,0.0,0.02594912,0.02594912,0.0,7,7,0.0,0,0,0.0,0,0,0.0
corrected_dynrag_vs_corrected,109136,0.2,2026.0,1,1,0.0,0.02663848,0.02663848,0.0,2,2,0.0,0,0,0.0,0,0,0.0
corrected_dynrag_vs_corrected,109136,0.2,2027.0,1,1,0.0,0.02663848,0.02663848,0.0,2,2,0.0,0,0,0.0,0,0,0.0
corrected_dynrag_vs_corrected,109136,0.2,2028.0,1,1,0.0,0.02663848,0.02663848,0.0,2,2,0.0,0,0,0.0,0,0,0.0
corrected_dynrag_vs_corrected,109136,0.3,2026.0,1,1,0.0,0.02663848,0.02663848,0.0,2,2,0.0,0,0,0.0,0,0,0.0
corrected_dynrag_vs_corrected,109136,0.3,2027.0,1,1,0.0,0.02310029,0.02310029,0.0,3,3,0.0,0,0,0.0,0,0,0.0
corrected_dynrag_vs_corrected,109136,0.3,2028.0,1,1,0.0,0.02874113,0.02874113,0.0,3,3,0.0,0,0,0.0,0,0,0.0
corrected_dynrag_vs_corrected,109937,0.2,2026.0,1,1,0.0,0.00246299,0.00246299,0.0,6,6,0.0,0,0,0.0,0,0,0.0
corrected_dynrag_vs_corrected,109937,0.2,2027.0,1,1,0.0,0.00078943,0.00078943,0.0,9,9,0.0,0,0,0.0,0,0,0.0
corrected_dynrag_vs_corrected,109937,0.2,2028.0,1,1,0.0,0.00406173,0.00406173,0.0,8,8,0.0,0,0,0.0,0,0,0.0
corrected_dynrag_vs_corrected,109937,0.3,2026.0,1,1,0.0,6.974e-05,6.974e-05,0.0,6,6,0.0,0,0,0.0,0,0,0.0
corrected_dynrag_vs_corrected,109937,0.3,2027.0,1,1,0.0,0.00406173,0.00406173,0.0,8,8,0.0,0,0,0.0,0,0,0.0
corrected_dynrag_vs_corrected,109937,0.3,2028.0,0,0,0.0,1.6913198,1.6913198,0.0,1,1,0.0,0,0,0.0,0,0,0.0
corrected_dynrag_vs_corrected,11076,0.2,2026.0,0,0,0.0,1.29317618,1.29317618,0.0,15,15,0.0,1,1,0.0,1,1,0.0
corrected_dynrag_vs_corrected,11076,0.2,2027.0,0,0,0.0,0.92718573,0.92718573,0.0,15,15,0.0,1,1,0.0,1,1,0.0
corrected_dynrag_vs_corrected,11076,0.2,2028.0,0,0,0.0,1.80446664,1.80446664,0.0,5,5,0.0,0,0,0.0,0,0,0.0
corrected_dynrag_vs_corrected,11076,0.3,2026.0,0,0,0.0,1.25297533,1.25297533,0.0,15,15,0.0,1,1,0.0,1,1,0.0
corrected_dynrag_vs_corrected,11076,0.3,2027.0,0,0,0.0,1.00117082,1.00117082,0.0,15,15,0.0,1,1,0.0,1,1,0.0
corrected_dynrag_vs_corrected,11076,0.3,2028.0,0,0,0.0,1.65878508,1.65878508,0.0,15,15,0.0,0,0,0.0,0,0,0.0
corrected_dynrag_vs_corrected,111597,0.2,2026.0,1,1,0.0,0.00526281,0.00526281,0.0,3,3,0.0,0,0,0.0,0,0,0.0
corrected_dynrag_vs_corrected,111597,0.2,2027.0,1,1,0.0,0.00638838,0.00638838,0.0,3,3,0.0,0,0,0.0,0,0,0.0
corrected_dynrag_vs_corrected,111597,0.2,2028.0,1,1,0.0,0.00526281,0.00526281,0.0,3,3,0.0,0,0,0.0,0,0,0.0
corrected_dynrag_vs_corrected,111597,0.3,2026.0,1,1,0.0,0.00526281,0.00526281,0.0,3,3,0.0,0,0,0.0,0,0,0.0
corrected_dynrag_vs_corrected,111597,0.3,2027.0,1,1,0.0,0.00066156,0.00066156,0.0,7,7,0.0,1,1,0.0,0,0,0.0
corrected_dynrag_vs_corrected,111597,0.3,2028.0,1,1,0.0,0.00087967,0.00087967,0.0,3,3,0.0,0,0,0.0,0,0,0.0
corrected_dynrag_vs_corrected,111718,0.2,2026.0,1,1,0.0,0.00837912,0.00837912,0.0,12,12,0.0,0,0,0.0,0,0,0.0
corrected_dynrag_vs_corrected,111718,0.2,2027.0,1,1,0.0,0.75152258,0.75152258,0.0,15,15,0.0,0,0,0.0,0,0,0.0
corrected_dynrag_vs_corrected,111718,0.2,2028.0,1,1,0.0,0.02353445,0.02353445,0.0,15,15,0.0,0,0,0.0,0,0,0.0
corrected_dynrag_vs_corrected,111718,0.3,2026.0,1,1,0.0,0.00072526,0.00072526,0.0,11,11,0.0,0,0,0.0,0,0,0.0
corrected_dynrag_vs_corrected,111718,0.3,2027.0,1,1,0.0,0.01147802,0.01147802,0.0,11,11,0.0,0,0,0.0,0,0,0.0
corrected_dynrag_vs_corrected,111718,0.3,2028.0,0,0,0.0,1.03618115,1.03618115,0.0,15,15,0.0,1,1,0.0,1,1,0.0
corrected_dynrag_vs_corrected,111892,0.2,2026.0,0,0,0.0,0.96876136,0.96876136,0.0,15,15,0.0,0,0,0.0,0,0,0.0
corrected_dynrag_vs_corrected,111892,0.2,2027.0,1,1,0.0,0.00680424,0.00680424,0.0,12,12,0.0,0,0,0.0,0,0,0.0
corrected_dynrag_vs_corrected,111892,0.2,2028.0,0,0,0.0,1.72819893,1.72819893,0.0,4,4,0.0,0,0,0.0,0,0,0.0
corrected_dynrag_vs_corrected,111892,0.3,2026.0,1,1,0.0,0.28502195,0.28502195,0.0,15,15,0.0,0,0,0.0,0,0,0.0
corrected_dynrag_vs_corrected,111892,0.3,2027.0,1,1,0.0,0.00664107,0.00664107,0.0,12,12,0.0,0,0,0.0,0,0,0.0
corrected_dynrag_vs_corrected,111892,0.3,2028.0,0,0,0.0,0.99086893,0.99086893,0.0,15,15,0.0,0,0,0.0,0,0,0.0
corrected_dynrag_vs_corrected,112339,0.2,2026.0,0,0,0.0,1.73675304,1.73675304,0.0,14,14,0.0,0,0,0.0,0,0,0.0
corrected_dynrag_vs_corrected,112339,0.2,2027.0,0,0,0.0,1.85913587,1.85913587,0.0,3,3,0.0,0,0,0.0,0,0,0.0
corrected_dynrag_vs_corrected,112339,0.2,2028.0,0,0,0.0,1.85428121,1.85428121,0.0,12,12,0.0,0,0,0.0,0,0,0.0
corrected_dynrag_vs_corrected,112339,0.3,2026.0,1,1,0.0,0.63878365,0.63878365,0.0,15,15,0.0,0,0,0.0,0,0,0.0
corrected_dynrag_vs_corrected,112339,0.3,2027.0,1,1,0.0,0.65915397,0.65915397,0.0,15,15,0.0,0,0,0.0,0,0,0.0
corrected_dynrag_vs_corrected,112339,0.3,2028.0,1,1,0.0,0.01042061,0.01042061,0.0,11,11,0.0,0,0,0.0,0,0,0.0
corrected_dynrag_vs_corrected,112884,0.2,2026.0,0,0,0.0,1.85186501,1.85186501,0.0,10,10,0.0,0,0,0.0,0,0,0.0
corrected_dynrag_vs_corrected,112884,0.2,2027.0,1,1,0.0,0.37714969,0.37714969,0.0,15,15,0.0,0,0,0.0,0,0,0.0
corrected_dynrag_vs_corrected,112884,0.2,2028.0,1,1,0.0,0.02893768,0.02893768,0.0,4,4,0.0,0,0,0.0,0,0,0.0
corrected_dynrag_vs_corrected,112884,0.3,2026.0,1,1,0.0,0.87681443,0.87681443,0.0,15,15,0.0,0,0,0.0,0,0,0.0
corrected_dynrag_vs_corrected,112884,0.3,2027.0,1,1,0.0,0.02244298,0.02244298,0.0,4,4,0.0,0,0,0.0,0,0,0.0
corrected_dynrag_vs_corrected,112884,0.3,2028.0,1,1,0.0,0.026972,0.026972,0.0,6,6,0.0,0,0,0.0,0,0,0.0
corrected_dynrag_vs_corrected,114028,0.2,2026.0,1,1,0.0,0.00311678,0.00311678,0.0,3,3,0.0,0,0,0.0,0,0,0.0
corrected_dynrag_vs_corrected,114028,0.2,2027.0,1,1,0.0,0.00275921,0.00275921,0.0,9,9,0.0,1,1,0.0,1,1,0.0
corrected_dynrag_vs_corrected,114028,0.2,2028.0,1,1,0.0,0.00023747,0.00023747,0.0,7,7,0.0,0,0,0.0,0,0,0.0
corrected_dynrag_vs_corrected,114028,0.3,2026.0,1,1,0.0,0.00020261,0.00020261,0.0,3,3,0.0,0,0,0.0,0,0,0.0
corrected_dynrag_vs_corrected,114028,0.3,2027.0,1,1,0.0,0.00020261,0.00020261,0.0,3,3,0.0,0,0,0.0,0,0,0.0
corrected_dynrag_vs_corrected,114028,0.3,2028.0,1,1,0.0,0.00311166,0.00311166,0.0,3,3,0.0,0,0,0.0,0,0,0.0
corrected_dynrag_vs_corrected,114042,0.2,2026.0,1,1,0.0,0.00022659,0.00022659,0.0,3,3,0.0,0,0,0.0,0,0,0.0
corrected_dynrag_vs_corrected,114042,0.2,2027.0,1,1,0.0,0.00022659,0.00022659,0.0,3,3,0.0,0,0,0.0,0,0,0.0
corrected_dynrag_vs_corrected,114042,0.2,2028.0,1,1,0.0,0.00017476,0.00017476,0.0,4,4,0.0,0,0,0.0,0,0,0.0
corrected_dynrag_vs_corrected,114042,0.3,2026.0,1,1,0.0,0.00042249,0.00042249,0.0,4,4,0.0,0,0,0.0,0,0,0.0
corrected_dynrag_vs_corrected,114042,0.3,2027.0,1,1,0.0,0.00022659,0.00022659,0.0,3,3,0.0,0,0,0.0,0,0,0.0
corrected_dynrag_vs_corrected,114042,0.3,2028.0,1,1,0.0,0.00025325,0.00025325,0.0,3,3,0.0,0,0,0.0,0,0,0.0
corrected_dynrag_vs_corrected,114245,0.2,2026.0,1,1,0.0,0.01737128,0.01737128,0.0,13,13,0.0,0,0,0.0,0,0,0.0
corrected_dynrag_vs_corrected,114245,0.2,2027.0,1,1,0.0,0.00160516,0.00160516,0.0,6,6,0.0,0,0,0.0,0,0,0.0
corrected_dynrag_vs_corrected,114245,0.2,2028.0,1,1,0.0,0.00036794,0.00036794,0.0,9,9,0.0,0,0,0.0,0,0,0.0
corrected_dynrag_vs_corrected,114245,0.3,2026.0,1,1,0.0,0.00763938,0.00763938,0.0,10,10,0.0,0,0,0.0,0,0,0.0
corrected_dynrag_vs_corrected,114245,0.3,2027.0,1,1,0.0,0.00045465,0.00045465,0.0,8,8,0.0,0,0,0.0,0,0,0.0
corrected_dynrag_vs_corrected,114245,0.3,2028.0,0,0,0.0,1.87597406,1.87597406,0.0,6,6,0.0,0,0,0.0,0,0,0.0
corrected_dynrag_vs_corrected,115235,0.2,2026.0,1,1,0.0,0.000167,0.000167,0.0,4,4,0.0,0,0,0.0,0,0,0.0
corrected_dynrag_vs_corrected,115235,0.2,2027.0,1,1,0.0,0.00883543,0.00883543,0.0,3,3,0.0,0,0,0.0,0,0,0.0
corrected_dynrag_vs_corrected,115235,0.2,2028.0,1,1,0.0,0.00883543,0.00883543,0.0,3,3,0.0,0,0,0.0,0,0,0.0
corrected_dynrag_vs_corrected,115235,0.3,2026.0,1,1,0.0,0.000167,0.000167,0.0,4,4,0.0,0,0,0.0,0,0,0.0
corrected_dynrag_vs_corrected,115235,0.3,2027.0,1,1,0.0,0.00883543,0.00883543,0.0,3,3,0.0,0,0,0.0,0,0,0.0
corrected_dynrag_vs_corrected,115235,0.3,2028.0,1,1,0.0,0.68395791,0.68395791,0.0,15,15,0.0,0,0,0.0,0,0,0.0
corrected_dynrag_vs_corrected,116452,0.2,2026.0,0,0,0.0,1.21791432,1.21791432,0.0,15,15,0.0,0,0,0.0,0,0,0.0
corrected_dynrag_vs_corrected,116452,0.2,2027.0,0,0,0.0,0.99234711,0.99234711,0.0,15,15,0.0,0,0,0.0,0,0,0.0
corrected_dynrag_vs_corrected,116452,0.2,2028.0,0,0,0.0,1.43019351,1.43019351,0.0,15,15,0.0,0,0,0.0,0,0,0.0
corrected_dynrag_vs_corrected,116452,0.3,2026.0,0,0,0.0,0.90638468,0.90638468,0.0,15,15,0.0,0,0,0.0,0,0,0.0
corrected_dynrag_vs_corrected,116452,0.3,2027.0,1,1,0.0,0.73929817,0.73929817,0.0,15,15,0.0,0,0,0.0,0,0,0.0
corrected_dynrag_vs_corrected,116452,0.3,2028.0,0,0,0.0,1.88344877,1.88344877,0.0,12,12,0.0,0,0,0.0,0,0,0.0
corrected_dynrag_vs_corrected,116991,0.2,2026.0,1,1,0.0,0.00034358,0.00034358,0.0,3,3,0.0,0,0,0.0,0,0,0.0
corrected_dynrag_vs_corrected,116991,0.2,2027.0,0,0,0.0,1.82527834,1.82527834,0.0,3,3,0.0,0,0,0.0,0,0,0.0
corrected_dynrag_vs_corrected,116991,0.2,2028.0,1,1,0.0,0.0049747,0.0049747,0.0,2,2,0.0,0,0,0.0,0,0,0.0
corrected_dynrag_vs_corrected,116991,0.3,2026.0,1,1,0.0,0.0049747,0.0049747,0.0,2,2,0.0,0,0,0.0,0,0,0.0
corrected_dynrag_vs_corrected,116991,0.3,2027.0,1,1,0.0,0.00859624,0.00859624,0.0,2,2,0.0,0,0,0.0,0,0,0.0
corrected_dynrag_vs_corrected,116991,0.3,2028.0,1,1,0.0,4.83e-05,4.83e-05,0.0,7,7,0.0,0,0,0.0,0,0,0.0
corrected_dynrag_vs_corrected,117339,0.2,2026.0,1,1,0.0,0.0050979,0.0050979,0.0,9,9,0.0,1,1,0.0,0,0,0.0
corrected_dynrag_vs_corrected,117339,0.2,2027.0,1,1,0.0,0.00265419,0.00265419,0.0,5,5,0.0,0,0,0.0,0,0,0.0
corrected_dynrag_vs_corrected,117339,0.2,2028.0,0,0,0.0,1.73161775,1.73161775,0.0,15,15,0.0,0,0,0.0,0,0,0.0
corrected_dynrag_vs_corrected,117339,0.3,2026.0,1,1,0.0,0.01817341,0.01817341,0.0,10,10,0.0,1,1,0.0,0,0,0.0
corrected_dynrag_vs_corrected,117339,0.3,2027.0,1,1,0.0,0.00046782,0.00046782,0.0,6,6,0.0,0,0,0.0,0,0,0.0
corrected_dynrag_vs_corrected,117339,0.3,2028.0,1,1,0.0,0.0021225,0.0021225,0.0,6,6,0.0,0,0,0.0,0,0,0.0
corrected_dynrag_vs_corrected,117692,0.2,2026.0,0,0,0.0,0.93317788,0.93317788,0.0,15,15,0.0,0,0,0.0,0,0,0.0
corrected_dynrag_vs_corrected,117692,0.2,2027.0,1,1,0.0,0.01063339,0.01063339,0.0,12,12,0.0,0,0,0.0,0,0,0.0
corrected_dynrag_vs_corrected,117692,0.2,2028.0,1,1,0.0,0.00022651,0.00022651,0.0,11,11,0.0,0,0,0.0,0,0,0.0
corrected_dynrag_vs_corrected,117692,0.3,2026.0,0,0,0.0,1.95582432,1.95582432,0.0,8,8,0.0,0,0,0.0,0,0,0.0
corrected_dynrag_vs_corrected,117692,0.3,2027.0,0,0,0.0,0.96661204,0.96661204,0.0,15,15,0.0,0,0,0.0,0,0,0.0
corrected_dynrag_vs_corrected,117692,0.3,2028.0,1,1,0.0,0.00161002,0.00161002,0.0,10,10,0.0,0,0,0.0,0,0,0.0
corrected_dynrag_vs_corrected,118067,0.2,2026.0,1,1,0.0,0.00621668,0.00621668,0.0,7,7,0.0,0,0,0.0,0,0,0.0
corrected_dynrag_vs_corrected,118067,0.2,2027.0,1,1,0.0,0.00028879,0.00028879,0.0,7,7,0.0,0,0,0.0,0,0,0.0
corrected_dynrag_vs_corrected,118067,0.2,2028.0,1,1,0.0,0.01127781,0.01127781,0.0,8,8,0.0,0,0,0.0,0,0,0.0
corrected_dynrag_vs_corrected,118067,0.3,2026.0,1,1,0.0,0.00537102,0.00537102,0.0,11,11,0.0,0,0,0.0,0,0,0.0
corrected_dynrag_vs_corrected,118067,0.3,2027.0,0,0,0.0,1.96274631,1.96274631,0.0,5,5,0.0,0,0,0.0,0,0,0.0
corrected_dynrag_vs_corrected,118067,0.3,2028.0,1,1,0.0,0.01412563,0.01412563,0.0,15,15,0.0,0,0,0.0,0,0,0.0
corrected_dynrag_vs_corrected,118143,0.2,2026.0,1,1,0.0,0.00010653,0.00010653,0.0,6,6,0.0,0,0,0.0,0,0,0.0
corrected_dynrag_vs_corrected,118143,0.2,2027.0,0,0,0.0,1.06022188,1.06022188,0.0,15,15,0.0,0,0,0.0,0,0,0.0
corrected_dynrag_vs_corrected,118143,0.2,2028.0,0,0,0.0,1.00104339,1.00104339,0.0,15,15,0.0,0,0,0.0,0,0,0.0
corrected_dynrag_vs_corrected,118143,0.3,2026.0,1,1,0.0,0.01180559,0.01180559,0.0,12,12,0.0,0,0,0.0,0,0,0.0
corrected_dynrag_vs_corrected,118143,0.3,2027.0,0,0,0.0,1.04297355,1.04297355,0.0,15,15,0.0,0,0,0.0,0,0,0.0
corrected_dynrag_vs_corrected,118143,0.3,2028.0,1,1,0.0,0.00135585,0.00135585,0.0,10,10,0.0,1,1,0.0,0,0,0.0
corrected_dynrag_vs_corrected,11918,0.2,2026.0,1,1,0.0,0.00746805,0.00746805,0.0,11,11,0.0,1,1,0.0,0,0,0.0
corrected_dynrag_vs_corrected,11918,0.2,2027.0,1,1,0.0,0.0009845,0.0009845,0.0,3,3,0.0,0,0,0.0,0,0,0.0
corrected_dynrag_vs_corrected,11918,0.2,2028.0,1,1,0.0,0.0009845,0.0009845,0.0,3,3,0.0,0,0,0.0,0,0,0.0
corrected_dynrag_vs_corrected,11918,0.3,2026.0,1,1,0.0,0.0009845,0.0009845,0.0,3,3,0.0,0,0,0.0,0,0,0.0
corrected_dynrag_vs_corrected,11918,0.3,2027.0,1,1,0.0,0.00113302,0.00113302,0.0,3,3,0.0,0,0,0.0,0,0,0.0
corrected_dynrag_vs_corrected,11918,0.3,2028.0,1,1,0.0,0.00730066,0.00730066,0.0,5,5,0.0,0,0,0.0,0,0,0.0
corrected_dynrag_vs_corrected,1195,0.2,2026.0,1,1,0.0,9.518e-05,9.518e-05,0.0,3,3,0.0,0,0,0.0,0,0,0.0
corrected_dynrag_vs_corrected,1195,0.2,2027.0,1,1,0.0,5.738e-05,5.738e-05,0.0,2,2,0.0,0,0,0.0,0,0,0.0
corrected_dynrag_vs_corrected,1195,0.2,2028.0,1,1,0.0,5.738e-05,5.738e-05,0.0,2,2,0.0,0,0,0.0,0,0,0.0
corrected_dynrag_vs_corrected,1195,0.3,2026.0,1,1,0.0,5.738e-05,5.738e-05,0.0,2,2,0.0,0,0,0.0,0,0,0.0
corrected_dynrag_vs_corrected,1195,0.3,2027.0,1,1,0.0,5.738e-05,5.738e-05,0.0,2,2,0.0,0,0,0.0,0,0,0.0
corrected_dynrag_vs_corrected,1195,0.3,2028.0,1,1,0.0,0.00132302,0.00132302,0.0,3,3,0.0,0,0,0.0,0,0,0.0
corrected_dynrag_vs_corrected,119507,0.2,2026.0,1,1,0.0,0.00914077,0.00914077,0.0,4,4,0.0,0,0,0.0,0,0,0.0
corrected_dynrag_vs_corrected,119507,0.2,2027.0,1,1,0.0,0.00774877,0.00774877,0.0,6,6,0.0,0,0,0.0,0,0,0.0
corrected_dynrag_vs_corrected,119507,0.2,2028.0,1,1,0.0,0.00068178,0.00068178,0.0,7,7,0.0,0,0,0.0,0,0,0.0
corrected_dynrag_vs_corrected,119507,0.3,2026.0,1,1,0.0,0.00914077,0.00914077,0.0,4,4,0.0,0,0,0.0,0,0,0.0
corrected_dynrag_vs_corrected,119507,0.3,2027.0,0,0,0.0,1.19022032,1.19022032,0.0,15,15,0.0,0,0,0.0,0,0,0.0
corrected_dynrag_vs_corrected,119507,0.3,2028.0,1,1,0.0,0.00058704,0.00058704,0.0,14,14,0.0,0,0,0.0,0,0,0.0
corrected_dynrag_vs_corrected,119896,0.2,2026.0,1,1,0.0,0.00123605,0.00123605,0.0,15,15,0.0,0,0,0.0,0,0,0.0
corrected_dynrag_vs_corrected,119896,0.2,2027.0,1,1,0.0,0.02161311,0.02161311,0.0,9,9,0.0,0,0,0.0,0,0,0.0
corrected_dynrag_vs_corrected,119896,0.2,2028.0,1,1,0.0,0.10958172,0.10958172,0.0,15,15,0.0,0,0,0.0,0,0,0.0
corrected_dynrag_vs_corrected,119896,0.3,2026.0,1,1,0.0,0.01841532,0.01841532,0.0,11,11,0.0,0,0,0.0,0,0,0.0
corrected_dynrag_vs_corrected,119896,0.3,2027.0,1,1,0.0,0.02122381,0.02122381,0.0,11,11,0.0,0,0,0.0,0,0,0.0
corrected_dynrag_vs_corrected,119896,0.3,2028.0,1,1,0.0,0.13731522,0.13731522,0.0,15,15,0.0,1,1,0.0,0,0,0.0
corrected_dynrag_vs_corrected,12,0.2,2026.0,0,0,0.0,1.84785719,1.84785719,0.0,9,9,0.0,0,0,0.0,0,0,0.0
corrected_dynrag_vs_corrected,12,0.2,2027.0,1,1,0.0,0.00118337,0.00118337,0.0,6,6,0.0,0,0,0.0,0,0,0.0
corrected_dynrag_vs_corrected,12,0.2,2028.0,1,1,0.0,0.00079525,0.00079525,0.0,6,6,0.0,0,0,0.0,0,0,0.0
corrected_dynrag_vs_corrected,12,0.3,2026.0,1,1,0.0,0.00076371,0.00076371,0.0,7,7,0.0,0,0,0.0,0,0,0.0
corrected_dynrag_vs_corrected,12,0.3,2027.0,1,1,0.0,0.00083434,0.00083434,0.0,6,6,0.0,0,0,0.0,0,0,0.0
corrected_dynrag_vs_corrected,12,0.3,2028.0,1,1,0.0,0.00084675,0.00084675,0.0,6,6,0.0,0,0,0.0,0,0,0.0
corrected_dynrag_vs_corrected,120617,0.2,2026.0,1,1,0.0,0.02914778,0.02914778,0.0,1,1,0.0,0,0,0.0,0,0,0.0
corrected_dynrag_vs_corrected,120617,0.2,2027.0,1,1,0.0,0.02914778,0.02914778,0.0,1,1,0.0,0,0,0.0,0,0,0.0
corrected_dynrag_vs_corrected,120617,0.2,2028.0,1,1,0.0,0.02914778,0.02914778,0.0,1,1,0.0,0,0,0.0,0,0,0.0
corrected_dynrag_vs_corrected,120617,0.3,2026.0,1,1,0.0,0.06215323,0.06215323,0.0,3,3,0.0,0,0,0.0,0,0,0.0
corrected_dynrag_vs_corrected,120617,0.3,2027.0,1,1,0.0,0.04521775,0.04521775,0.0,8,8,0.0,1,1,0.0,0,0,0.0
corrected_dynrag_vs_corrected,120617,0.3,2028.0,1,1,0.0,0.02914778,0.02914778,0.0,1,1,0.0,0,0,0.0,0,0,0.0
corrected_dynrag_vs_corrected,121089,0.2,2026.0,1,1,0.0,0.02945089,0.02945089,0.0,12,12,0.0,0,0,0.0,0,0,0.0
corrected_dynrag_vs_corrected,121089,0.2,2027.0,1,1,0.0,0.02260635,0.02260635,0.0,14,14,0.0,1,1,0.0,0,0,0.0
corrected_dynrag_vs_corrected,121089,0.2,2028.0,1,1,0.0,0.03848282,0.03848282,0.0,9,9,0.0,1,1,0.0,0,0,0.0
corrected_dynrag_vs_corrected,121089,0.3,2026.0,1,1,0.0,0.83647107,0.83647107,0.0,15,15,0.0,0,0,0.0,0,0,0.0
corrected_dynrag_vs_corrected,121089,0.3,2027.0,1,1,0.0,0.06139059,0.06139059,0.0,15,15,0.0,0,0,0.0,0,0,0.0
corrected_dynrag_vs_corrected,121089,0.3,2028.0,1,1,0.0,0.40932722,0.40932722,0.0,15,15,0.0,0,0,0.0,0,0,0.0
corrected_dynrag_vs_corrected,121262,0.2,2026.0,1,1,0.0,0.0069443,0.0069443,0.0,3,3,0.0,0,0,0.0,0,0,0.0
corrected_dynrag_vs_corrected,121262,0.2,2027.0,1,1,0.0,0.0069443,0.0069443,0.0,3,3,0.0,0,0,0.0,0,0,0.0
corrected_dynrag_vs_corrected,121262,0.2,2028.0,1,1,0.0,0.0069443,0.0069443,0.0,3,3,0.0,0,0,0.0,0,0,0.0
corrected_dynrag_vs_corrected,121262,0.3,2026.0,1,1,0.0,0.0069443,0.0069443,0.0,3,3,0.0,0,0,0.0,0,0,0.0
corrected_dynrag_vs_corrected,121262,0.3,2027.0,1,1,0.0,0.00983361,0.00983361,0.0,3,3,0.0,0,0,0.0,0,0,0.0
corrected_dynrag_vs_corrected,121262,0.3,2028.0,1,1,0.0,0.00902116,0.00902116,0.0,1,1,0.0,0,0,0.0,0,0,0.0
corrected_dynrag_vs_corrected,121307,0.2,2026.0,1,1,0.0,0.00105651,0.00105651,0.0,3,3,0.0,0,0,0.0,0,0,0.0
corrected_dynrag_vs_corrected,121307,0.2,2027.0,1,1,0.0,0.00105651,0.00105651,0.0,3,3,0.0,0,0,0.0,0,0,0.0
corrected_dynrag_vs_corrected,121307,0.2,2028.0,1,1,0.0,0.00205222,0.00205222,0.0,2,2,0.0,0,0,0.0,0,0,0.0
corrected_dynrag_vs_corrected,121307,0.3,2026.0,1,1,0.0,0.00112325,0.00112325,0.0,4,4,0.0,0,0,0.0,0,0,0.0
corrected_dynrag_vs_corrected,121307,0.3,2027.0,1,1,0.0,0.00229061,0.00229061,0.0,4,4,0.0,0,0,0.0,0,0,0.0
corrected_dynrag_vs_corrected,121307,0.3,2028.0,1,1,0.0,5.863e-05,5.863e-05,0.0,5,5,0.0,0,0,0.0,0,0,0.0
corrected_dynrag_vs_corrected,121385,0.2,2026.0,0,0,0.0,1.74025164,1.74025164,0.0,10,10,0.0,0,0,0.0,0,0,0.0
corrected_dynrag_vs_corrected,121385,0.2,2027.0,0,0,0.0,1.96952406,1.96952406,0.0,14,14,0.0,1,1,0.0,0,0,0.0
corrected_dynrag_vs_corrected,121385,0.2,2028.0,1,1,0.0,0.02414201,0.02414201,0.0,15,15,0.0,1,1,0.0,0,0,0.0
corrected_dynrag_vs_corrected,121385,0.3,2026.0,1,1,0.0,0.78424102,0.78424102,0.0,15,15,0.0,0,0,0.0,0,0,0.0
corrected_dynrag_vs_corrected,121385,0.3,2027.0,0,0,0.0,1.44600258,1.44600258,0.0,15,15,0.0,0,0,0.0,0,0,0.0
corrected_dynrag_vs_corrected,121385,0.3,2028.0,0,0,0.0,0.97831135,0.97831135,0.0,15,15,0.0,0,0,0.0,0,0,0.0
corrected_dynrag_vs_corrected,12181,0.2,2026.0,0,0,0.0,1.91431999,1.91431999,0.0,11,11,0.0,0,0,0.0,0,0,0.0
corrected_dynrag_vs_corrected,12181,0.2,2027.0,1,1,0.0,0.0272284,0.0272284,0.0,15,15,0.0,0,0,0.0,0,0,0.0
corrected_dynrag_vs_corrected,12181,0.2,2028.0,1,1,0.0,2.473e-05,2.473e-05,0.0,14,14,0.0,0,0,0.0,0,0,0.0
corrected_dynrag_vs_corrected,12181,0.3,2026.0,1,1,0.0,0.04995189,0.04995189,0.0,15,15,0.0,0,0,0.0,0,0,0.0
corrected_dynrag_vs_corrected,12181,0.3,2027.0,1,1,0.0,0.00644825,0.00644825,0.0,11,11,0.0,0,0,0.0,0,0,0.0
corrected_dynrag_vs_corrected,12181,0.3,2028.0,1,1,0.0,0.00494086,0.00494086,0.0,11,11,0.0,0,0,0.0,0,0,0.0
corrected_dynrag_vs_corrected,122570,0.2,2026.0,0,0,0.0,1.1414427,1.1414427,0.0,15,15,0.0,0,0,0.0,0,0,0.0
corrected_dynrag_vs_corrected,122570,0.2,2027.0,0,0,0.0,0.93814858,0.93814858,0.0,15,15,0.0,0,0,0.0,0,0,0.0
corrected_dynrag_vs_corrected,122570,0.2,2028.0,0,0,0.0,1.90989662,1.90989662,0.0,8,8,0.0,0,0,0.0,0,0,0.0
corrected_dynrag_vs_corrected,122570,0.3,2026.0,1,1,0.0,0.01226421,0.01226421,0.0,8,8,0.0,1,1,0.0,1,1,0.0
corrected_dynrag_vs_corrected,122570,0.3,2027.0,0,0,0.0,1.34959645,1.34959645,0.0,15,15,0.0,0,0,0.0,0,0,0.0
corrected_dynrag_vs_corrected,122570,0.3,2028.0,0,0,0.0,0.99865041,0.99865041,0.0,15,15,0.0,0,0,0.0,0,0,0.0
corrected_dynrag_vs_corrected,122931,0.2,2026.0,1,1,0.0,0.05584783,0.05584783,0.0,15,15,0.0,1,1,0.0,0,0,0.0
corrected_dynrag_vs_corrected,122931,0.2,2027.0,1,1,0.0,0.00162505,0.00162505,0.0,15,15,0.0,0,0,0.0,0,0,0.0
corrected_dynrag_vs_corrected,122931,0.2,2028.0,0,0,0.0,0.97486369,0.97486369,0.0,15,15,0.0,0,0,0.0,0,0,0.0
corrected_dynrag_vs_corrected,122931,0.3,2026.0,0,0,0.0,1.09592833,1.09592833,0.0,15,15,0.0,0,0,0.0,0,0,0.0
corrected_dynrag_vs_corrected,122931,0.3,2027.0,1,1,0.0,0.63125868,0.63125868,0.0,15,15,0.0,0,0,0.0,0,0,0.0
corrected_dynrag_vs_corrected,122931,0.3,2028.0,0,0,0.0,0.94491592,0.94491592,0.0,15,15,0.0,0,0,0.0,0,0,0.0
corrected_dynrag_vs_corrected,123544,0.2,2026.0,1,1,0.0,0.00773566,0.00773566,0.0,13,13,0.0,0,0,0.0,0,0,0.0
corrected_dynrag_vs_corrected,123544,0.2,2027.0,1,1,0.0,0.03106747,0.03106747,0.0,10,10,0.0,1,1,0.0,0,0,0.0
corrected_dynrag_vs_corrected,123544,0.2,2028.0,1,1,0.0,0.00208522,0.00208522,0.0,9,9,0.0,0,0,0.0,0,0,0.0
corrected_dynrag_vs_corrected,123544,0.3,2026.0,1,1,0.0,0.00313447,0.00313447,0.0,8,8,0.0,0,0,0.0,0,0,0.0
corrected_dynrag_vs_corrected,123544,0.3,2027.0,1,1,0.0,0.00859761,0.00859761,0.0,6,6,0.0,0,0,0.0,0,0,0.0
corrected_dynrag_vs_corrected,123544,0.3,2028.0,0,0,0.0,1.92877693,1.92877693,0.0,7,7,0.0,0,0,0.0,0,0,0.0
corrected_dynrag_vs_corrected,12377,0.2,2026.0,1,1,0.0,0.0017767,0.0017767,0.0,4,4,0.0,0,0,0.0,0,0,0.0
corrected_dynrag_vs_corrected,12377,0.2,2027.0,1,1,0.0,0.00010413,0.00010413,0.0,4,4,0.0,0,0,0.0,0,0,0.0
corrected_dynrag_vs_corrected,12377,0.2,2028.0,1,1,0.0,0.00010413,0.00010413,0.0,4,4,0.0,0,0,0.0,0,0,0.0
corrected_dynrag_vs_corrected,12377,0.3,2026.0,1,1,0.0,0.0001042,0.0001042,0.0,5,5,0.0,0,0,0.0,0,0,0.0
corrected_dynrag_vs_corrected,12377,0.3,2027.0,1,1,0.0,7.193e-05,7.193e-05,0.0,9,9,0.0,1,1,0.0,0,0,0.0
corrected_dynrag_vs_corrected,12377,0.3,2028.0,1,1,0.0,0.00177324,0.00177324,0.0,4,4,0.0,0,0,0.0,0,0,0.0
corrected_dynrag_vs_corrected,123781,0.2,2026.0,1,1,0.0,0.01568953,0.01568953,0.0,9,9,0.0,0,0,0.0,0,0,0.0
corrected_dynrag_vs_corrected,123781,0.2,2027.0,1,1,0.0,0.01568953,0.01568953,0.0,9,9,0.0,0,0,0.0,0,0,0.0
corrected_dynrag_vs_corrected,123781,0.2,2028.0,1,1,0.0,0.01243013,0.01243013,0.0,9,9,0.0,0,0,0.0,0,0,0.0
corrected_dynrag_vs_corrected,123781,0.3,2026.0,0,0,0.0,1.97502522,1.97502522,0.0,6,6,0.0,0,0,0.0,0,0,0.0
corrected_dynrag_vs_corrected,123781,0.3,2027.0,1,1,0.0,0.75585728,0.75585728,0.0,15,15,0.0,0,0,0.0,0,0,0.0
corrected_dynrag_vs_corrected,123781,0.3,2028.0,0,0,0.0,0.90887824,0.90887824,0.0,15,15,0.0,0,0,0.0,0,0,0.0
corrected_dynrag_vs_corrected,123939,0.2,2026.0,1,1,0.0,0.02186933,0.02186933,0.0,2,2,0.0,0,0,0.0,0,0,0.0
corrected_dynrag_vs_corrected,123939,0.2,2027.0,1,1,0.0,0.01853659,0.01853659,0.0,1,1,0.0,0,0,0.0,0,0,0.0
corrected_dynrag_vs_corrected,123939,0.2,2028.0,1,1,0.0,0.02186933,0.02186933,0.0,2,2,0.0,0,0,0.0,0,0,0.0
corrected_dynrag_vs_corrected,123939,0.3,2026.0,1,1,0.0,0.01853659,0.01853659,0.0,1,1,0.0,0,0,0.0,0,0,0.0
corrected_dynrag_vs_corrected,123939,0.3,2027.0,1,1,0.0,0.02186933,0.02186933,0.0,2,2,0.0,0,0,0.0,0,0,0.0
corrected_dynrag_vs_corrected,123939,0.3,2028.0,1,1,0.0,0.01853659,0.01853659,0.0,1,1,0.0,0,0,0.0,0,0,0.0
corrected_dynrag_vs_corrected,125147,0.2,2026.0,1,1,0.0,0.00811615,0.00811615,0.0,15,15,0.0,0,0,0.0,0,0,0.0
corrected_dynrag_vs_corrected,125147,0.2,2027.0,1,1,0.0,0.0079426,0.0079426,0.0,13,13,0.0,0,0,0.0,0,0,0.0
corrected_dynrag_vs_corrected,125147,0.2,2028.0,1,1,0.0,0.00072652,0.00072652,0.0,11,11,0.0,0,0,0.0,0,0,0.0
corrected_dynrag_vs_corrected,125147,0.3,2026.0,1,1,0.0,0.0056119,0.0056119,0.0,11,11,0.0,0,0,0.0,0,0,0.0
corrected_dynrag_vs_corrected,125147,0.3,2027.0,0,0,0.0,1.50920509,1.50920509,0.0,15,15,0.0,0,0,0.0,0,0,0.0
corrected_dynrag_vs_corrected,125147,0.3,2028.0,1,1,0.0,0.0056119,0.0056119,0.0,12,12,0.0,1,1,0.0,0,0,0.0
corrected_dynrag_vs_corrected,12568,0.2,2026.0,1,1,0.0,0.00810963,0.00810963,0.0,10,10,0.0,0,0,0.0,0,0,0.0
corrected_dynrag_vs_corrected,12568,0.2,2027.0,1,1,0.0,0.07484476,0.07484476,0.0,5,5,0.0,0,0,0.0,0,0,0.0
corrected_dynrag_vs_corrected,12568,0.2,2028.0,1,1,0.0,0.07484476,0.07484476,0.0,5,5,0.0,0,0,0.0,0,0,0.0
corrected_dynrag_vs_corrected,12568,0.3,2026.0,0,0,0.0,1.21882195,1.21882195,0.0,15,15,0.0,0,0,0.0,0,0,0.0
corrected_dynrag_vs_corrected,12568,0.3,2027.0,1,1,0.0,0.04119806,0.04119806,0.0,14,14,0.0,0,0,0.0,0,0,0.0
corrected_dynrag_vs_corrected,12568,0.3,2028.0,1,1,0.0,0.07484476,0.07484476,0.0,5,5,0.0,0,0,0.0,0,0,0.0
corrected_dynrag_vs_corrected,125795,0.2,2026.0,1,1,0.0,0.16684727,0.16684727,0.0,15,15,0.0,0,0,0.0,0,0,0.0
corrected_dynrag_vs_corrected,125795,0.2,2027.0,0,0,0.0,1.8560964,1.8560964,0.0,7,7,0.0,0,0,0.0,0,0,0.0
corrected_dynrag_vs_corrected,125795,0.2,2028.0,0,0,0.0,1.771102,1.771102,0.0,8,8,0.0,0,0,0.0,0,0,0.0
corrected_dynrag_vs_corrected,125795,0.3,2026.0,1,1,0.0,0.14559278,0.14559278,0.0,15,15,0.0,0,0,0.0,0,0,0.0
corrected_dynrag_vs_corrected,125795,0.3,2027.0,0,0,0.0,1.03646862,1.03646862,0.0,15,15,0.0,0,0,0.0,0,0,0.0
corrected_dynrag_vs_corrected,125795,0.3,2028.0,1,1,0.0,0.37027826,0.37027826,0.0,15,15,0.0,0,0,0.0,0,0,0.0
corrected_dynrag_vs_corrected,127331,0.2,2026.0,1,1,0.0,0.00015887,0.00015887,0.0,11,11,0.0,0,0,0.0,0,0,0.0
corrected_dynrag_vs_corrected,127331,0.2,2027.0,0,0,0.0,1.00553778,1.00553778,0.0,15,15,0.0,0,0,0.0,0,0,0.0
corrected_dynrag_vs_corrected,127331,0.2,2028.0,1,1,0.0,0.00309986,0.00309986,0.0,13,13,0.0,0,0,0.0,0,0,0.0
corrected_dynrag_vs_corrected,127331,0.3,2026.0,0,0,0.0,0.95196465,0.95196465,0.0,15,15,0.0,0,0,0.0,0,0,0.0
corrected_dynrag_vs_corrected,127331,0.3,2027.0,0,0,0.0,0.95932484,0.95932484,0.0,15,15,0.0,0,0,0.0,0,0,0.0
corrected_dynrag_vs_corrected,127331,0.3,2028.0,0,0,0.0,1.01660066,1.01660066,0.0,15,15,0.0,1,1,0.0,1,1,0.0
corrected_dynrag_vs_corrected,127360,0.2,2026.0,1,1,0.0,0.02648736,0.02648736,0.0,12,12,0.0,1,1,0.0,0,0,0.0
corrected_dynrag_vs_corrected,127360,0.2,2027.0,0,0,0.0,1.84911114,1.84911114,0.0,4,4,0.0,0,0,0.0,0,0,0.0
corrected_dynrag_vs_corrected,127360,0.2,2028.0,1,1,0.0,0.03792336,0.03792336,0.0,10,10,0.0,0,0,0.0,0,0,0.0
corrected_dynrag_vs_corrected,127360,0.3,2026.0,0,0,0.0,0.9196956,0.9196956,0.0,15,15,0.0,1,1,0.0,1,1,0.0
corrected_dynrag_vs_corrected,127360,0.3,2027.0,0,0,0.0,1.05925773,1.05925773,0.0,15,15,0.0,0,0,0.0,0,0,0.0
corrected_dynrag_vs_corrected,127360,0.3,2028.0,1,1,0.0,0.20741752,0.20741752,0.0,15,15,0.0,0,0,0.0,0,0,0.0
corrected_dynrag_vs_corrected,128863,0.2,2026.0,1,1,0.0,0.00751437,0.00751437,0.0,15,15,0.0,0,0,0.0,0,0,0.0
corrected_dynrag_vs_corrected,128863,0.2,2027.0,1,1,0.0,0.10210833,0.10210833,0.0,15,15,0.0,1,1,0.0,1,1,0.0
corrected_dynrag_vs_corrected,128863,0.2,2028.0,1,1,0.0,0.00624961,0.00624961,0.0,15,15,0.0,0,0,0.0,0,0,0.0
corrected_dynrag_vs_corrected,128863,0.3,2026.0,0,0,0.0,0.76209813,0.76209813,0.0,15,15,0.0,1,1,0.0,1,1,0.0
corrected_dynrag_vs_corrected,128863,0.3,2027.0,0,0,0.0,1.19809984,1.19809984,0.0,15,15,0.0,0,0,0.0,0,0,0.0
corrected_dynrag_vs_corrected,128863,0.3,2028.0,0,0,0.0,0.9090456,0.9090456,0.0,15,15,0.0,0,0,0.0,0,0,0.0
corrected_dynrag_vs_corrected,130463,0.2,2026.0,1,1,0.0,0.00456193,0.00456193,0.0,13,13,0.0,0,0,0.0,0,0,0.0
corrected_dynrag_vs_corrected,130463,0.2,2027.0,0,0,0.0,1.8639625,1.8639625,0.0,9,9,0.0,1,1,0.0,1,1,0.0
corrected_dynrag_vs_corrected,130463,0.2,2028.0,1,1,0.0,0.00239556,0.00239556,0.0,6,6,0.0,0,0,0.0,0,0,0.0
corrected_dynrag_vs_corrected,130463,0.3,2026.0,0,0,0.0,1.05332226,1.05332226,0.0,15,15,0.0,0,0,0.0,0,0,0.0
corrected_dynrag_vs_corrected,130463,0.3,2027.0,1,1,0.0,0.00239556,0.00239556,0.0,6,6,0.0,0,0,0.0,0,0,0.0
corrected_dynrag_vs_corrected,130463,0.3,2028.0,1,1,0.0,0.00015062,0.00015062,0.0,11,11,0.0,0,0,0.0,0,0,0.0
corrected_dynrag_vs_corrected,130883,0.2,2026.0,0,0,0.0,0.91243986,0.91243986,0.0,15,15,0.0,0,0,0.0,0,0,0.0
corrected_dynrag_vs_corrected,130883,0.2,2027.0,1,1,0.0,0.0003729,0.0003729,0.0,15,15,0.0,0,0,0.0,0,0,0.0
corrected_dynrag_vs_corrected,130883,0.2,2028.0,0,0,0.0,1.03713284,1.03713284,0.0,15,15,0.0,1,1,0.0,1,1,0.0
corrected_dynrag_vs_corrected,130883,0.3,2026.0,1,1,0.0,0.00055212,0.00055212,0.0,10,10,0.0,0,0,0.0,0,0,0.0
corrected_dynrag_vs_corrected,130883,0.3,2027.0,1,1,0.0,0.00047951,0.00047951,0.0,8,8,0.0,0,0,0.0,0,0,0.0
corrected_dynrag_vs_corrected,130883,0.3,2028.0,0,0,0.0,1.79616677,1.79616677,0.0,3,3,0.0,0,0,0.0,0,0,0.0
corrected_dynrag_vs_corrected,131225,0.2,2026.0,1,1,0.0,0.01297555,0.01297555,0.0,1,1,0.0,0,0,0.0,0,0,0.0
corrected_dynrag_vs_corrected,131225,0.2,2027.0,0,0,0.0,1.01089834,1.01089834,0.0,15,15,0.0,0,0,0.0,0,0,0.0
corrected_dynrag_vs_corrected,131225,0.2,2028.0,1,1,0.0,0.0014897,0.0014897,0.0,8,8,0.0,0,0,0.0,0,0,0.0
corrected_dynrag_vs_corrected,131225,0.3,2026.0,1,1,0.0,0.00088228,0.00088228,0.0,10,10,0.0,0,0,0.0,0,0,0.0
corrected_dynrag_vs_corrected,131225,0.3,2027.0,0,0,0.0,1.08423959,1.08423959,0.0,15,15,0.0,1,1,0.0,1,1,0.0
corrected_dynrag_vs_corrected,131225,0.3,2028.0,1,1,0.0,0.00097736,0.00097736,0.0,12,12,0.0,0,0,0.0,0,0,0.0
corrected_dynrag_vs_corrected,131349,0.2,2026.0,0,0,0.0,0.80305257,0.80305257,0.0,15,15,0.0,0,0,0.0,0,0,0.0
corrected_dynrag_vs_corrected,131349,0.2,2027.0,0,0,0.0,1.86061762,1.86061762,0.0,8,8,0.0,0,0,0.0,0,0,0.0
corrected_dynrag_vs_corrected,131349,0.2,2028.0,0,0,0.0,0.65718506,0.65718506,0.0,15,15,0.0,0,0,0.0,0,0,0.0
corrected_dynrag_vs_corrected,131349,0.3,2026.0,0,0,0.0,0.80264464,0.80264464,0.0,15,15,0.0,0,0,0.0,0,0,0.0
corrected_dynrag_vs_corrected,131349,0.3,2027.0,0,0,0.0,0.80110602,0.80110602,0.0,15,15,0.0,0,0,0.0,0,0,0.0
corrected_dynrag_vs_corrected,131349,0.3,2028.0,0,0,0.0,1.96191179,1.96191179,0.0,7,7,0.0,0,0,0.0,0,0,0.0
corrected_dynrag_vs_corrected,132277,0.2,2026.0,1,1,0.0,0.00982864,0.00982864,0.0,11,11,0.0,0,0,0.0,0,0,0.0
corrected_dynrag_vs_corrected,132277,0.2,2027.0,0,0,0.0,0.75457015,0.75457015,0.0,15,15,0.0,1,1,0.0,1,1,0.0
corrected_dynrag_vs_corrected,132277,0.2,2028.0,0,0,0.0,1.56743818,1.56743818,0.0,7,7,0.0,0,0,0.0,0,0,0.0
corrected_dynrag_vs_corrected,132277,0.3,2026.0,0,0,0.0,1.91301864,1.91301864,0.0,13,13,0.0,0,0,0.0,0,0,0.0
corrected_dynrag_vs_corrected,132277,0.3,2027.0,0,0,0.0,1.56743818,1.56743818,0.0,7,7,0.0,0,0,0.0,0,0,0.0
corrected_dynrag_vs_corrected,132277,0.3,2028.0,1,1,0.0,0.54455008,0.54455008,0.0,15,15,0.0,0,0,0.0,0,0,0.0
corrected_dynrag_vs_corrected,13229,0.2,2026.0,0,0,0.0,1.01630567,1.01630567,0.0,15,15,0.0,0,0,0.0,0,0,0.0
corrected_dynrag_vs_corrected,13229,0.2,2027.0,1,1,0.0,0.00776159,0.00776159,0.0,15,15,0.0,0,0,0.0,0,0,0.0
corrected_dynrag_vs_corrected,13229,0.2,2028.0,1,1,0.0,0.51466067,0.51466067,0.0,15,15,0.0,0,0,0.0,0,0,0.0
corrected_dynrag_vs_corrected,13229,0.3,2026.0,1,1,0.0,0.00075333,0.00075333,0.0,11,11,0.0,0,0,0.0,0,0,0.0
corrected_dynrag_vs_corrected,13229,0.3,2027.0,0,0,0.0,1.05942344,1.05942344,0.0,15,15,0.0,0,0,0.0,0,0,0.0
corrected_dynrag_vs_corrected,13229,0.3,2028.0,1,1,0.0,0.00102507,0.00102507,0.0,10,10,0.0,0,0,0.0,0,0,0.0
corrected_dynrag_vs_corrected,13849,0.2,2026.0,1,1,0.0,0.00070501,0.00070501,0.0,6,6,0.0,0,0,0.0,0,0,0.0
corrected_dynrag_vs_corrected,13849,0.2,2027.0,1,1,0.0,0.00049251,0.00049251,0.0,4,4,0.0,0,0,0.0,0,0,0.0
corrected_dynrag_vs_corrected,13849,0.2,2028.0,1,1,0.0,0.00057452,0.00057452,0.0,2,2,0.0,0,0,0.0,0,0,0.0
corrected_dynrag_vs_corrected,13849,0.3,2026.0,1,1,0.0,0.00057452,0.00057452,0.0,2,2,0.0,0,0,0.0,0,0,0.0
corrected_dynrag_vs_corrected,13849,0.3,2027.0,1,1,0.0,0.00069116,0.00069116,0.0,4,4,0.0,0,0,0.0,0,0,0.0
corrected_dynrag_vs_corrected,13849,0.3,2028.0,1,1,0.0,0.00057452,0.00057452,0.0,2,2,0.0,0,0,0.0,0,0,0.0
corrected_dynrag_vs_corrected,14061,0.2,2026.0,1,1,0.0,0.00057511,0.00057511,0.0,5,5,0.0,0,0,0.0,0,0,0.0
corrected_dynrag_vs_corrected,14061,0.2,2027.0,1,1,0.0,0.00071958,0.00071958,0.0,8,8,0.0,1,1,0.0,0,0,0.0
corrected_dynrag_vs_corrected,14061,0.2,2028.0,1,1,0.0,0.00104586,0.00104586,0.0,6,6,0.0,0,0,0.0,0,0,0.0
corrected_dynrag_vs_corrected,14061,0.3,2026.0,0,0,0.0,1.94531032,1.94531032,0.0,8,8,0.0,1,1,0.0,1,1,0.0
corrected_dynrag_vs_corrected,14061,0.3,2027.0,1,1,0.0,0.00041813,0.00041813,0.0,5,5,0.0,0,0,0.0,0,0,0.0
corrected_dynrag_vs_corrected,14061,0.3,2028.0,1,1,0.0,0.00030235,0.00030235,0.0,7,7,0.0,0,0,0.0,0,0,0.0
corrected_dynrag_vs_corrected,15856,0.2,2026.0,1,1,0.0,0.00064164,0.00064164,0.0,7,7,0.0,0,0,0.0,0,0,0.0
corrected_dynrag_vs_corrected,15856,0.2,2027.0,1,1,0.0,0.00064164,0.00064164,0.0,7,7,0.0,0,0,0.0,0,0,0.0
corrected_dynrag_vs_corrected,15856,0.2,2028.0,1,1,0.0,0.00011546,0.00011546,0.0,7,7,0.0,0,0,0.0,0,0,0.0
corrected_dynrag_vs_corrected,15856,0.3,2026.0,1,1,0.0,0.00010388,0.00010388,0.0,7,7,0.0,0,0,0.0,0,0,0.0
corrected_dynrag_vs_corrected,15856,0.3,2027.0,1,1,0.0,0.00018968,0.00018968,0.0,5,5,0.0,0,0,0.0,0,0,0.0
corrected_dynrag_vs_corrected,15856,0.3,2028.0,1,1,0.0,0.00149283,0.00149283,0.0,6,6,0.0,0,0,0.0,0,0,0.0
corrected_dynrag_vs_corrected,16418,0.2,2026.0,1,1,0.0,0.02062172,0.02062172,0.0,10,10,0.0,0,0,0.0,0,0,0.0
corrected_dynrag_vs_corrected,16418,0.2,2027.0,1,1,0.0,0.0047234,0.0047234,0.0,11,11,0.0,0,0,0.0,0,0,0.0
corrected_dynrag_vs_corrected,16418,0.2,2028.0,1,1,0.0,0.04505873,0.04505873,0.0,12,12,0.0,1,1,0.0,0,0,0.0
corrected_dynrag_vs_corrected,16418,0.3,2026.0,1,1,0.0,0.00890294,0.00890294,0.0,12,12,0.0,0,0,0.0,0,0,0.0
corrected_dynrag_vs_corrected,16418,0.3,2027.0,1,1,0.0,0.00066889,0.00066889,0.0,11,11,0.0,0,0,0.0,0,0,0.0
corrected_dynrag_vs_corrected,16418,0.3,2028.0,1,1,0.0,0.00138024,0.00138024,0.0,12,12,0.0,0,0,0.0,0,0,0.0
corrected_dynrag_vs_corrected,1651,0.2,2026.0,1,1,0.0,0.0118262,0.0118262,0.0,6,6,0.0,1,1,0.0,0,0,0.0
corrected_dynrag_vs_corrected,1651,0.2,2027.0,1,1,0.0,0.20144846,0.20144846,0.0,15,15,0.0,0,0,0.0,0,0,0.0
corrected_dynrag_vs_corrected,1651,0.2,2028.0,1,1,0.0,0.01325455,0.01325455,0.0,7,7,0.0,1,1,0.0,0,0,0.0
corrected_dynrag_vs_corrected,1651,0.3,2026.0,1,1,0.0,0.90294875,0.90294875,0.0,15,15,0.0,0,0,0.0,0,0,0.0
corrected_dynrag_vs_corrected,1651,0.3,2027.0,1,1,0.0,0.01689809,0.01689809,0.0,3,3,0.0,0,0,0.0,0,0,0.0
corrected_dynrag_vs_corrected,1651,0.3,2028.0,1,1,0.0,0.01689809,0.01689809,0.0,3,3,0.0,0,0,0.0,0,0,0.0
corrected_dynrag_vs_corrected,17404,0.2,2026.0,1,1,0.0,0.02427328,0.02427328,0.0,3,3,0.0,0,0,0.0,0,0,0.0
corrected_dynrag_vs_corrected,17404,0.2,2027.0,1,1,0.0,0.02153556,0.02153556,0.0,3,3,0.0,0,0,0.0,0,0,0.0
corrected_dynrag_vs_corrected,17404,0.2,2028.0,1,1,0.0,0.01514424,0.01514424,0.0,2,2,0.0,0,0,0.0,0,0,0.0
corrected_dynrag_vs_corrected,17404,0.3,2026.0,1,1,0.0,0.00216557,0.00216557,0.0,12,12,0.0,1,1,0.0,0,0,0.0
corrected_dynrag_vs_corrected,17404,0.3,2027.0,1,1,0.0,0.01514424,0.01514424,0.0,2,2,0.0,0,0,0.0,0,0,0.0
corrected_dynrag_vs_corrected,17404,0.3,2028.0,1,1,0.0,0.01514424,0.01514424,0.0,2,2,0.0,0,0,0.0,0,0,0.0
corrected_dynrag_vs_corrected,19706,0.2,2026.0,1,1,0.0,0.00314648,0.00314648,0.0,5,5,0.0,0,0,0.0,0,0,0.0
corrected_dynrag_vs_corrected,19706,0.2,2027.0,1,1,0.0,0.00049273,0.00049273,0.0,13,13,0.0,0,0,0.0,0,0,0.0
corrected_dynrag_vs_corrected,19706,0.2,2028.0,1,1,0.0,0.00070452,0.00070452,0.0,7,7,0.0,0,0,0.0,0,0,0.0
corrected_dynrag_vs_corrected,19706,0.3,2026.0,1,1,0.0,0.00314876,0.00314876,0.0,11,11,0.0,0,0,0.0,0,0,0.0
corrected_dynrag_vs_corrected,19706,0.3,2027.0,1,1,0.0,0.00314648,0.00314648,0.0,5,5,0.0,0,0,0.0,0,0,0.0
corrected_dynrag_vs_corrected,19706,0.3,2028.0,0,0,0.0,0.59225056,0.59225056,0.0,15,15,0.0,0,0,0.0,0,0,0.0
corrected_dynrag_vs_corrected,20485,0.2,2026.0,1,1,0.0,0.05021262,0.05021262,0.0,15,15,0.0,0,0,0.0,0,0,0.0
corrected_dynrag_vs_corrected,20485,0.2,2027.0,1,1,0.0,0.00271204,0.00271204,0.0,11,11,0.0,0,0,0.0,0,0,0.0
corrected_dynrag_vs_corrected,20485,0.2,2028.0,0,0,0.0,1.28623644,1.28623644,0.0,15,15,0.0,0,0,0.0,0,0,0.0
corrected_dynrag_vs_corrected,20485,0.3,2026.0,1,1,0.0,0.77009848,0.77009848,0.0,15,15,0.0,0,0,0.0,0,0,0.0
corrected_dynrag_vs_corrected,20485,0.3,2027.0,1,1,0.0,0.01000151,0.01000151,0.0,13,13,0.0,0,0,0.0,0,0,0.0
corrected_dynrag_vs_corrected,20485,0.3,2028.0,1,1,0.0,0.21963038,0.21963038,0.0,15,15,0.0,0,0,0.0,0,0,0.0
corrected_dynrag_vs_corrected,20624,0.2,2026.0,1,1,0.0,0.01230917,0.01230917,0.0,4,4,0.0,0,0,0.0,0,0,0.0
corrected_dynrag_vs_corrected,20624,0.2,2027.0,1,1,0.0,0.00526281,0.00526281,0.0,3,3,0.0,0,0,0.0,0,0,0.0
corrected_dynrag_vs_corrected,20624,0.2,2028.0,1,1,0.0,0.01230917,0.01230917,0.0,4,4,0.0,0,0,0.0,0,0,0.0
corrected_dynrag_vs_corrected,20624,0.3,2026.0,1,1,0.0,0.00125758,0.00125758,0.0,4,4,0.0,0,0,0.0,0,0,0.0
corrected_dynrag_vs_corrected,20624,0.3,2027.0,1,1,0.0,0.00526281,0.00526281,0.0,3,3,0.0,0,0,0.0,0,0,0.0
corrected_dynrag_vs_corrected,20624,0.3,2028.0,1,1,0.0,0.00169739,0.00169739,0.0,3,3,0.0,0,0,0.0,0,0,0.0
corrected_dynrag_vs_corrected,20761,0.2,2026.0,1,1,0.0,0.00124959,0.00124959,0.0,7,7,0.0,0,0,0.0,0,0,0.0
corrected_dynrag_vs_corrected,20761,0.2,2027.0,0,0,0.0,1.73350003,1.73350003,0.0,8,8,0.0,0,0,0.0,0,0,0.0
corrected_dynrag_vs_corrected,20761,0.2,2028.0,1,1,0.0,0.39382973,0.39382973,0.0,15,15,0.0,1,1,0.0,1,1,0.0
corrected_dynrag_vs_corrected,20761,0.3,2026.0,1,1,0.0,0.39237262,0.39237262,0.0,15,15,0.0,1,1,0.0,1,1,0.0
corrected_dynrag_vs_corrected,20761,0.3,2027.0,0,0,0.0,1.60451454,1.60451454,0.0,9,9,0.0,0,0,0.0,0,0,0.0
corrected_dynrag_vs_corrected,20761,0.3,2028.0,0,0,0.0,1.16200617,1.16200617,0.0,15,15,0.0,0,0,0.0,0,0,0.0
corrected_dynrag_vs_corrected,20791,0.2,2026.0,1,1,0.0,0.15641499,0.15641499,0.0,15,15,0.0,1,1,0.0,0,0,0.0
corrected_dynrag_vs_corrected,20791,0.2,2027.0,1,1,0.0,0.00733663,0.00733663,0.0,5,5,0.0,0,0,0.0,0,0,0.0
corrected_dynrag_vs_corrected,20791,0.2,2028.0,1,1,0.0,0.00089737,0.00089737,0.0,7,7,0.0,0,0,0.0,0,0,0.0
corrected_dynrag_vs_corrected,20791,0.3,2026.0,1,1,0.0,0.00902116,0.00902116,0.0,1,1,0.0,0,0,0.0,0,0,0.0
corrected_dynrag_vs_corrected,20791,0.3,2027.0,1,1,0.0,0.00037419,0.00037419,0.0,6,6,0.0,0,0,0.0,0,0,0.0
corrected_dynrag_vs_corrected,20791,0.3,2028.0,1,1,0.0,0.00089737,0.00089737,0.0,7,7,0.0,0,0,0.0,0,0,0.0
corrected_dynrag_vs_corrected,20855,0.2,2026.0,0,0,0.0,1.90586226,1.90586226,0.0,4,4,0.0,0,0,0.0,0,0,0.0
corrected_dynrag_vs_corrected,20855,0.2,2027.0,1,1,0.0,0.00287048,0.00287048,0.0,5,5,0.0,0,0,0.0,0,0,0.0
corrected_dynrag_vs_corrected,20855,0.2,2028.0,1,1,0.0,0.00142454,0.00142454,0.0,7,7,0.0,1,1,0.0,1,1,0.0
corrected_dynrag_vs_corrected,20855,0.3,2026.0,1,1,0.0,0.00275686,0.00275686,0.0,8,8,0.0,0,0,0.0,0,0,0.0
corrected_dynrag_vs_corrected,20855,0.3,2027.0,1,1,0.0,0.00353501,0.00353501,0.0,6,6,0.0,0,0,0.0,0,0,0.0
corrected_dynrag_vs_corrected,20855,0.3,2028.0,1,1,0.0,0.0194776,0.0194776,0.0,5,5,0.0,0,0,0.0,0,0,0.0
corrected_dynrag_vs_corrected,21,0.2,2026.0,1,1,0.0,0.01340021,0.01340021,0.0,13,13,0.0,0,0,0.0,0,0,0.0
corrected_dynrag_vs_corrected,21,0.2,2027.0,1,1,0.0,0.03524856,0.03524856,0.0,1,1,0.0,0,0,0.0,0,0,0.0
corrected_dynrag_vs_corrected,21,0.2,2028.0,1,1,0.0,0.08082303,0.08082303,0.0,15,15,0.0,0,0,0.0,0,0,0.0
corrected_dynrag_vs_corrected,21,0.3,2026.0,1,1,0.0,0.02074077,0.02074077,0.0,15,15,0.0,0,0,0.0,0,0,0.0
corrected_dynrag_vs_corrected,21,0.3,2027.0,1,1,0.0,0.03845694,0.03845694,0.0,4,4,0.0,0,0,0.0,0,0,0.0
corrected_dynrag_vs_corrected,21,0.3,2028.0,1,1,0.0,0.19668308,0.19668308,0.0,15,15,0.0,1,1,0.0,0,0,0.0
corrected_dynrag_vs_corrected,21018,0.2,2026.0,1,1,0.0,0.00913542,0.00913542,0.0,7,7,0.0,0,0,0.0,0,0,0.0
corrected_dynrag_vs_corrected,21018,0.2,2027.0,1,1,0.0,0.01455778,0.01455778,0.0,15,15,0.0,0,0,0.0,0,0,0.0
corrected_dynrag_vs_corrected,21018,0.2,2028.0,1,1,0.0,0.00231231,0.00231231,0.0,7,7,0.0,0,0,0.0,0,0,0.0
corrected_dynrag_vs_corrected,21018,0.3,2026.0,1,1,0.0,0.00913542,0.00913542,0.0,7,7,0.0,0,0,0.0,0,0,0.0
corrected_dynrag_vs_corrected,21018,0.3,2027.0,1,1,0.0,0.00072181,0.00072181,0.0,15,15,0.0,0,0,0.0,0,0,0.0
corrected_dynrag_vs_corrected,21018,0.3,2028.0,1,1,0.0,0.00761035,0.00761035,0.0,10,10,0.0,0,0,0.0,0,0,0.0
corrected_dynrag_vs_corrected,217,0.2,2026.0,1,1,0.0,0.00974915,0.00974915,0.0,4,4,0.0,0,0,0.0,0,0,0.0
corrected_dynrag_vs_corrected,217,0.2,2027.0,1,1,0.0,0.00274174,0.00274174,0.0,8,8,0.0,0,0,0.0,0,0,0.0
corrected_dynrag_vs_corrected,217,0.2,2028.0,1,1,0.0,0.00290223,0.00290223,0.0,5,5,0.0,0,0,0.0,0,0,0.0
corrected_dynrag_vs_corrected,217,0.3,2026.0,0,0,0.0,1.70261533,1.70261533,0.0,6,6,0.0,0,0,0.0,0,0,0.0
corrected_dynrag_vs_corrected,217,0.3,2027.0,1,1,0.0,0.00379059,0.00379059,0.0,3,3,0.0,0,0,0.0,0,0,0.0
corrected_dynrag_vs_corrected,217,0.3,2028.0,1,1,0.0,0.00024971,0.00024971,0.0,3,3,0.0,0,0,0.0,0,0,0.0
corrected_dynrag_vs_corrected,22238,0.2,2026.0,1,1,0.0,0.02595677,0.02595677,0.0,11,11,0.0,0,0,0.0,0,0,0.0
corrected_dynrag_vs_corrected,22238,0.2,2027.0,0,0,0.0,1.86949728,1.86949728,0.0,8,8,0.0,1,1,0.0,1,1,0.0
corrected_dynrag_vs_corrected,22238,0.2,2028.0,1,1,0.0,0.27666933,0.27666933,0.0,15,15,0.0,0,0,0.0,0,0,0.0
corrected_dynrag_vs_corrected,22238,0.3,2026.0,0,0,0.0,1.90366537,1.90366537,0.0,12,12,0.0,0,0,0.0,0,0,0.0
corrected_dynrag_vs_corrected,22238,0.3,2027.0,1,1,0.0,0.00023404,0.00023404,0.0,14,14,0.0,0,0,0.0,0,0,0.0
corrected_dynrag_vs_corrected,22238,0.3,2028.0,0,0,0.0,1.88931595,1.88931595,0.0,3,3,0.0,0,0,0.0,0,0,0.0
corrected_dynrag_vs_corrected,22391,0.2,2026.0,1,1,0.0,0.0045091,0.0045091,0.0,8,8,0.0,0,0,0.0,0,0,0.0
corrected_dynrag_vs_corrected,22391,0.2,2027.0,1,1,0.0,0.00426122,0.00426122,0.0,8,8,0.0,0,0,0.0,0,0,0.0
corrected_dynrag_vs_corrected,22391,0.2,2028.0,1,1,0.0,0.00286614,0.00286614,0.0,11,11,0.0,1,1,0.0,0,0,0.0
corrected_dynrag_vs_corrected,22391,0.3,2026.0,1,1,0.0,0.00060552,0.00060552,0.0,8,8,0.0,0,0,0.0,0,0,0.0
corrected_dynrag_vs_corrected,22391,0.3,2027.0,1,1,0.0,0.00510884,0.00510884,0.0,14,14,0.0,0,0,0.0,0,0,0.0
corrected_dynrag_vs_corrected,22391,0.3,2028.0,0,0,0.0,1.88211048,1.88211048,0.0,5,5,0.0,0,0,0.0,0,0,0.0
corrected_dynrag_vs_corrected,23837,0.2,2026.0,1,1,0.0,0.00074876,0.00074876,0.0,6,6,0.0,0,0,0.0,0,0,0.0
corrected_dynrag_vs_corrected,23837,0.2,2027.0,1,1,0.0,0.00074876,0.00074876,0.0,6,6,0.0,0,0,0.0,0,0,0.0
corrected_dynrag_vs_corrected,23837,0.2,2028.0,1,1,0.0,0.00117024,0.00117024,0.0,3,3,0.0,0,0,0.0,0,0,0.0
corrected_dynrag_vs_corrected,23837,0.3,2026.0,1,1,0.0,0.0021852,0.0021852,0.0,2,2,0.0,0,0,0.0,0,0,0.0
corrected_dynrag_vs_corrected,23837,0.3,2027.0,1,1,0.0,0.0021852,0.0021852,0.0,2,2,0.0,0,0,0.0,0,0,0.0
corrected_dynrag_vs_corrected,23837,0.3,2028.0,1,1,0.0,0.0021852,0.0021852,0.0,2,2,0.0,0,0,0.0,0,0,0.0
corrected_dynrag_vs_corrected,25573,0.2,2026.0,1,1,0.0,0.00080057,0.00080057,0.0,3,3,0.0,0,0,0.0,0,0,0.0
corrected_dynrag_vs_corrected,25573,0.2,2027.0,1,1,0.0,0.00035007,0.00035007,0.0,3,3,0.0,0,0,0.0,0,0,0.0
corrected_dynrag_vs_corrected,25573,0.2,2028.0,1,1,0.0,0.00035007,0.00035007,0.0,3,3,0.0,0,0,0.0,0,0,0.0
corrected_dynrag_vs_corrected,25573,0.3,2026.0,1,1,0.0,0.00135728,0.00135728,0.0,4,4,0.0,0,0,0.0,0,0,0.0
corrected_dynrag_vs_corrected,25573,0.3,2027.0,1,1,0.0,0.00035007,0.00035007,0.0,3,3,0.0,0,0,0.0,0,0,0.0
corrected_dynrag_vs_corrected,25573,0.3,2028.0,1,1,0.0,0.00080057,0.00080057,0.0,3,3,0.0,0,0,0.0,0,0,0.0
corrected_dynrag_vs_corrected,2586,0.2,2026.0,1,1,0.0,0.00111149,0.00111149,0.0,9,9,0.0,0,0,0.0,0,0,0.0
corrected_dynrag_vs_corrected,2586,0.2,2027.0,0,0,0.0,1.05019178,1.05019178,0.0,15,15,0.0,0,0,0.0,0,0,0.0
corrected_dynrag_vs_corrected,2586,0.2,2028.0,0,0,0.0,1.05014125,1.05014125,0.0,15,15,0.0,0,0,0.0,0,0,0.0
corrected_dynrag_vs_corrected,2586,0.3,2026.0,0,0,0.0,1.02556391,1.02556391,0.0,15,15,0.0,0,0,0.0,0,0,0.0
corrected_dynrag_vs_corrected,2586,0.3,2027.0,0,0,0.0,1.05329805,1.05329805,0.0,15,15,0.0,0,0,0.0,0,0,0.0
corrected_dynrag_vs_corrected,2586,0.3,2028.0,1,1,0.0,0.01073684,0.01073684,0.0,12,12,0.0,1,1,0.0,1,1,0.0
corrected_dynrag_vs_corrected,26303,0.2,2026.0,1,1,0.0,0.00318987,0.00318987,0.0,2,2,0.0,0,0,0.0,0,0,0.0
corrected_dynrag_vs_corrected,26303,0.2,2027.0,1,1,0.0,0.00318987,0.00318987,0.0,2,2,0.0,0,0,0.0,0,0,0.0
corrected_dynrag_vs_corrected,26303,0.2,2028.0,1,1,0.0,0.00318987,0.00318987,0.0,2,2,0.0,0,0,0.0,0,0,0.0
corrected_dynrag_vs_corrected,26303,0.3,2026.0,1,1,0.0,0.00318987,0.00318987,0.0,2,2,0.0,0,0,0.0,0,0,0.0
corrected_dynrag_vs_corrected,26303,0.3,2027.0,1,1,0.0,0.00318987,0.00318987,0.0,2,2,0.0,0,0,0.0,0,0,0.0
corrected_dynrag_vs_corrected,26303,0.3,2028.0,1,1,0.0,0.00199785,0.00199785,0.0,5,5,0.0,1,1,0.0,0,0,0.0
corrected_dynrag_vs_corrected,26335,0.2,2026.0,1,1,0.0,0.03813038,0.03813038,0.0,1,1,0.0,0,0,0.0,0,0,0.0
corrected_dynrag_vs_corrected,26335,0.2,2027.0,1,1,0.0,0.03813038,0.03813038,0.0,1,1,0.0,0,0,0.0,0,0,0.0
corrected_dynrag_vs_corrected,26335,0.2,2028.0,1,1,0.0,0.70204204,0.70204204,0.0,15,15,0.0,0,0,0.0,0,0,0.0
corrected_dynrag_vs_corrected,26335,0.3,2026.0,1,1,0.0,0.03813038,0.03813038,0.0,1,1,0.0,0,0,0.0,0,0,0.0
corrected_dynrag_vs_corrected,26335,0.3,2027.0,1,1,0.0,0.03813038,0.03813038,0.0,1,1,0.0,0,0,0.0,0,0,0.0
corrected_dynrag_vs_corrected,26335,0.3,2028.0,0,0,0.0,0.92724895,0.92724895,0.0,15,15,0.0,0,0,0.0,0,0,0.0
corrected_dynrag_vs_corrected,27432,0.2,2026.0,1,1,0.0,0.00252307,0.00252307,0.0,8,8,0.0,0,0,0.0,0,0,0.0
corrected_dynrag_vs_corrected,27432,0.2,2027.0,1,1,0.0,0.04795429,0.04795429,0.0,15,15,0.0,1,1,0.0,0,0,0.0
corrected_dynrag_vs_corrected,27432,0.2,2028.0,1,1,0.0,0.5465708,0.5465708,0.0,15,15,0.0,0,0,0.0,0,0,0.0
corrected_dynrag_vs_corrected,27432,0.3,2026.0,1,1,0.0,0.27087528,0.27087528,0.0,15,15,0.0,0,0,0.0,0,0,0.0
corrected_dynrag_vs_corrected,27432,0.3,2027.0,1,1,0.0,0.01196816,0.01196816,0.0,15,15,0.0,0,0,0.0,0,0,0.0
corrected_dynrag_vs_corrected,27432,0.3,2028.0,0,0,0.0,1.08649392,1.08649392,0.0,15,15,0.0,0,0,0.0,0,0,0.0
corrected_dynrag_vs_corrected,27519,0.2,2026.0,0,0,0.0,0.6094707,0.6094707,0.0,15,15,0.0,0,0,0.0,0,0,0.0
corrected_dynrag_vs_corrected,27519,0.2,2027.0,0,0,0.0,1.01357212,1.01357212,0.0,15,15,0.0,0,0,0.0,0,0,0.0
corrected_dynrag_vs_corrected,27519,0.2,2028.0,0,0,0.0,1.05804589,1.05804589,0.0,15,15,0.0,0,0,0.0,0,0,0.0
corrected_dynrag_vs_corrected,27519,0.3,2026.0,0,0,0.0,1.23417173,1.23417173,0.0,15,15,0.0,1,1,0.0,1,1,0.0
corrected_dynrag_vs_corrected,27519,0.3,2027.0,1,1,0.0,0.1002769,0.1002769,0.0,15,15,0.0,0,0,0.0,0,0,0.0
corrected_dynrag_vs_corrected,27519,0.3,2028.0,0,0,0.0,0.82241219,0.82241219,0.0,15,15,0.0,0,0,0.0,0,0,0.0
corrected_dynrag_vs_corrected,27936,0.2,2026.0,1,1,0.0,0.03569194,0.03569194,0.0,9,9,0.0,1,1,0.0,1,1,0.0
corrected_dynrag_vs_corrected,27936,0.2,2027.0,0,0,0.0,0.9314013,0.9314013,0.0,15,15,0.0,0,0,0.0,0,0,0.0
corrected_dynrag_vs_corrected,27936,0.2,2028.0,0,0,0.0,1.72285743,1.72285743,0.0,8,8,0.0,0,0,0.0,0,0,0.0
corrected_dynrag_vs_corrected,27936,0.3,2026.0,0,0,0.0,0.98094234,0.98094234,0.0,15,15,0.0,0,0,0.0,0,0,0.0
corrected_dynrag_vs_corrected,27936,0.3,2027.0,1,1,0.0,0.02309553,0.02309553,0.0,3,3,0.0,0,0,0.0,0,0,0.0
corrected_dynrag_vs_corrected,27936,0.3,2028.0,1,1,0.0,0.04774506,0.04774506,0.0,10,10,0.0,1,1,0.0,1,1,0.0
corrected_dynrag_vs_corrected,28316,0.2,2026.0,0,0,0.0,1.02873234,1.02873234,0.0,15,15,0.0,0,0,0.0,0,0,0.0
corrected_dynrag_vs_corrected,28316,0.2,2027.0,0,0,0.0,0.89948059,0.89948059,0.0,15,15,0.0,0,0,0.0,0,0,0.0
corrected_dynrag_vs_corrected,28316,0.2,2028.0,0,0,0.0,1.0884546,1.0884546,0.0,15,15,0.0,0,0,0.0,0,0,0.0
corrected_dynrag_vs_corrected,28316,0.3,2026.0,0,0,0.0,0.98120544,0.98120544,0.0,15,15,0.0,0,0,0.0,0,0,0.0
corrected_dynrag_vs_corrected,28316,0.3,2027.0,0,0,0.0,1.34408314,1.34408314,0.0,15,15,0.0,0,0,0.0,0,0,0.0
corrected_dynrag_vs_corrected,28316,0.3,2028.0,1,1,0.0,0.00038321,0.00038321,0.0,15,15,0.0,0,0,0.0,0,0,0.0
corrected_dynrag_vs_corrected,28829,0.2,2026.0,1,1,0.0,0.01046296,0.01046296,0.0,1,1,0.0,0,0,0.0,0,0,0.0
corrected_dynrag_vs_corrected,28829,0.2,2027.0,1,1,0.0,0.00246021,0.00246021,0.0,3,3,0.0,0,0,0.0,0,0,0.0
corrected_dynrag_vs_corrected,28829,0.2,2028.0,1,1,0.0,0.01046296,0.01046296,0.0,1,1,0.0,0,0,0.0,0,0,0.0
corrected_dynrag_vs_corrected,28829,0.3,2026.0,1,1,0.0,0.01046296,0.01046296,0.0,1,1,0.0,0,0,0.0,0,0,0.0
corrected_dynrag_vs_corrected,28829,0.3,2027.0,1,1,0.0,0.01046296,0.01046296,0.0,1,1,0.0,0,0,0.0,0,0,0.0
corrected_dynrag_vs_corrected,28829,0.3,2028.0,1,1,0.0,0.01046296,0.01046296,0.0,1,1,0.0,0,0,0.0,0,0,0.0
corrected_dynrag_vs_corrected,28939,0.2,2026.0,1,1,0.0,0.00214413,0.00214413,0.0,2,2,0.0,0,0,0.0,0,0,0.0
corrected_dynrag_vs_corrected,28939,0.2,2027.0,1,1,0.0,0.00214413,0.00214413,0.0,2,2,0.0,0,0,0.0,0,0,0.0
corrected_dynrag_vs_corrected,28939,0.2,2028.0,1,1,0.0,0.02394788,0.02394788,0.0,3,3,0.0,0,0,0.0,0,0,0.0
corrected_dynrag_vs_corrected,28939,0.3,2026.0,0,0,0.0,1.01207032,1.01207032,0.0,15,15,0.0,0,0,0.0,0,0,0.0
corrected_dynrag_vs_corrected,28939,0.3,2027.0,1,1,0.0,0.02248366,0.02248366,0.0,4,4,0.0,0,0,0.0,0,0,0.0
corrected_dynrag_vs_corrected,28939,0.3,2028.0,1,1,0.0,0.01319288,0.01319288,0.0,3,3,0.0,0,0,0.0,0,0,0.0
corrected_dynrag_vs_corrected,297,0.2,2026.0,0,0,0.0,0.99655594,0.99655594,0.0,15,15,0.0,0,0,0.0,0,0,0.0
corrected_dynrag_vs_corrected,297,0.2,2027.0,1,1,0.0,0.00015535,0.00015535,0.0,7,7,0.0,0,0,0.0,0,0,0.0
corrected_dynrag_vs_corrected,297,0.2,2028.0,0,0,0.0,1.06723166,1.06723166,0.0,15,15,0.0,0,0,0.0,0,0,0.0
corrected_dynrag_vs_corrected,297,0.3,2026.0,1,1,0.0,0.00071693,0.00071693,0.0,10,10,0.0,0,0,0.0,0,0,0.0
corrected_dynrag_vs_corrected,297,0.3,2027.0,1,1,0.0,0.00015535,0.00015535,0.0,7,7,0.0,0,0,0.0,0,0,0.0
corrected_dynrag_vs_corrected,297,0.3,2028.0,1,1,0.0,0.0004248,0.0004248,0.0,8,8,0.0,0,0,0.0,0,0,0.0
corrected_dynrag_vs_corrected,29740,0.2,2026.0,1,1,0.0,0.00981931,0.00981931,0.0,12,12,0.0,0,0,0.0,0,0,0.0
corrected_dynrag_vs_corrected,29740,0.2,2027.0,0,0,0.0,1.04335451,1.04335451,0.0,15,15,0.0,0,0,0.0,0,0,0.0
corrected_dynrag_vs_corrected,29740,0.2,2028.0,0,0,0.0,1.32846486,1.32846486,0.0,15,15,0.0,0,0,0.0,0,0,0.0
corrected_dynrag_vs_corrected,29740,0.3,2026.0,0,0,0.0,1.78622778,1.78622778,0.0,15,15,0.0,0,0,0.0,0,0,0.0
corrected_dynrag_vs_corrected,29740,0.3,2027.0,1,1,0.0,0.01767984,0.01767984,0.0,13,13,0.0,0,0,0.0,0,0,0.0
corrected_dynrag_vs_corrected,29740,0.3,2028.0,1,1,0.0,0.00265019,0.00265019,0.0,10,10,0.0,0,0,0.0,0,0,0.0
corrected_dynrag_vs_corrected,298,0.2,2026.0,1,1,0.0,0.00024544,0.00024544,0.0,6,6,0.0,0,0,0.0,0,0,0.0
corrected_dynrag_vs_corrected,298,0.2,2027.0,1,1,0.0,0.00024544,0.00024544,0.0,6,6,0.0,0,0,0.0,0,0,0.0
corrected_dynrag_vs_corrected,298,0.2,2028.0,1,1,0.0,0.0049358,0.0049358,0.0,10,10,0.0,0,0,0.0,0,0,0.0
corrected_dynrag_vs_corrected,298,0.3,2026.0,1,1,0.0,0.00030308,0.00030308,0.0,6,6,0.0,0,0,0.0,0,0,0.0
corrected_dynrag_vs_corrected,298,0.3,2027.0,0,0,0.0,1.86427764,1.86427764,0.0,8,8,0.0,0,0,0.0,0,0,0.0
corrected_dynrag_vs_corrected,298,0.3,2028.0,0,0,0.0,1.8907591,1.8907591,0.0,8,8,0.0,0,0,0.0,0,0,0.0
corrected_dynrag_vs_corrected,29925,0.2,2026.0,0,0,0.0,1.86869762,1.86869762,0.0,6,6,0.0,0,0,0.0,0,0,0.0
corrected_dynrag_vs_corrected,29925,0.2,2027.0,1,1,0.0,0.00365941,0.00365941,0.0,8,8,0.0,0,0,0.0,0,0,0.0
corrected_dynrag_vs_corrected,29925,0.2,2028.0,1,1,0.0,0.00066727,0.00066727,0.0,12,12,0.0,1,1,0.0,0,0,0.0
corrected_dynrag_vs_corrected,29925,0.3,2026.0,0,0,0.0,0.89583705,0.89583705,0.0,15,15,0.0,0,0,0.0,0,0,0.0
corrected_dynrag_vs_corrected,29925,0.3,2027.0,0,0,0.0,1.76914827,1.76914827,0.0,8,8,0.0,0,0,0.0,0,0,0.0
corrected_dynrag_vs_corrected,29925,0.3,2028.0,1,1,0.0,0.01280558,0.01280558,0.0,10,10,0.0,0,0,0.0,0,0,0.0
corrected_dynrag_vs_corrected,30065,0.2,2026.0,0,0,0.0,1.02480487,1.02480487,0.0,15,15,0.0,0,0,0.0,0,0,0.0
corrected_dynrag_vs_corrected,30065,0.2,2027.0,0,0,0.0,1.7779682,1.7779682,0.0,10,10,0.0,0,0,0.0,0,0,0.0
corrected_dynrag_vs_corrected,30065,0.2,2028.0,1,1,0.0,0.01505671,0.01505671,0.0,9,9,0.0,0,0,0.0,0,0,0.0
corrected_dynrag_vs_corrected,30065,0.3,2026.0,0,0,0.0,1.9036462,1.9036462,0.0,9,9,0.0,1,1,0.0,1,1,0.0
corrected_dynrag_vs_corrected,30065,0.3,2027.0,1,1,0.0,0.00366943,0.00366943,0.0,8,8,0.0,0,0,0.0,0,0,0.0
corrected_dynrag_vs_corrected,30065,0.3,2028.0,0,0,0.0,0.87343304,0.87343304,0.0,15,15,0.0,0,0,0.0,0,0,0.0
corrected_dynrag_vs_corrected,30073,0.2,2026.0,0,0,0.0,1.07028797,1.07028797,0.0,15,15,0.0,0,0,0.0,0,0,0.0
corrected_dynrag_vs_corrected,30073,0.2,2027.0,0,0,0.0,1.06389689,1.06389689,0.0,15,15,0.0,0,0,0.0,0,0,0.0
corrected_dynrag_vs_corrected,30073,0.2,2028.0,0,0,0.0,0.94886803,0.94886803,0.0,15,15,0.0,0,0,0.0,0,0,0.0
corrected_dynrag_vs_corrected,30073,0.3,2026.0,0,0,0.0,1.12113344,1.12113344,0.0,15,15,0.0,0,0,0.0,0,0,0.0
corrected_dynrag_vs_corrected,30073,0.3,2027.0,0,0,0.0,1.81824793,1.81824793,0.0,12,12,0.0,0,0,0.0,0,0,0.0
corrected_dynrag_vs_corrected,30073,0.3,2028.0,0,0,0.0,1.03709841,1.03709841,0.0,15,15,0.0,0,0,0.0,0,0,0.0
corrected_dynrag_vs_corrected,3040,0.2,2026.0,1,1,0.0,0.00742784,0.00742784,0.0,8,8,0.0,0,0,0.0,0,0,0.0
corrected_dynrag_vs_corrected,3040,0.2,2027.0,1,1,0.0,0.0022301,0.0022301,0.0,10,10,0.0,0,0,0.0,0,0,0.0
corrected_dynrag_vs_corrected,3040,0.2,2028.0,1,1,0.0,0.00945335,0.00945335,0.0,7,7,0.0,0,0,0.0,0,0,0.0
corrected_dynrag_vs_corrected,3040,0.3,2026.0,1,1,0.0,0.00607807,0.00607807,0.0,13,13,0.0,0,0,0.0,0,0,0.0
corrected_dynrag_vs_corrected,3040,0.3,2027.0,1,1,0.0,0.04040062,0.04040062,0.0,10,10,0.0,0,0,0.0,0,0,0.0
corrected_dynrag_vs_corrected,3040,0.3,2028.0,1,1,0.0,0.01186491,0.01186491,0.0,9,9,0.0,0,0,0.0,0,0,0.0
corrected_dynrag_vs_corrected,31111,0.2,2026.0,1,1,0.0,0.00103842,0.00103842,0.0,8,8,0.0,0,0,0.0,0,0,0.0
corrected_dynrag_vs_corrected,31111,0.2,2027.0,0,0,0.0,0.96025417,0.96025417,0.0,15,15,0.0,1,1,0.0,1,1,0.0
corrected_dynrag_vs_corrected,31111,0.2,2028.0,0,0,0.0,1.00026365,1.00026365,0.0,15,15,0.0,1,1,0.0,1,1,0.0
corrected_dynrag_vs_corrected,31111,0.3,2026.0,1,1,0.0,0.00843239,0.00843239,0.0,6,6,0.0,0,0,0.0,0,0,0.0
corrected_dynrag_vs_corrected,31111,0.3,2027.0,1,1,0.0,0.12814019,0.12814019,0.0,15,15,0.0,0,0,0.0,0,0,0.0
corrected_dynrag_vs_corrected,31111,0.3,2028.0,1,1,0.0,0.01027467,0.01027467,0.0,12,12,0.0,0,0,0.0,0,0,0.0
corrected_dynrag_vs_corrected,31351,0.2,2026.0,1,1,0.0,0.01224339,0.01224339,0.0,4,4,0.0,0,0,0.0,0,0,0.0
corrected_dynrag_vs_corrected,31351,0.2,2027.0,1,1,0.0,0.00517018,0.00517018,0.0,5,5,0.0,0,0,0.0,0,0,0.0
corrected_dynrag_vs_corrected,31351,0.2,2028.0,0,0,0.0,0.87579427,0.87579427,0.0,15,15,0.0,0,0,0.0,0,0,0.0
corrected_dynrag_vs_corrected,31351,0.3,2026.0,0,0,0.0,0.99906302,0.99906302,0.0,15,15,0.0,1,1,0.0,1,1,0.0
corrected_dynrag_vs_corrected,31351,0.3,2027.0,1,1,0.0,0.00053088,0.00053088,0.0,6,6,0.0,0,0,0.0,0,0,0.0
corrected_dynrag_vs_corrected,31351,0.3,2028.0,1,1,0.0,0.00010761,0.00010761,0.0,10,10,0.0,0,0,0.0,0,0,0.0
corrected_dynrag_vs_corrected,3287,0.2,2026.0,1,1,0.0,0.00160032,0.00160032,0.0,13,13,0.0,0,0,0.0,0,0,0.0
corrected_dynrag_vs_corrected,3287,0.2,2027.0,1,1,0.0,0.00014655,0.00014655,0.0,10,10,0.0,0,0,0.0,0,0,0.0
corrected_dynrag_vs_corrected,3287,0.2,2028.0,1,1,0.0,0.00418816,0.00418816,0.0,5,5,0.0,0,0,0.0,0,0,0.0
corrected_dynrag_vs_corrected,3287,0.3,2026.0,0,0,0.0,0.89783966,0.89783966,0.0,15,15,0.0,0,0,0.0,0,0,0.0
corrected_dynrag_vs_corrected,3287,0.3,2027.0,1,1,0.0,0.00010322,0.00010322,0.0,11,11,0.0,0,0,0.0,0,0,0.0
corrected_dynrag_vs_corrected,3287,0.3,2028.0,1,1,0.0,0.07952802,0.07952802,0.0,15,15,0.0,0,0,0.0,0,0,0.0
corrected_dynrag_vs_corrected,32891,0.2,2026.0,1,1,0.0,0.00108038,0.00108038,0.0,6,6,0.0,0,0,0.0,0,0,0.0
corrected_dynrag_vs_corrected,32891,0.2,2027.0,1,1,0.0,0.40786657,0.40786657,0.0,15,15,0.0,0,0,0.0,0,0,0.0
corrected_dynrag_vs_corrected,32891,0.2,2028.0,1,1,0.0,0.00759034,0.00759034,0.0,6,6,0.0,0,0,0.0,0,0,0.0
corrected_dynrag_vs_corrected,32891,0.3,2026.0,1,1,0.0,0.06892688,0.06892688,0.0,15,15,0.0,0,0,0.0,0,0,0.0
corrected_dynrag_vs_corrected,32891,0.3,2027.0,1,1,0.0,0.79401375,0.79401375,0.0,15,15,0.0,0,0,0.0,0,0,0.0
corrected_dynrag_vs_corrected,32891,0.3,2028.0,1,1,0.0,0.00108038,0.00108038,0.0,6,6,0.0,0,0,0.0,0,0,0.0
corrected_dynrag_vs_corrected,33471,0.2,2026.0,1,1,0.0,0.01046296,0.01046296,0.0,1,1,0.0,0,0,0.0,0,0,0.0
corrected_dynrag_vs_corrected,33471,0.2,2027.0,1,1,0.0,0.01046296,0.01046296,0.0,1,1,0.0,0,0,0.0,0,0,0.0
corrected_dynrag_vs_corrected,33471,0.2,2028.0,1,1,0.0,0.01046296,0.01046296,0.0,1,1,0.0,0,0,0.0,0,0,0.0
corrected_dynrag_vs_corrected,33471,0.3,2026.0,1,1,0.0,0.01046296,0.01046296,0.0,1,1,0.0,0,0,0.0,0,0,0.0
corrected_dynrag_vs_corrected,33471,0.3,2027.0,1,1,0.0,0.45159589,0.45159589,0.0,15,15,0.0,0,0,0.0,0,0,0.0
corrected_dynrag_vs_corrected,33471,0.3,2028.0,1,1,0.0,0.01209004,0.01209004,0.0,2,2,0.0,0,0,0.0,0,0,0.0
corrected_dynrag_vs_corrected,33587,0.2,2026.0,1,1,0.0,0.01966267,0.01966267,0.0,15,15,0.0,0,0,0.0,0,0,0.0
corrected_dynrag_vs_corrected,33587,0.2,2027.0,1,1,0.0,8.084e-05,8.084e-05,0.0,13,13,0.0,0,0,0.0,0,0,0.0
corrected_dynrag_vs_corrected,33587,0.2,2028.0,1,1,0.0,0.01518087,0.01518087,0.0,15,15,0.0,0,0,0.0,0,0,0.0
corrected_dynrag_vs_corrected,33587,0.3,2026.0,0,0,0.0,1.06132404,1.06132404,0.0,15,15,0.0,0,0,0.0,0,0,0.0
corrected_dynrag_vs_corrected,33587,0.3,2027.0,0,0,0.0,0.89999419,0.89999419,0.0,15,15,0.0,0,0,0.0,0,0,0.0
corrected_dynrag_vs_corrected,33587,0.3,2028.0,0,0,0.0,0.93698007,0.93698007,0.0,15,15,0.0,0,0,0.0,0,0,0.0
corrected_dynrag_vs_corrected,33863,0.2,2026.0,1,1,0.0,0.01935059,0.01935059,0.0,6,6,0.0,0,0,0.0,0,0,0.0
corrected_dynrag_vs_corrected,33863,0.2,2027.0,1,1,0.0,0.00759214,0.00759214,0.0,12,12,0.0,0,0,0.0,0,0,0.0
corrected_dynrag_vs_corrected,33863,0.2,2028.0,0,0,0.0,1.90691053,1.90691053,0.0,9,9,0.0,0,0,0.0,0,0,0.0
corrected_dynrag_vs_corrected,33863,0.3,2026.0,1,1,0.0,0.0098684,0.0098684,0.0,12,12,0.0,0,0,0.0,0,0,0.0
corrected_dynrag_vs_corrected,33863,0.3,2027.0,1,1,0.0,0.00044319,0.00044319,0.0,10,10,0.0,0,0,0.0,0,0,0.0
corrected_dynrag_vs_corrected,33863,0.3,2028.0,1,1,0.0,0.04383081,0.04383081,0.0,15,15,0.0,0,0,0.0,0,0,0.0
corrected_dynrag_vs_corrected,34898,0.2,2026.0,0,0,0.0,0.86281295,0.86281295,0.0,15,15,0.0,0,0,0.0,0,0,0.0
corrected_dynrag_vs_corrected,34898,0.2,2027.0,1,1,0.0,0.00453411,0.00453411,0.0,4,4,0.0,0,0,0.0,0,0,0.0
corrected_dynrag_vs_corrected,34898,0.2,2028.0,0,0,0.0,0.83444111,0.83444111,0.0,15,15,0.0,0,0,0.0,0,0,0.0
corrected_dynrag_vs_corrected,34898,0.3,2026.0,1,1,0.0,0.00453411,0.00453411,0.0,4,4,0.0,0,0,0.0,0,0,0.0
corrected_dynrag_vs_corrected,34898,0.3,2027.0,1,1,0.0,0.00053968,0.00053968,0.0,12,12,0.0,0,0,0.0,0,0,0.0
corrected_dynrag_vs_corrected,34898,0.3,2028.0,1,1,0.0,0.58111455,0.58111455,0.0,15,15,0.0,1,1,0.0,1,1,0.0
corrected_dynrag_vs_corrected,34997,0.2,2026.0,0,0,0.0,1.00184213,1.00184213,0.0,15,15,0.0,0,0,0.0,0,0,0.0
corrected_dynrag_vs_corrected,34997,0.2,2027.0,1,1,0.0,0.00927927,0.00927927,0.0,15,15,0.0,0,0,0.0,0,0,0.0
corrected_dynrag_vs_corrected,34997,0.2,2028.0,0,0,0.0,1.01765665,1.01765665,0.0,15,15,0.0,0,0,0.0,0,0,0.0
corrected_dynrag_vs_corrected,34997,0.3,2026.0,0,0,0.0,0.88947459,0.88947459,0.0,15,15,0.0,0,0,0.0,0,0,0.0
corrected_dynrag_vs_corrected,34997,0.3,2027.0,0,0,0.0,1.01278661,1.01278661,0.0,15,15,0.0,0,0,0.0,0,0,0.0
corrected_dynrag_vs_corrected,34997,0.3,2028.0,0,0,0.0,1.90776017,1.90776017,0.0,15,15,0.0,0,0,0.0,0,0,0.0
corrected_dynrag_vs_corrected,35866,0.2,2026.0,1,1,0.0,0.00014165,0.00014165,0.0,15,15,0.0,0,0,0.0,0,0,0.0
corrected_dynrag_vs_corrected,35866,0.2,2027.0,1,1,0.0,0.0004248,0.0004248,0.0,8,8,0.0,0,0,0.0,0,0,0.0
corrected_dynrag_vs_corrected,35866,0.2,2028.0,0,0,0.0,0.98369011,0.98369011,0.0,15,15,0.0,0,0,0.0,0,0,0.0
corrected_dynrag_vs_corrected,35866,0.3,2026.0,1,1,0.0,0.00015535,0.00015535,0.0,7,7,0.0,0,0,0.0,0,0,0.0
corrected_dynrag_vs_corrected,35866,0.3,2027.0,1,1,0.0,0.00015622,0.00015622,0.0,7,7,0.0,0,0,0.0,0,0,0.0
corrected_dynrag_vs_corrected,35866,0.3,2028.0,0,0,0.0,0.99607274,0.99607274,0.0,15,15,0.0,0,0,0.0,0,0,0.0
corrected_dynrag_vs_corrected,36874,0.2,2026.0,0,0,0.0,1.68741561,1.68741561,0.0,6,6,0.0,0,0,0.0,0,0,0.0
corrected_dynrag_vs_corrected,36874,0.2,2027.0,1,1,0.0,0.0034444,0.0034444,0.0,8,8,0.0,1,1,0.0,0,0,0.0
corrected_dynrag_vs_corrected,36874,0.2,2028.0,1,1,0.0,0.0363059,0.0363059,0.0,4,4,0.0,0,0,0.0,0,0,0.0
corrected_dynrag_vs_corrected,36874,0.3,2026.0,1,1,0.0,0.00401418,0.00401418,0.0,5,5,0.0,0,0,0.0,0,0,0.0
corrected_dynrag_vs_corrected,36874,0.3,2027.0,1,1,0.0,0.00448816,0.00448816,0.0,7,7,0.0,0,0,0.0,0,0,0.0
corrected_dynrag_vs_corrected,36874,0.3,2028.0,1,1,0.0,0.01028701,0.01028701,0.0,3,3,0.0,0,0,0.0,0,0,0.0
corrected_dynrag_vs_corrected,37203,0.2,2026.0,1,1,0.0,0.01054056,0.01054056,0.0,15,15,0.0,0,0,0.0,0,0,0.0
corrected_dynrag_vs_corrected,37203,0.2,2027.0,1,1,0.0,0.00235627,0.00235627,0.0,7,7,0.0,0,0,0.0,0,0,0.0
corrected_dynrag_vs_corrected,37203,0.2,2028.0,1,1,0.0,0.00235627,0.00235627,0.0,7,7,0.0,0,0,0.0,0,0,0.0
corrected_dynrag_vs_corrected,37203,0.3,2026.0,0,0,0.0,1.76435438,1.76435438,0.0,13,13,0.0,0,0,0.0,0,0,0.0
corrected_dynrag_vs_corrected,37203,0.3,2027.0,0,0,0.0,1.75560103,1.75560103,0.0,14,14,0.0,1,1,0.0,0,0,0.0
corrected_dynrag_vs_corrected,37203,0.3,2028.0,1,1,0.0,0.0023634,0.0023634,0.0,8,8,0.0,0,0,0.0,0,0,0.0
corrected_dynrag_vs_corrected,37266,0.2,2026.0,1,1,0.0,0.00711975,0.00711975,0.0,6,6,0.0,0,0,0.0,0,0,0.0
corrected_dynrag_vs_corrected,37266,0.2,2027.0,1,1,0.0,0.00173285,0.00173285,0.0,3,3,0.0,0,0,0.0,0,0,0.0
corrected_dynrag_vs_corrected,37266,0.2,2028.0,1,1,0.0,0.00173285,0.00173285,0.0,3,3,0.0,0,0,0.0,0,0,0.0
corrected_dynrag_vs_corrected,37266,0.3,2026.0,1,1,0.0,0.0408993,0.0408993,0.0,15,15,0.0,0,0,0.0,0,0,0.0
corrected_dynrag_vs_corrected,37266,0.3,2027.0,1,1,0.0,0.00173285,0.00173285,0.0,3,3,0.0,0,0,0.0,0,0,0.0
corrected_dynrag_vs_corrected,37266,0.3,2028.0,1,1,0.0,0.00212322,0.00212322,0.0,3,3,0.0,0,0,0.0,0,0,0.0
corrected_dynrag_vs_corrected,37629,0.2,2026.0,1,1,0.0,0.01576265,0.01576265,0.0,9,9,0.0,0,0,0.0,0,0,0.0
corrected_dynrag_vs_corrected,37629,0.2,2027.0,0,0,0.0,1.48796949,1.48796949,0.0,15,15,0.0,0,0,0.0,0,0,0.0
corrected_dynrag_vs_corrected,37629,0.2,2028.0,1,1,0.0,0.01576265,0.01576265,0.0,9,9,0.0,0,0,0.0,0,0,0.0
corrected_dynrag_vs_corrected,37629,0.3,2026.0,0,0,0.0,0.82339297,0.82339297,0.0,15,15,0.0,0,0,0.0,0,0,0.0
corrected_dynrag_vs_corrected,37629,0.3,2027.0,0,0,0.0,1.77340792,1.77340792,0.0,10,10,0.0,0,0,0.0,0,0,0.0
corrected_dynrag_vs_corrected,37629,0.3,2028.0,1,1,0.0,0.01394351,0.01394351,0.0,7,7,0.0,0,0,0.0,0,0,0.0
corrected_dynrag_vs_corrected,37733,0.2,2026.0,0,0,0.0,1.02391171,1.02391171,0.0,15,15,0.0,0,0,0.0,0,0,0.0
corrected_dynrag_vs_corrected,37733,0.2,2027.0,0,0,0.0,1.12159834,1.12159834,0.0,15,15,0.0,1,1,0.0,1,1,0.0
corrected_dynrag_vs_corrected,37733,0.2,2028.0,0,0,0.0,1.02281994,1.02281994,0.0,15,15,0.0,0,0,0.0,0,0,0.0
corrected_dynrag_vs_corrected,37733,0.3,2026.0,0,0,0.0,0.99595337,0.99595337,0.0,15,15,0.0,0,0,0.0,0,0,0.0
corrected_dynrag_vs_corrected,37733,0.3,2027.0,0,0,0.0,1.79956322,1.79956322,0.0,14,14,0.0,1,1,0.0,1,1,0.0
corrected_dynrag_vs_corrected,37733,0.3,2028.0,0,0,0.0,1.05891274,1.05891274,0.0,15,15,0.0,0,0,0.0,0,0,0.0
corrected_dynrag_vs_corrected,37924,0.2,2026.0,1,1,0.0,0.10187299,0.10187299,0.0,15,15,0.0,0,0,0.0,0,0,0.0
corrected_dynrag_vs_corrected,37924,0.2,2027.0,0,0,0.0,1.04412327,1.04412327,0.0,15,15,0.0,0,0,0.0,0,0,0.0
corrected_dynrag_vs_corrected,37924,0.2,2028.0,0,0,0.0,1.08010376,1.08010376,0.0,15,15,0.0,0,0,0.0,0,0,0.0
corrected_dynrag_vs_corrected,37924,0.3,2026.0,0,0,0.0,0.91289027,0.91289027,0.0,15,15,0.0,0,0,0.0,0,0,0.0
corrected_dynrag_vs_corrected,37924,0.3,2027.0,0,0,0.0,0.98667479,0.98667479,0.0,15,15,0.0,0,0,0.0,0,0,0.0
corrected_dynrag_vs_corrected,37924,0.3,2028.0,0,0,0.0,1.85320384,1.85320384,0.0,14,14,0.0,0,0,0.0,0,0,0.0
corrected_dynrag_vs_corrected,38083,0.2,2026.0,1,1,0.0,0.00028467,0.00028467,0.0,4,4,0.0,0,0,0.0,0,0,0.0
corrected_dynrag_vs_corrected,38083,0.2,2027.0,1,1,0.0,0.00028467,0.00028467,0.0,4,4,0.0,0,0,0.0,0,0,0.0
corrected_dynrag_vs_corrected,38083,0.2,2028.0,1,1,0.0,0.00028467,0.00028467,0.0,4,4,0.0,0,0,0.0,0,0,0.0
corrected_dynrag_vs_corrected,38083,0.3,2026.0,1,1,0.0,0.00028467,0.00028467,0.0,4,4,0.0,0,0,0.0,0,0,0.0
corrected_dynrag_vs_corrected,38083,0.3,2027.0,1,1,0.0,0.00354444,0.00354444,0.0,5,5,0.0,0,0,0.0,0,0,0.0
corrected_dynrag_vs_corrected,38083,0.3,2028.0,1,1,0.0,0.0002769,0.0002769,0.0,9,9,0.0,0,0,0.0,0,0,0.0
corrected_dynrag_vs_corrected,39136,0.2,2026.0,1,1,0.0,0.01135076,0.01135076,0.0,15,15,0.0,0,0,0.0,0,0,0.0
corrected_dynrag_vs_corrected,39136,0.2,2027.0,1,1,0.0,0.00581355,0.00581355,0.0,11,11,0.0,0,0,0.0,0,0,0.0
corrected_dynrag_vs_corrected,39136,0.2,2028.0,1,1,0.0,0.32333378,0.32333378,0.0,15,15,0.0,0,0,0.0,0,0,0.0
corrected_dynrag_vs_corrected,39136,0.3,2026.0,0,0,0.0,1.26732347,1.26732347,0.0,15,15,0.0,0,0,0.0,0,0,0.0
corrected_dynrag_vs_corrected,39136,0.3,2027.0,0,0,0.0,1.83128606,1.83128606,0.0,7,7,0.0,0,0,0.0,0,0,0.0
corrected_dynrag_vs_corrected,39136,0.3,2028.0,1,1,0.0,0.00148796,0.00148796,0.0,15,15,0.0,0,0,0.0,0,0,0.0
corrected_dynrag_vs_corrected,39846,0.2,2026.0,0,0,0.0,1.77440941,1.77440941,0.0,2,2,0.0,0,0,0.0,0,0,0.0
corrected_dynrag_vs_corrected,39846,0.2,2027.0,0,0,0.0,1.81626631,1.81626631,0.0,3,3,0.0,0,0,0.0,0,0,0.0
corrected_dynrag_vs_corrected,39846,0.2,2028.0,0,0,0.0,1.77440941,1.77440941,0.0,2,2,0.0,0,0,0.0,0,0,0.0
corrected_dynrag_vs_corrected,39846,0.3,2026.0,0,0,0.0,1.77440941,1.77440941,0.0,2,2,0.0,0,0,0.0,0,0,0.0
corrected_dynrag_vs_corrected,39846,0.3,2027.0,0,0,0.0,1.77440941,1.77440941,0.0,2,2,0.0,0,0,0.0,0,0,0.0
corrected_dynrag_vs_corrected,39846,0.3,2028.0,1,1,0.0,0.00055313,0.00055313,0.0,11,11,0.0,0,0,0.0,0,0,0.0
corrected_dynrag_vs_corrected,40335,0.2,2026.0,1,1,0.0,0.00048533,0.00048533,0.0,5,5,0.0,0,0,0.0,0,0,0.0
corrected_dynrag_vs_corrected,40335,0.2,2027.0,0,0,0.0,0.84078953,0.84078953,0.0,15,15,0.0,0,0,0.0,0,0,0.0
corrected_dynrag_vs_corrected,40335,0.2,2028.0,1,1,0.0,0.00020088,0.00020088,0.0,9,9,0.0,1,1,0.0,0,0,0.0
corrected_dynrag_vs_corrected,40335,0.3,2026.0,1,1,0.0,0.00048533,0.00048533,0.0,5,5,0.0,0,0,0.0,0,0,0.0
corrected_dynrag_vs_corrected,40335,0.3,2027.0,1,1,0.0,0.00076636,0.00076636,0.0,7,7,0.0,1,1,0.0,0,0,0.0
corrected_dynrag_vs_corrected,40335,0.3,2028.0,1,1,0.0,0.00048533,0.00048533,0.0,5,5,0.0,0,0,0.0,0,0,0.0
corrected_dynrag_vs_corrected,4070,0.2,2026.0,1,1,0.0,0.00283516,0.00283516,0.0,3,3,0.0,0,0,0.0,0,0,0.0
corrected_dynrag_vs_corrected,4070,0.2,2027.0,1,1,0.0,0.00283516,0.00283516,0.0,3,3,0.0,0,0,0.0,0,0,0.0
corrected_dynrag_vs_corrected,4070,0.2,2028.0,1,1,0.0,0.00283516,0.00283516,0.0,3,3,0.0,0,0,0.0,0,0,0.0
corrected_dynrag_vs_corrected,4070,0.3,2026.0,0,0,0.0,1.93978405,1.93978405,0.0,4,4,0.0,0,0,0.0,0,0,0.0
corrected_dynrag_vs_corrected,4070,0.3,2027.0,1,1,0.0,0.00300953,0.00300953,0.0,12,12,0.0,1,1,0.0,0,0,0.0
corrected_dynrag_vs_corrected,4070,0.3,2028.0,0,0,0.0,1.82535341,1.82535341,0.0,4,4,0.0,0,0,0.0,0,0,0.0
corrected_dynrag_vs_corrected,40802,0.2,2026.0,1,1,0.0,0.01144587,0.01144587,0.0,15,15,0.0,1,1,0.0,0,0,0.0
corrected_dynrag_vs_corrected,40802,0.2,2027.0,1,1,0.0,0.07691504,0.07691504,0.0,15,15,0.0,0,0,0.0,0,0,0.0
corrected_dynrag_vs_corrected,40802,0.2,2028.0,0,0,0.0,0.86788166,0.86788166,0.0,15,15,0.0,0,0,0.0,0,0,0.0
corrected_dynrag_vs_corrected,40802,0.3,2026.0,0,0,0.0,1.46186622,1.46186622,0.0,10,10,0.0,0,0,0.0,0,0,0.0
corrected_dynrag_vs_corrected,40802,0.3,2027.0,0,0,0.0,1.80061161,1.80061161,0.0,15,15,0.0,0,0,0.0,0,0,0.0
corrected_dynrag_vs_corrected,40802,0.3,2028.0,0,0,0.0,1.51334929,1.51334929,0.0,9,9,0.0,0,0,0.0,0,0,0.0
corrected_dynrag_vs_corrected,41077,0.2,2026.0,0,0,0.0,0.92095473,0.92095473,0.0,15,15,0.0,0,0,0.0,0,0,0.0
corrected_dynrag_vs_corrected,41077,0.2,2027.0,1,1,0.0,0.00102466,0.00102466,0.0,11,11,0.0,0,0,0.0,0,0,0.0
corrected_dynrag_vs_corrected,41077,0.2,2028.0,1,1,0.0,0.00178306,0.00178306,0.0,9,9,0.0,0,0,0.0,0,0,0.0
corrected_dynrag_vs_corrected,41077,0.3,2026.0,1,1,0.0,0.00097006,0.00097006,0.0,8,8,0.0,0,0,0.0,0,0,0.0
corrected_dynrag_vs_corrected,41077,0.3,2027.0,1,1,0.0,0.03863492,0.03863492,0.0,15,15,0.0,0,0,0.0,0,0,0.0
corrected_dynrag_vs_corrected,41077,0.3,2028.0,1,1,0.0,0.00876934,0.00876934,0.0,8,8,0.0,0,0,0.0,0,0,0.0
corrected_dynrag_vs_corrected,41220,0.2,2026.0,0,0,0.0,0.9537332,0.9537332,0.0,15,15,0.0,0,0,0.0,0,0,0.0
corrected_dynrag_vs_corrected,41220,0.2,2027.0,0,0,0.0,0.84288161,0.84288161,0.0,15,15,0.0,0,0,0.0,0,0,0.0
corrected_dynrag_vs_corrected,41220,0.2,2028.0,0,0,0.0,0.85708043,0.85708043,0.0,15,15,0.0,0,0,0.0,0,0,0.0
corrected_dynrag_vs_corrected,41220,0.3,2026.0,1,1,0.0,0.61618737,0.61618737,0.0,15,15,0.0,0,0,0.0,0,0,0.0
corrected_dynrag_vs_corrected,41220,0.3,2027.0,0,0,0.0,1.27691893,1.27691893,0.0,15,15,0.0,0,0,0.0,0,0,0.0
corrected_dynrag_vs_corrected,41220,0.3,2028.0,1,1,0.0,0.0563878,0.0563878,0.0,15,15,0.0,0,0,0.0,0,0,0.0
corrected_dynrag_vs_corrected,41820,0.2,2026.0,1,1,0.0,0.00055722,0.00055722,0.0,7,7,0.0,0,0,0.0,0,0,0.0
corrected_dynrag_vs_corrected,41820,0.2,2027.0,1,1,0.0,0.08541441,0.08541441,0.0,15,15,0.0,0,0,0.0,0,0,0.0
corrected_dynrag_vs_corrected,41820,0.2,2028.0,1,1,0.0,0.06378286,0.06378286,0.0,7,7,0.0,0,0,0.0,0,0,0.0
corrected_dynrag_vs_corrected,41820,0.3,2026.0,1,1,0.0,0.00136622,0.00136622,0.0,7,7,0.0,0,0,0.0,0,0,0.0
corrected_dynrag_vs_corrected,41820,0.3,2027.0,0,0,0.0,0.9528231,0.9528231,0.0,15,15,0.0,0,0,0.0,0,0,0.0
corrected_dynrag_vs_corrected,41820,0.3,2028.0,1,1,0.0,0.00055722,0.00055722,0.0,7,7,0.0,0,0,0.0,0,0,0.0
corrected_dynrag_vs_corrected,41998,0.2,2026.0,1,1,0.0,0.02023171,0.02023171,0.0,2,2,0.0,0,0,0.0,0,0,0.0
corrected_dynrag_vs_corrected,41998,0.2,2027.0,1,1,0.0,0.02023171,0.02023171,0.0,2,2,0.0,0,0,0.0,0,0,0.0
corrected_dynrag_vs_corrected,41998,0.2,2028.0,1,1,0.0,0.02023171,0.02023171,0.0,2,2,0.0,0,0,0.0,0,0,0.0
corrected_dynrag_vs_corrected,41998,0.3,2026.0,0,0,0.0,1.12349995,1.12349995,0.0,15,15,0.0,1,1,0.0,1,1,0.0
corrected_dynrag_vs_corrected,41998,0.3,2027.0,1,1,0.0,0.01527662,0.01527662,0.0,5,5,0.0,1,1,0.0,0,0,0.0
corrected_dynrag_vs_corrected,41998,0.3,2028.0,1,1,0.0,0.02023171,0.02023171,0.0,2,2,0.0,0,0,0.0,0,0,0.0
corrected_dynrag_vs_corrected,4251,0.2,2026.0,1,1,0.0,0.00120141,0.00120141,0.0,4,4,0.0,0,0,0.0,0,0,0.0
corrected_dynrag_vs_corrected,4251,0.2,2027.0,0,0,0.0,1.77599196,1.77599196,0.0,1,1,0.0,0,0,0.0,0,0,0.0
corrected_dynrag_vs_corrected,4251,0.2,2028.0,1,1,0.0,0.00120141,0.00120141,0.0,4,4,0.0,0,0,0.0,0,0,0.0
corrected_dynrag_vs_corrected,4251,0.3,2026.0,1,1,0.0,0.00120141,0.00120141,0.0,4,4,0.0,0,0,0.0,0,0,0.0
corrected_dynrag_vs_corrected,4251,0.3,2027.0,1,1,0.0,0.00120141,0.00120141,0.0,4,4,0.0,0,0,0.0,0,0,0.0
corrected_dynrag_vs_corrected,4251,0.3,2028.0,0,0,0.0,1.12232458,1.12232458,0.0,15,15,0.0,0,0,0.0,0,0,0.0
corrected_dynrag_vs_corrected,43637,0.2,2026.0,1,1,0.0,0.1243935,0.1243935,0.0,15,15,0.0,0,0,0.0,0,0,0.0
corrected_dynrag_vs_corrected,43637,0.2,2027.0,0,0,0.0,0.98580379,0.98580379,0.0,15,15,0.0,0,0,0.0,0,0,0.0
corrected_dynrag_vs_corrected,43637,0.2,2028.0,1,1,0.0,0.05788251,0.05788251,0.0,15,15,0.0,0,0,0.0,0,0,0.0
corrected_dynrag_vs_corrected,43637,0.3,2026.0,0,0,0.0,1.41576014,1.41576014,0.0,15,15,0.0,1,1,0.0,0,0,0.0
corrected_dynrag_vs_corrected,43637,0.3,2027.0,0,0,0.0,1.10456129,1.10456129,0.0,15,15,0.0,0,0,0.0,0,0,0.0
corrected_dynrag_vs_corrected,43637,0.3,2028.0,1,1,0.0,0.25001391,0.25001391,0.0,15,15,0.0,1,1,0.0,1,1,0.0
corrected_dynrag_vs_corrected,44332,0.2,2026.0,0,0,0.0,1.74914338,1.74914338,0.0,15,15,0.0,0,0,0.0,0,0,0.0
corrected_dynrag_vs_corrected,44332,0.2,2027.0,1,1,0.0,0.0021852,0.0021852,0.0,2,2,0.0,0,0,0.0,0,0,0.0
corrected_dynrag_vs_corrected,44332,0.2,2028.0,1,1,0.0,0.0021852,0.0021852,0.0,2,2,0.0,0,0,0.0,0,0,0.0
corrected_dynrag_vs_corrected,44332,0.3,2026.0,1,1,0.0,0.0021852,0.0021852,0.0,2,2,0.0,0,0,0.0,0,0,0.0
corrected_dynrag_vs_corrected,44332,0.3,2027.0,1,1,0.0,0.0021852,0.0021852,0.0,2,2,0.0,0,0,0.0,0,0,0.0
corrected_dynrag_vs_corrected,44332,0.3,2028.0,0,0,0.0,1.89369937,1.89369937,0.0,11,11,0.0,0,0,0.0,0,0,0.0
corrected_dynrag_vs_corrected,44571,0.2,2026.0,1,1,0.0,0.01227201,0.01227201,0.0,7,7,0.0,0,0,0.0,0,0,0.0
corrected_dynrag_vs_corrected,44571,0.2,2027.0,1,1,0.0,0.00314648,0.00314648,0.0,5,5,0.0,0,0,0.0,0,0,0.0
corrected_dynrag_vs_corrected,44571,0.2,2028.0,1,1,0.0,0.00216792,0.00216792,0.0,8,8,0.0,0,0,0.0,0,0,0.0
corrected_dynrag_vs_corrected,44571,0.3,2026.0,1,1,0.0,0.00022352,0.00022352,0.0,6,6,0.0,0,0,0.0,0,0,0.0
corrected_dynrag_vs_corrected,44571,0.3,2027.0,0,0,0.0,0.98953681,0.98953681,0.0,15,15,0.0,0,0,0.0,0,0,0.0
corrected_dynrag_vs_corrected,44571,0.3,2028.0,1,1,0.0,0.00314648,0.00314648,0.0,5,5,0.0,0,0,0.0,0,0,0.0
corrected_dynrag_vs_corrected,46098,0.2,2026.0,0,0,0.0,0.80650086,0.80650086,0.0,15,15,0.0,0,0,0.0,0,0,0.0
corrected_dynrag_vs_corrected,46098,0.2,2027.0,1,1,0.0,0.01227201,0.01227201,0.0,7,7,0.0,0,0,0.0,0,0,0.0
corrected_dynrag_vs_corrected,46098,0.2,2028.0,1,1,0.0,3.374e-05,3.374e-05,0.0,11,11,0.0,1,1,0.0,0,0,0.0
corrected_dynrag_vs_corrected,46098,0.3,2026.0,1,1,0.0,0.67374641,0.67374641,0.0,15,15,0.0,0,0,0.0,0,0,0.0
corrected_dynrag_vs_corrected,46098,0.3,2027.0,1,1,0.0,0.00070431,0.00070431,0.0,7,7,0.0,0,0,0.0,0,0,0.0
corrected_dynrag_vs_corrected,46098,0.3,2028.0,1,1,0.0,0.00228975,0.00228975,0.0,15,15,0.0,1,1,0.0,0,0,0.0
corrected_dynrag_vs_corrected,46753,0.2,2026.0,1,1,0.0,0.00025544,0.00025544,0.0,8,8,0.0,0,0,0.0,0,0,0.0
corrected_dynrag_vs_corrected,46753,0.2,2027.0,1,1,0.0,0.00351323,0.00351323,0.0,8,8,0.0,0,0,0.0,0,0,0.0
corrected_dynrag_vs_corrected,46753,0.2,2028.0,1,1,0.0,0.00023353,0.00023353,0.0,8,8,0.0,0,0,0.0,0,0,0.0
corrected_dynrag_vs_corrected,46753,0.3,2026.0,1,1,0.0,0.00589609,0.00589609,0.0,15,15,0.0,0,0,0.0,0,0,0.0
corrected_dynrag_vs_corrected,46753,0.3,2027.0,1,1,0.0,0.00091026,0.00091026,0.0,15,15,0.0,0,0,0.0,0,0,0.0
corrected_dynrag_vs_corrected,46753,0.3,2028.0,1,1,0.0,0.00219877,0.00219877,0.0,11,11,0.0,0,0,0.0,0,0,0.0
corrected_dynrag_vs_corrected,48102,0.2,2026.0,0,0,0.0,0.96248012,0.96248012,0.0,15,15,0.0,0,0,0.0,0,0,0.0
corrected_dynrag_vs_corrected,48102,0.2,2027.0,0,0,0.0,1.01318234,1.01318234,0.0,15,15,0.0,0,0,0.0,0,0,0.0
corrected_dynrag_vs_corrected,48102,0.2,2028.0,0,0,0.0,1.03943497,1.03943497,0.0,15,15,0.0,0,0,0.0,0,0,0.0
corrected_dynrag_vs_corrected,48102,0.3,2026.0,0,0,0.0,1.75713932,1.75713932,0.0,2,2,0.0,0,0,0.0,0,0,0.0
corrected_dynrag_vs_corrected,48102,0.3,2027.0,1,1,0.0,0.00020873,0.00020873,0.0,14,14,0.0,0,0,0.0,0,0,0.0
corrected_dynrag_vs_corrected,48102,0.3,2028.0,1,1,0.0,0.00137216,0.00137216,0.0,6,6,0.0,0,0,0.0,0,0,0.0
corrected_dynrag_vs_corrected,4830,0.2,2026.0,1,1,0.0,0.00181698,0.00181698,0.0,2,2,0.0,0,0,0.0,0,0,0.0
corrected_dynrag_vs_corrected,4830,0.2,2027.0,1,1,0.0,0.00181698,0.00181698,0.0,2,2,0.0,0,0,0.0,0,0,0.0
corrected_dynrag_vs_corrected,4830,0.2,2028.0,1,1,0.0,0.00181698,0.00181698,0.0,2,2,0.0,0,0,0.0,0,0,0.0
corrected_dynrag_vs_corrected,4830,0.3,2026.0,1,1,0.0,0.00259421,0.00259421,0.0,13,13,0.0,1,1,0.0,0,0,0.0
corrected_dynrag_vs_corrected,4830,0.3,2027.0,1,1,0.0,0.00646433,0.00646433,0.0,9,9,0.0,0,0,0.0,0,0,0.0
corrected_dynrag_vs_corrected,4830,0.3,2028.0,1,1,0.0,0.00181698,0.00181698,0.0,2,2,0.0,0,0,0.0,0,0,0.0
corrected_dynrag_vs_corrected,49420,0.2,2026.0,1,1,0.0,0.00205509,0.00205509,0.0,11,11,0.0,0,0,0.0,0,0,0.0
corrected_dynrag_vs_corrected,49420,0.2,2027.0,1,1,0.0,0.00187708,0.00187708,0.0,11,11,0.0,0,0,0.0,0,0,0.0
corrected_dynrag_vs_corrected,49420,0.2,2028.0,1,1,0.0,0.00433366,0.00433366,0.0,12,12,0.0,0,0,0.0,0,0,0.0
corrected_dynrag_vs_corrected,49420,0.3,2026.0,0,0,0.0,1.98410286,1.98410286,0.0,11,11,0.0,1,1,0.0,1,1,0.0
corrected_dynrag_vs_corrected,49420,0.3,2027.0,0,0,0.0,1.06966502,1.06966502,0.0,15,15,0.0,1,1,0.0,1,1,0.0
corrected_dynrag_vs_corrected,49420,0.3,2028.0,1,1,0.0,0.0023579,0.0023579,0.0,13,13,0.0,0,0,0.0,0,0,0.0
corrected_dynrag_vs_corrected,49933,0.2,2026.0,1,1,0.0,0.75225377,0.75225377,0.0,15,15,0.0,0,0,0.0,0,0,0.0
corrected_dynrag_vs_corrected,49933,0.2,2027.0,1,1,0.0,0.25915331,0.25915331,0.0,15,15,0.0,0,0,0.0,0,0,0.0
corrected_dynrag_vs_corrected,49933,0.2,2028.0,1,1,0.0,0.79004103,0.79004103,0.0,15,15,0.0,0,0,0.0,0,0,0.0
corrected_dynrag_vs_corrected,49933,0.3,2026.0,1,1,0.0,0.00092953,0.00092953,0.0,11,11,0.0,0,0,0.0,0,0,0.0
corrected_dynrag_vs_corrected,49933,0.3,2027.0,1,1,0.0,0.087849,0.087849,0.0,15,15,0.0,1,1,0.0,1,1,0.0
corrected_dynrag_vs_corrected,49933,0.3,2028.0,0,0,0.0,1.8842476,1.8842476,0.0,6,6,0.0,1,1,0.0,1,1,0.0
corrected_dynrag_vs_corrected,4996,0.2,2026.0,0,0,0.0,0.89490096,0.89490096,0.0,15,15,0.0,0,0,0.0,0,0,0.0
corrected_dynrag_vs_corrected,4996,0.2,2027.0,1,1,0.0,0.14951061,0.14951061,0.0,15,15,0.0,0,0,0.0,0,0,0.0
corrected_dynrag_vs_corrected,4996,0.2,2028.0,1,1,0.0,0.10529703,0.10529703,0.0,15,15,0.0,0,0,0.0,0,0,0.0
corrected_dynrag_vs_corrected,4996,0.3,2026.0,1,1,0.0,0.157507,0.157507,0.0,15,15,0.0,0,0,0.0,0,0,0.0
corrected_dynrag_vs_corrected,4996,0.3,2027.0,1,1,0.0,0.35864429,0.35864429,0.0,15,15,0.0,0,0,0.0,0,0,0.0
corrected_dynrag_vs_corrected,4996,0.3,2028.0,0,0,0.0,0.6361094,0.6361094,0.0,15,15,0.0,0,0,0.0,0,0,0.0
corrected_dynrag_vs_corrected,50606,0.2,2026.0,1,1,0.0,0.00104565,0.00104565,0.0,8,8,0.0,0,0,0.0,0,0,0.0
corrected_dynrag_vs_corrected,50606,0.2,2027.0,1,1,0.0,0.00120957,0.00120957,0.0,2,2,0.0,0,0,0.0,0,0,0.0
corrected_dynrag_vs_corrected,50606,0.2,2028.0,1,1,0.0,0.00120957,0.00120957,0.0,2,2,0.0,0,0,0.0,0,0,0.0
corrected_dynrag_vs_corrected,50606,0.3,2026.0,1,1,0.0,0.00587957,0.00587957,0.0,2,2,0.0,0,0,0.0,0,0,0.0
corrected_dynrag_vs_corrected,50606,0.3,2027.0,1,1,0.0,0.0002976,0.0002976,0.0,4,4,0.0,1,1,0.0,0,0,0.0
corrected_dynrag_vs_corrected,50606,0.3,2028.0,1,1,0.0,0.01319205,0.01319205,0.0,4,4,0.0,0,0,0.0,0,0,0.0
corrected_dynrag_vs_corrected,51161,0.2,2026.0,1,1,0.0,0.03312231,0.03312231,0.0,6,6,0.0,0,0,0.0,0,0,0.0
corrected_dynrag_vs_corrected,51161,0.2,2027.0,1,1,0.0,0.03716024,0.03716024,0.0,8,8,0.0,1,1,0.0,0,0,0.0
corrected_dynrag_vs_corrected,51161,0.2,2028.0,1,1,0.0,0.01774707,0.01774707,0.0,7,7,0.0,0,0,0.0,0,0,0.0
corrected_dynrag_vs_corrected,51161,0.3,2026.0,1,1,0.0,0.03312231,0.03312231,0.0,6,6,0.0,0,0,0.0,0,0,0.0
corrected_dynrag_vs_corrected,51161,0.3,2027.0,1,1,0.0,0.01251718,0.01251718,0.0,8,8,0.0,0,0,0.0,0,0,0.0
corrected_dynrag_vs_corrected,51161,0.3,2028.0,1,1,0.0,0.0232307,0.0232307,0.0,11,11,0.0,0,0,0.0,0,0,0.0
corrected_dynrag_vs_corrected,51278,0.2,2026.0,1,1,0.0,0.00465718,0.00465718,0.0,9,9,0.0,0,0,0.0,0,0,0.0
corrected_dynrag_vs_corrected,51278,0.2,2027.0,1,1,0.0,0.00383864,0.00383864,0.0,7,7,0.0,0,0,0.0,0,0,0.0
corrected_dynrag_vs_corrected,51278,0.2,2028.0,1,1,0.0,0.00383864,0.00383864,0.0,7,7,0.0,0,0,0.0,0,0,0.0
corrected_dynrag_vs_corrected,51278,0.3,2026.0,1,1,0.0,0.0028896,0.0028896,0.0,15,15,0.0,1,1,0.0,1,1,0.0
corrected_dynrag_vs_corrected,51278,0.3,2027.0,1,1,0.0,0.09554644,0.09554644,0.0,15,15,0.0,1,1,0.0,1,1,0.0
corrected_dynrag_vs_corrected,51278,0.3,2028.0,1,1,0.0,0.00383864,0.00383864,0.0,7,7,0.0,0,0,0.0,0,0,0.0
corrected_dynrag_vs_corrected,51400,0.2,2026.0,0,0,0.0,1.89593176,1.89593176,0.0,5,5,0.0,0,0,0.0,0,0,0.0
corrected_dynrag_vs_corrected,51400,0.2,2027.0,1,1,0.0,0.01136244,0.01136244,0.0,6,6,0.0,0,0,0.0,0,0,0.0
corrected_dynrag_vs_corrected,51400,0.2,2028.0,1,1,0.0,0.01396508,0.01396508,0.0,5,5,0.0,0,0,0.0,0,0,0.0
corrected_dynrag_vs_corrected,51400,0.3,2026.0,1,1,0.0,0.00454553,0.00454553,0.0,15,15,0.0,0,0,0.0,0,0,0.0
corrected_dynrag_vs_corrected,51400,0.3,2027.0,0,0,0.0,1.97378988,1.97378988,0.0,12,12,0.0,0,0,0.0,0,0,0.0
corrected_dynrag_vs_corrected,51400,0.3,2028.0,1,1,0.0,0.00591583,0.00591583,0.0,9,9,0.0,1,1,0.0,0,0,0.0
corrected_dynrag_vs_corrected,51712,0.2,2026.0,1,1,0.0,0.04106461,0.04106461,0.0,5,5,0.0,0,0,0.0,0,0,0.0
corrected_dynrag_vs_corrected,51712,0.2,2027.0,1,1,0.0,0.0213479,0.0213479,0.0,4,4,0.0,0,0,0.0,0,0,0.0
corrected_dynrag_vs_corrected,51712,0.2,2028.0,1,1,0.0,0.02252177,0.02252177,0.0,9,9,0.0,0,0,0.0,0,0,0.0
corrected_dynrag_vs_corrected,51712,0.3,2026.0,0,0,0.0,1.81866172,1.81866172,0.0,7,7,0.0,1,1,0.0,1,1,0.0
corrected_dynrag_vs_corrected,51712,0.3,2027.0,1,1,0.0,0.00399674,0.00399674,0.0,4,4,0.0,0,0,0.0,0,0,0.0
corrected_dynrag_vs_corrected,51712,0.3,2028.0,0,0,0.0,0.97700871,0.97700871,0.0,15,15,0.0,0,0,0.0,0,0,0.0
corrected_dynrag_vs_corrected,51886,0.2,2026.0,1,1,0.0,0.01294483,0.01294483,0.0,9,9,0.0,0,0,0.0,0,0,0.0
corrected_dynrag_vs_corrected,51886,0.2,2027.0,1,1,0.0,0.01236865,0.01236865,0.0,14,14,0.0,1,1,0.0,1,1,0.0
corrected_dynrag_vs_corrected,51886,0.2,2028.0,1,1,0.0,0.0017548,0.0017548,0.0,8,8,0.0,0,0,0.0,0,0,0.0
corrected_dynrag_vs_corrected,51886,0.3,2026.0,1,1,0.0,0.00504269,0.00504269,0.0,7,7,0.0,0,0,0.0,0,0,0.0
corrected_dynrag_vs_corrected,51886,0.3,2027.0,1,1,0.0,0.00146342,0.00146342,0.0,12,12,0.0,0,0,0.0,0,0,0.0
corrected_dynrag_vs_corrected,51886,0.3,2028.0,0,0,0.0,1.90012571,1.90012571,0.0,10,10,0.0,1,1,0.0,1,1,0.0
corrected_dynrag_vs_corrected,52374,0.2,2026.0,0,0,0.0,0.91301367,0.91301367,0.0,15,15,0.0,0,0,0.0,0,0,0.0
corrected_dynrag_vs_corrected,52374,0.2,2027.0,1,1,0.0,0.0052002,0.0052002,0.0,15,15,0.0,0,0,0.0,0,0,0.0
corrected_dynrag_vs_corrected,52374,0.2,2028.0,1,1,0.0,0.45599627,0.45599627,0.0,15,15,0.0,0,0,0.0,0,0,0.0
corrected_dynrag_vs_corrected,52374,0.3,2026.0,0,0,0.0,1.22492323,1.22492323,0.0,15,15,0.0,0,0,0.0,0,0,0.0
corrected_dynrag_vs_corrected,52374,0.3,2027.0,0,0,0.0,0.85815343,0.85815343,0.0,15,15,0.0,0,0,0.0,0,0,0.0
corrected_dynrag_vs_corrected,52374,0.3,2028.0,0,0,0.0,1.03042293,1.03042293,0.0,15,15,0.0,0,0,0.0,0,0,0.0
corrected_dynrag_vs_corrected,52585,0.2,2026.0,1,1,0.0,0.01483189,0.01483189,0.0,15,15,0.0,0,0,0.0,0,0,0.0
corrected_dynrag_vs_corrected,52585,0.2,2027.0,1,1,0.0,0.01397343,0.01397343,0.0,9,9,0.0,0,0,0.0,0,0,0.0
corrected_dynrag_vs_corrected,52585,0.2,2028.0,1,1,0.0,0.50756868,0.50756868,0.0,15,15,0.0,1,1,0.0,1,1,0.0
corrected_dynrag_vs_corrected,52585,0.3,2026.0,1,1,0.0,0.53643585,0.53643585,0.0,15,15,0.0,0,0,0.0,0,0,0.0
corrected_dynrag_vs_corrected,52585,0.3,2027.0,0,0,0.0,1.81563152,1.81563152,0.0,13,13,0.0,0,0,0.0,0,0,0.0
corrected_dynrag_vs_corrected,52585,0.3,2028.0,1,1,0.0,0.09100317,0.09100317,0.0,15,15,0.0,0,0,0.0,0,0,0.0
corrected_dynrag_vs_corrected,52811,0.2,2026.0,1,1,0.0,0.01160499,0.01160499,0.0,2,2,0.0,0,0,0.0,0,0,0.0
corrected_dynrag_vs_corrected,52811,0.2,2027.0,1,1,0.0,0.0008748,0.0008748,0.0,2,2,0.0,0,0,0.0,0,0,0.0
corrected_dynrag_vs_corrected,52811,0.2,2028.0,1,1,0.0,0.01313429,0.01313429,0.0,2,2,0.0,0,0,0.0,0,0,0.0
corrected_dynrag_vs_corrected,52811,0.3,2026.0,1,1,0.0,0.0008748,0.0008748,0.0,2,2,0.0,0,0,0.0,0,0,0.0
corrected_dynrag_vs_corrected,52811,0.3,2027.0,1,1,0.0,0.01160499,0.01160499,0.0,2,2,0.0,0,0,0.0,0,0,0.0
corrected_dynrag_vs_corrected,52811,0.3,2028.0,1,1,0.0,0.01160499,0.01160499,0.0,2,2,0.0,0,0,0.0,0,0,0.0
corrected_dynrag_vs_corrected,53079,0.2,2026.0,1,1,0.0,0.00811177,0.00811177,0.0,2,2,0.0,0,0,0.0,0,0,0.0
corrected_dynrag_vs_corrected,53079,0.2,2027.0,1,1,0.0,0.00811177,0.00811177,0.0,2,2,0.0,0,0,0.0,0,0,0.0
corrected_dynrag_vs_corrected,53079,0.2,2028.0,1,1,0.0,0.00811177,0.00811177,0.0,2,2,0.0,0,0,0.0,0,0,0.0
corrected_dynrag_vs_corrected,53079,0.3,2026.0,1,1,0.0,0.00811177,0.00811177,0.0,2,2,0.0,0,0,0.0,0,0,0.0
corrected_dynrag_vs_corrected,53079,0.3,2027.0,1,1,0.0,0.00130561,0.00130561,0.0,5,5,0.0,0,0,0.0,0,0,0.0
corrected_dynrag_vs_corrected,53079,0.3,2028.0,1,1,0.0,0.00012934,0.00012934,0.0,4,4,0.0,1,1,0.0,0,0,0.0
corrected_dynrag_vs_corrected,53377,0.2,2026.0,1,1,0.0,0.01707959,0.01707959,0.0,3,3,0.0,0,0,0.0,0,0,0.0
corrected_dynrag_vs_corrected,53377,0.2,2027.0,0,0,0.0,1.86361951,1.86361951,0.0,3,3,0.0,0,0,0.0,0,0,0.0
corrected_dynrag_vs_corrected,53377,0.2,2028.0,0,0,0.0,1.78519507,1.78519507,0.0,9,9,0.0,0,0,0.0,0,0,0.0
corrected_dynrag_vs_corrected,53377,0.3,2026.0,1,1,0.0,0.01943088,0.01943088,0.0,2,2,0.0,0,0,0.0,0,0,0.0
corrected_dynrag_vs_corrected,53377,0.3,2027.0,1,1,0.0,0.01943088,0.01943088,0.0,2,2,0.0,0,0,0.0,0,0,0.0
corrected_dynrag_vs_corrected,53377,0.3,2028.0,1,1,0.0,0.01707959,0.01707959,0.0,3,3,0.0,0,0,0.0,0,0,0.0
corrected_dynrag_vs_corrected,53395,0.2,2026.0,1,1,0.0,0.00107392,0.00107392,0.0,7,7,0.0,0,0,0.0,0,0,0.0
corrected_dynrag_vs_corrected,53395,0.2,2027.0,1,1,0.0,0.01483717,0.01483717,0.0,7,7,0.0,0,0,0.0,0,0,0.0
corrected_dynrag_vs_corrected,53395,0.2,2028.0,1,1,0.0,0.00107406,0.00107406,0.0,8,8,0.0,0,0,0.0,0,0,0.0
corrected_dynrag_vs_corrected,53395,0.3,2026.0,1,1,0.0,0.02207198,0.02207198,0.0,13,13,0.0,1,1,0.0,1,1,0.0
corrected_dynrag_vs_corrected,53395,0.3,2027.0,1,1,0.0,0.0136705,0.0136705,0.0,8,8,0.0,0,0,0.0,0,0,0.0
corrected_dynrag_vs_corrected,53395,0.3,2028.0,1,1,0.0,0.01073483,0.01073483,0.0,7,7,0.0,0,0,0.0,0,0,0.0
corrected_dynrag_vs_corrected,5447,0.2,2026.0,0,0,0.0,1.05014125,1.05014125,0.0,15,15,0.0,0,0,0.0,0,0,0.0
corrected_dynrag_vs_corrected,5447,0.2,2027.0,0,0,0.0,1.70417552,1.70417552,0.0,15,15,0.0,1,1,0.0,0,0,0.0
corrected_dynrag_vs_corrected,5447,0.2,2028.0,0,0,0.0,1.03568439,1.03568439,0.0,15,15,0.0,0,0,0.0,0,0,0.0
corrected_dynrag_vs_corrected,5447,0.3,2026.0,0,0,0.0,1.19626338,1.19626338,0.0,15,15,0.0,0,0,0.0,0,0,0.0
corrected_dynrag_vs_corrected,5447,0.3,2027.0,0,0,0.0,1.05000056,1.05000056,0.0,15,15,0.0,0,0,0.0,0,0,0.0
corrected_dynrag_vs_corrected,5447,0.3,2028.0,0,0,0.0,1.06447583,1.06447583,0.0,15,15,0.0,0,0,0.0,0,0,0.0
corrected_dynrag_vs_corrected,54787,0.2,2026.0,1,1,0.0,0.00738355,0.00738355,0.0,4,4,0.0,0,0,0.0,0,0,0.0
corrected_dynrag_vs_corrected,54787,0.2,2027.0,1,1,0.0,0.00629478,0.00629478,0.0,4,4,0.0,0,0,0.0,0,0,0.0
corrected_dynrag_vs_corrected,54787,0.2,2028.0,1,1,0.0,0.00629478,0.00629478,0.0,4,4,0.0,0,0,0.0,0,0,0.0
corrected_dynrag_vs_corrected,54787,0.3,2026.0,1,1,0.0,0.00629478,0.00629478,0.0,4,4,0.0,0,0,0.0,0,0,0.0
corrected_dynrag_vs_corrected,54787,0.3,2027.0,1,1,0.0,0.00629478,0.00629478,0.0,4,4,0.0,0,0,0.0,0,0,0.0
corrected_dynrag_vs_corrected,54787,0.3,2028.0,1,1,0.0,0.00890135,0.00890135,0.0,6,6,0.0,0,0,0.0,0,0,0.0
corrected_dynrag_vs_corrected,54948,0.2,2026.0,0,0,0.0,1.77397955,1.77397955,0.0,9,9,0.0,0,0,0.0,0,0,0.0
corrected_dynrag_vs_corrected,54948,0.2,2027.0,0,0,0.0,0.97594854,0.97594854,0.0,15,15,0.0,0,0,0.0,0,0,0.0
corrected_dynrag_vs_corrected,54948,0.2,2028.0,0,0,0.0,0.94809127,0.94809127,0.0,15,15,0.0,0,0,0.0,0,0,0.0
corrected_dynrag_vs_corrected,54948,0.3,2026.0,0,0,0.0,1.45531319,1.45531319,0.0,15,15,0.0,0,0,0.0,0,0,0.0
corrected_dynrag_vs_corrected,54948,0.3,2027.0,0,0,0.0,1.2319552,1.2319552,0.0,15,15,0.0,0,0,0.0,0,0,0.0
corrected_dynrag_vs_corrected,54948,0.3,2028.0,1,1,0.0,0.0321986,0.0321986,0.0,7,7,0.0,0,0,0.0,0,0,0.0
corrected_dynrag_vs_corrected,54952,0.2,2026.0,1,1,0.0,0.00032895,0.00032895,0.0,3,3,0.0,0,0,0.0,0,0,0.0
corrected_dynrag_vs_corrected,54952,0.2,2027.0,1,1,0.0,0.00032895,0.00032895,0.0,3,3,0.0,0,0,0.0,0,0,0.0
corrected_dynrag_vs_corrected,54952,0.2,2028.0,0,0,0.0,0.86658088,0.86658088,0.0,15,15,0.0,0,0,0.0,0,0,0.0
corrected_dynrag_vs_corrected,54952,0.3,2026.0,1,1,0.0,0.00069818,0.00069818,0.0,2,2,0.0,0,0,0.0,0,0,0.0
corrected_dynrag_vs_corrected,54952,0.3,2027.0,1,1,0.0,0.00441088,0.00441088,0.0,3,3,0.0,0,0,0.0,0,0,0.0
corrected_dynrag_vs_corrected,54952,0.3,2028.0,1,1,0.0,0.01559612,0.01559612,0.0,3,3,0.0,0,0,0.0,0,0,0.0
corrected_dynrag_vs_corrected,55433,0.2,2026.0,1,1,0.0,0.01092356,0.01092356,0.0,2,2,0.0,0,0,0.0,0,0,0.0
corrected_dynrag_vs_corrected,55433,0.2,2027.0,1,1,0.0,0.01042459,0.01042459,0.0,1,1,0.0,0,0,0.0,0,0,0.0
corrected_dynrag_vs_corrected,55433,0.2,2028.0,1,1,0.0,0.01042459,0.01042459,0.0,1,1,0.0,0,0,0.0,0,0,0.0
corrected_dynrag_vs_corrected,55433,0.3,2026.0,1,1,0.0,0.01042459,0.01042459,0.0,1,1,0.0,0,0,0.0,0,0,0.0
corrected_dynrag_vs_corrected,55433,0.3,2027.0,1,1,0.0,0.01042459,0.01042459,0.0,1,1,0.0,0,0,0.0,0,0,0.0
corrected_dynrag_vs_corrected,55433,0.3,2028.0,1,1,0.0,0.01042459,0.01042459,0.0,1,1,0.0,0,0,0.0,0,0,0.0
corrected_dynrag_vs_corrected,56328,0.2,2026.0,1,1,0.0,0.00126276,0.00126276,0.0,4,4,0.0,0,0,0.0,0,0,0.0
corrected_dynrag_vs_corrected,56328,0.2,2027.0,1,1,0.0,0.00063815,0.00063815,0.0,15,15,0.0,0,0,0.0,0,0,0.0
corrected_dynrag_vs_corrected,56328,0.2,2028.0,1,1,0.0,0.00565102,0.00565102,0.0,7,7,0.0,0,0,0.0,0,0,0.0
corrected_dynrag_vs_corrected,56328,0.3,2026.0,1,1,0.0,0.001304,0.001304,0.0,6,6,0.0,0,0,0.0,0,0,0.0
corrected_dynrag_vs_corrected,56328,0.3,2027.0,1,1,0.0,0.00155632,0.00155632,0.0,7,7,0.0,0,0,0.0,0,0,0.0
corrected_dynrag_vs_corrected,56328,0.3,2028.0,1,1,0.0,0.00229246,0.00229246,0.0,7,7,0.0,0,0,0.0,0,0,0.0
corrected_dynrag_vs_corrected,5640,0.2,2026.0,1,1,0.0,0.00059368,0.00059368,0.0,3,3,0.0,0,0,0.0,0,0,0.0
corrected_dynrag_vs_corrected,5640,0.2,2027.0,1,1,0.0,0.00059368,0.00059368,0.0,3,3,0.0,0,0,0.0,0,0,0.0
corrected_dynrag_vs_corrected,5640,0.2,2028.0,1,1,0.0,0.00059368,0.00059368,0.0,3,3,0.0,0,0,0.0,0,0,0.0
corrected_dynrag_vs_corrected,5640,0.3,2026.0,1,1,0.0,0.00074019,0.00074019,0.0,12,12,0.0,1,1,0.0,0,0,0.0
corrected_dynrag_vs_corrected,5640,0.3,2027.0,1,1,0.0,0.37793663,0.37793663,0.0,15,15,0.0,0,0,0.0,0,0,0.0
corrected_dynrag_vs_corrected,5640,0.3,2028.0,1,1,0.0,0.00872661,0.00872661,0.0,3,3,0.0,0,0,0.0,0,0,0.0
corrected_dynrag_vs_corrected,57078,0.2,2026.0,1,1,0.0,0.00102728,0.00102728,0.0,4,4,0.0,0,0,0.0,0,0,0.0
corrected_dynrag_vs_corrected,57078,0.2,2027.0,0,0,0.0,1.79141717,1.79141717,0.0,5,5,0.0,0,0,0.0,0,0,0.0
corrected_dynrag_vs_corrected,57078,0.2,2028.0,1,1,0.0,0.00275127,0.00275127,0.0,15,15,0.0,0,0,0.0,0,0,0.0
corrected_dynrag_vs_corrected,57078,0.3,2026.0,1,1,0.0,0.00102728,0.00102728,0.0,4,4,0.0,0,0,0.0,0,0,0.0
corrected_dynrag_vs_corrected,57078,0.3,2027.0,1,1,0.0,0.00021392,0.00021392,0.0,6,6,0.0,0,0,0.0,0,0,0.0
corrected_dynrag_vs_corrected,57078,0.3,2028.0,1,1,0.0,0.29305732,0.29305732,0.0,15,15,0.0,1,1,0.0,1,1,0.0
corrected_dynrag_vs_corrected,57298,0.2,2026.0,1,1,0.0,0.0214106,0.0214106,0.0,5,5,0.0,0,0,0.0,0,0,0.0
corrected_dynrag_vs_corrected,57298,0.2,2027.0,1,1,0.0,0.00511082,0.00511082,0.0,3,3,0.0,0,0,0.0,0,0,0.0
corrected_dynrag_vs_corrected,57298,0.2,2028.0,1,1,0.0,0.00573518,0.00573518,0.0,3,3,0.0,0,0,0.0,0,0,0.0
corrected_dynrag_vs_corrected,57298,0.3,2026.0,1,1,0.0,0.0187322,0.0187322,0.0,7,7,0.0,0,0,0.0,0,0,0.0
corrected_dynrag_vs_corrected,57298,0.3,2027.0,1,1,0.0,0.0165396,0.0165396,0.0,3,3,0.0,0,0,0.0,0,0,0.0
corrected_dynrag_vs_corrected,57298,0.3,2028.0,1,1,0.0,0.00669864,0.00669864,0.0,6,6,0.0,0,0,0.0,0,0,0.0
corrected_dynrag_vs_corrected,57703,0.2,2026.0,1,1,0.0,0.01224339,0.01224339,0.0,4,4,0.0,0,0,0.0,0,0,0.0
corrected_dynrag_vs_corrected,57703,0.2,2027.0,1,1,0.0,0.00030384,0.00030384,0.0,6,6,0.0,0,0,0.0,0,0,0.0
corrected_dynrag_vs_corrected,57703,0.2,2028.0,1,1,0.0,0.00054572,0.00054572,0.0,10,10,0.0,1,1,0.0,1,1,0.0
corrected_dynrag_vs_corrected,57703,0.3,2026.0,1,1,0.0,0.00050697,0.00050697,0.0,3,3,0.0,0,0,0.0,0,0,0.0
corrected_dynrag_vs_corrected,57703,0.3,2027.0,1,1,0.0,0.00215749,0.00215749,0.0,4,4,0.0,0,0,0.0,0,0,0.0
corrected_dynrag_vs_corrected,57703,0.3,2028.0,1,1,0.0,0.00779558,0.00779558,0.0,7,7,0.0,0,0,0.0,0,0,0.0
corrected_dynrag_vs_corrected,5803,0.2,2026.0,1,1,0.0,0.00839327,0.00839327,0.0,6,6,0.0,0,0,0.0,0,0,0.0
corrected_dynrag_vs_corrected,5803,0.2,2027.0,1,1,0.0,0.07484476,0.07484476,0.0,5,5,0.0,0,0,0.0,0,0,0.0
corrected_dynrag_vs_corrected,5803,0.2,2028.0,1,1,0.0,0.07484476,0.07484476,0.0,5,5,0.0,0,0,0.0,0,0,0.0
corrected_dynrag_vs_corrected,5803,0.3,2026.0,1,1,0.0,0.01366297,0.01366297,0.0,9,9,0.0,1,1,0.0,0,0,0.0
corrected_dynrag_vs_corrected,5803,0.3,2027.0,1,1,0.0,0.02113123,0.02113123,0.0,7,7,0.0,0,0,0.0,0,0,0.0
corrected_dynrag_vs_corrected,5803,0.3,2028.0,1,1,0.0,0.03110944,0.03110944,0.0,7,7,0.0,0,0,0.0,0,0,0.0
corrected_dynrag_vs_corrected,58290,0.2,2026.0,1,1,0.0,0.00839327,0.00839327,0.0,6,6,0.0,0,0,0.0,0,0,0.0
corrected_dynrag_vs_corrected,58290,0.2,2027.0,1,1,0.0,0.07484476,0.07484476,0.0,5,5,0.0,0,0,0.0,0,0,0.0
corrected_dynrag_vs_corrected,58290,0.2,2028.0,1,1,0.0,0.07484476,0.07484476,0.0,5,5,0.0,0,0,0.0,0,0,0.0
corrected_dynrag_vs_corrected,58290,0.3,2026.0,1,1,0.0,0.07484476,0.07484476,0.0,5,5,0.0,0,0,0.0,0,0,0.0
corrected_dynrag_vs_corrected,58290,0.3,2027.0,1,1,0.0,0.07484476,0.07484476,0.0,5,5,0.0,0,0,0.0,0,0,0.0
corrected_dynrag_vs_corrected,58290,0.3,2028.0,1,1,0.0,0.00839327,0.00839327,0.0,6,6,0.0,0,0,0.0,0,0,0.0
corrected_dynrag_vs_corrected,59603,0.2,2026.0,1,1,0.0,0.00260929,0.00260929,0.0,13,13,0.0,0,0,0.0,0,0,0.0
corrected_dynrag_vs_corrected,59603,0.2,2027.0,1,1,0.0,0.00013358,0.00013358,0.0,13,13,0.0,0,0,0.0,0,0,0.0
corrected_dynrag_vs_corrected,59603,0.2,2028.0,1,1,0.0,0.00015032,0.00015032,0.0,10,10,0.0,0,0,0.0,0,0,0.0
corrected_dynrag_vs_corrected,59603,0.3,2026.0,1,1,0.0,0.00015056,0.00015056,0.0,12,12,0.0,0,0,0.0,0,0,0.0
corrected_dynrag_vs_corrected,59603,0.3,2027.0,1,1,0.0,0.00015194,0.00015194,0.0,11,11,0.0,0,0,0.0,0,0,0.0
corrected_dynrag_vs_corrected,59603,0.3,2028.0,1,1,0.0,0.00161259,0.00161259,0.0,12,12,0.0,0,0,0.0,0,0,0.0
corrected_dynrag_vs_corrected,59747,0.2,2026.0,1,1,0.0,0.00048475,0.00048475,0.0,2,2,0.0,0,0,0.0,0,0,0.0
corrected_dynrag_vs_corrected,59747,0.2,2027.0,1,1,0.0,0.00048475,0.00048475,0.0,2,2,0.0,0,0,0.0,0,0,0.0
corrected_dynrag_vs_corrected,59747,0.2,2028.0,1,1,0.0,0.00360776,0.00360776,0.0,11,11,0.0,0,0,0.0,0,0,0.0
corrected_dynrag_vs_corrected,59747,0.3,2026.0,1,1,0.0,0.00034262,0.00034262,0.0,4,4,0.0,0,0,0.0,0,0,0.0
corrected_dynrag_vs_corrected,59747,0.3,2027.0,1,1,0.0,0.00048475,0.00048475,0.0,2,2,0.0,0,0,0.0,0,0,0.0
corrected_dynrag_vs_corrected,59747,0.3,2028.0,1,1,0.0,0.00048475,0.00048475,0.0,2,2,0.0,0,0,0.0,0,0,0.0
corrected_dynrag_vs_corrected,60118,0.2,2026.0,1,1,0.0,0.01514424,0.01514424,0.0,2,2,0.0,0,0,0.0,0,0,0.0
corrected_dynrag_vs_corrected,60118,0.2,2027.0,1,1,0.0,0.0006737,0.0006737,0.0,4,4,0.0,0,0,0.0,0,0,0.0
corrected_dynrag_vs_corrected,60118,0.2,2028.0,1,1,0.0,0.01514424,0.01514424,0.0,2,2,0.0,0,0,0.0,0,0,0.0
corrected_dynrag_vs_corrected,60118,0.3,2026.0,1,1,0.0,0.01514424,0.01514424,0.0,2,2,0.0,0,0,0.0,0,0,0.0
corrected_dynrag_vs_corrected,60118,0.3,2027.0,1,1,0.0,0.01514424,0.01514424,0.0,2,2,0.0,0,0,0.0,0,0,0.0
corrected_dynrag_vs_corrected,60118,0.3,2028.0,1,1,0.0,0.39393945,0.39393945,0.0,15,15,0.0,0,0,0.0,0,0,0.0
corrected_dynrag_vs_corrected,60326,0.2,2026.0,1,1,0.0,0.01853659,0.01853659,0.0,1,1,0.0,0,0,0.0,0,0,0.0
corrected_dynrag_vs_corrected,60326,0.2,2027.0,1,1,0.0,0.01311348,0.01311348,0.0,13,13,0.0,0,0,0.0,0,0,0.0
corrected_dynrag_vs_corrected,60326,0.2,2028.0,1,1,0.0,0.01853659,0.01853659,0.0,1,1,0.0,0,0,0.0,0,0,0.0
corrected_dynrag_vs_corrected,60326,0.3,2026.0,1,1,0.0,0.02186933,0.02186933,0.0,2,2,0.0,0,0,0.0,0,0,0.0
corrected_dynrag_vs_corrected,60326,0.3,2027.0,1,1,0.0,0.01853659,0.01853659,0.0,1,1,0.0,0,0,0.0,0,0,0.0
corrected_dynrag_vs_corrected,60326,0.3,2028.0,1,1,0.0,0.01853659,0.01853659,0.0,1,1,0.0,0,0,0.0,0,0,0.0
corrected_dynrag_vs_corrected,60577,0.2,2026.0,1,1,0.0,0.0002246,0.0002246,0.0,4,4,0.0,0,0,0.0,0,0,0.0
corrected_dynrag_vs_corrected,60577,0.2,2027.0,1,1,0.0,5.691e-05,5.691e-05,0.0,6,6,0.0,0,0,0.0,0,0,0.0
corrected_dynrag_vs_corrected,60577,0.2,2028.0,1,1,0.0,0.00061818,0.00061818,0.0,4,4,0.0,0,0,0.0,0,0,0.0
corrected_dynrag_vs_corrected,60577,0.3,2026.0,1,1,0.0,2.18e-05,2.18e-05,0.0,8,8,0.0,1,1,0.0,0,0,0.0
corrected_dynrag_vs_corrected,60577,0.3,2027.0,1,1,0.0,0.00422426,0.00422426,0.0,7,7,0.0,0,0,0.0,0,0,0.0
corrected_dynrag_vs_corrected,60577,0.3,2028.0,0,0,0.0,1.16833241,1.16833241,0.0,15,15,0.0,0,0,0.0,0,0,0.0
corrected_dynrag_vs_corrected,61232,0.2,2026.0,1,1,0.0,0.03524856,0.03524856,0.0,1,1,0.0,0,0,0.0,0,0,0.0
corrected_dynrag_vs_corrected,61232,0.2,2027.0,1,1,0.0,0.03524856,0.03524856,0.0,1,1,0.0,0,0,0.0,0,0,0.0
corrected_dynrag_vs_corrected,61232,0.2,2028.0,1,1,0.0,0.03524856,0.03524856,0.0,1,1,0.0,0,0,0.0,0,0,0.0
corrected_dynrag_vs_corrected,61232,0.3,2026.0,1,1,0.0,0.03524856,0.03524856,0.0,1,1,0.0,0,0,0.0,0,0,0.0
corrected_dynrag_vs_corrected,61232,0.3,2027.0,1,1,0.0,0.03524856,0.03524856,0.0,1,1,0.0,0,0,0.0,0,0,0.0
corrected_dynrag_vs_corrected,61232,0.3,2028.0,1,1,0.0,0.03524856,0.03524856,0.0,1,1,0.0,0,0,0.0,0,0,0.0
corrected_dynrag_vs_corrected,61497,0.2,2026.0,1,1,0.0,0.03175748,0.03175748,0.0,11,11,0.0,1,1,0.0,0,0,0.0
corrected_dynrag_vs_corrected,61497,0.2,2027.0,1,1,0.0,0.00621901,0.00621901,0.0,8,8,0.0,0,0,0.0,0,0,0.0
corrected_dynrag_vs_corrected,61497,0.2,2028.0,1,1,0.0,0.01243013,0.01243013,0.0,9,9,0.0,0,0,0.0,0,0,0.0
corrected_dynrag_vs_corrected,61497,0.3,2026.0,0,0,0.0,1.17010919,1.17010919,0.0,15,15,0.0,1,1,0.0,1,1,0.0
corrected_dynrag_vs_corrected,61497,0.3,2027.0,0,0,0.0,1.78261263,1.78261263,0.0,2,2,0.0,0,0,0.0,0,0,0.0
corrected_dynrag_vs_corrected,61497,0.3,2028.0,1,1,0.0,0.05088134,0.05088134,0.0,9,9,0.0,0,0,0.0,0,0,0.0
corrected_dynrag_vs_corrected,61737,0.2,2026.0,1,1,0.0,0.00218806,0.00218806,0.0,6,6,0.0,0,0,0.0,0,0,0.0
corrected_dynrag_vs_corrected,61737,0.2,2027.0,1,1,0.0,8.505e-05,8.505e-05,0.0,6,6,0.0,0,0,0.0,0,0,0.0
corrected_dynrag_vs_corrected,61737,0.2,2028.0,1,1,0.0,0.00161616,0.00161616,0.0,6,6,0.0,0,0,0.0,0,0,0.0
corrected_dynrag_vs_corrected,61737,0.3,2026.0,1,1,0.0,0.00139906,0.00139906,0.0,11,11,0.0,0,0,0.0,0,0,0.0
corrected_dynrag_vs_corrected,61737,0.3,2027.0,1,1,0.0,0.00238623,0.00238623,0.0,6,6,0.0,0,0,0.0,0,0,0.0
corrected_dynrag_vs_corrected,61737,0.3,2028.0,1,1,0.0,0.00014469,0.00014469,0.0,9,9,0.0,0,0,0.0,0,0,0.0
corrected_dynrag_vs_corrected,61848,0.2,2026.0,1,1,0.0,0.00763356,0.00763356,0.0,7,7,0.0,0,0,0.0,0,0,0.0
corrected_dynrag_vs_corrected,61848,0.2,2027.0,0,0,0.0,0.8935474,0.8935474,0.0,15,15,0.0,1,1,0.0,1,1,0.0
corrected_dynrag_vs_corrected,61848,0.2,2028.0,1,1,0.0,0.00031131,0.00031131,0.0,6,6,0.0,0,0,0.0,0,0,0.0
corrected_dynrag_vs_corrected,61848,0.3,2026.0,1,1,0.0,0.00042669,0.00042669,0.0,14,14,0.0,1,1,0.0,1,1,0.0
corrected_dynrag_vs_corrected,61848,0.3,2027.0,1,1,0.0,0.00270019,0.00270019,0.0,11,11,0.0,0,0,0.0,0,0,0.0
corrected_dynrag_vs_corrected,61848,0.3,2028.0,1,1,0.0,0.00030021,0.00030021,0.0,8,8,0.0,0,0,0.0,0,0,0.0
corrected_dynrag_vs_corrected,64748,0.2,2026.0,0,0,0.0,1.01292222,1.01292222,0.0,15,15,0.0,1,1,0.0,0,0,0.0
corrected_dynrag_vs_corrected,64748,0.2,2027.0,0,0,0.0,1.03909244,1.03909244,0.0,15,15,0.0,0,0,0.0,0,0,0.0
corrected_dynrag_vs_corrected,64748,0.2,2028.0,0,0,0.0,1.19059513,1.19059513,0.0,15,15,0.0,0,0,0.0,0,0,0.0
corrected_dynrag_vs_corrected,64748,0.3,2026.0,1,1,0.0,0.00294517,0.00294517,0.0,13,13,0.0,0,0,0.0,0,0,0.0
corrected_dynrag_vs_corrected,64748,0.3,2027.0,0,0,0.0,1.19444175,1.19444175,0.0,15,15,0.0,0,0,0.0,0,0,0.0
corrected_dynrag_vs_corrected,64748,0.3,2028.0,0,0,0.0,1.20057145,1.20057145,0.0,15,15,0.0,1,1,0.0,1,1,0.0
corrected_dynrag_vs_corrected,67430,0.2,2026.0,0,0,0.0,1.02652162,1.02652162,0.0,15,15,0.0,0,0,0.0,0,0,0.0
corrected_dynrag_vs_corrected,67430,0.2,2027.0,0,0,0.0,1.01449214,1.01449214,0.0,15,15,0.0,0,0,0.0,0,0,0.0
corrected_dynrag_vs_corrected,67430,0.2,2028.0,1,1,0.0,0.00192282,0.00192282,0.0,9,9,0.0,0,0,0.0,0,0,0.0
corrected_dynrag_vs_corrected,67430,0.3,2026.0,0,0,0.0,1.80164952,1.80164952,0.0,9,9,0.0,0,0,0.0,0,0,0.0
corrected_dynrag_vs_corrected,67430,0.3,2027.0,1,1,0.0,0.00346274,0.00346274,0.0,9,9,0.0,1,1,0.0,0,0,0.0
corrected_dynrag_vs_corrected,67430,0.3,2028.0,1,1,0.0,0.00235818,0.00235818,0.0,6,6,0.0,0,0,0.0,0,0,0.0
corrected_dynrag_vs_corrected,67557,0.2,2026.0,0,0,0.0,1.02713636,1.02713636,0.0,15,15,0.0,0,0,0.0,0,0,0.0
corrected_dynrag_vs_corrected,67557,0.2,2027.0,1,1,0.0,0.00228762,0.00228762,0.0,12,12,0.0,1,1,0.0,0,0,0.0
corrected_dynrag_vs_corrected,67557,0.2,2028.0,1,1,0.0,0.00050982,0.00050982,0.0,13,13,0.0,0,0,0.0,0,0,0.0
corrected_dynrag_vs_corrected,67557,0.3,2026.0,1,1,0.0,0.01713831,0.01713831,0.0,15,15,0.0,0,0,0.0,0,0,0.0
corrected_dynrag_vs_corrected,67557,0.3,2027.0,1,1,0.0,0.00866058,0.00866058,0.0,13,13,0.0,0,0,0.0,0,0,0.0
corrected_dynrag_vs_corrected,67557,0.3,2028.0,0,0,0.0,1.95154973,1.95154973,0.0,7,7,0.0,0,0,0.0,0,0,0.0
corrected_dynrag_vs_corrected,6756,0.2,2026.0,0,0,0.0,0.76436888,0.76436888,0.0,15,15,0.0,0,0,0.0,0,0,0.0
corrected_dynrag_vs_corrected,6756,0.2,2027.0,1,1,0.0,0.43327824,0.43327824,0.0,15,15,0.0,0,0,0.0,0,0,0.0
corrected_dynrag_vs_corrected,6756,0.2,2028.0,0,0,0.0,1.08089905,1.08089905,0.0,15,15,0.0,0,0,0.0,0,0,0.0
corrected_dynrag_vs_corrected,6756,0.3,2026.0,1,1,0.0,0.00879335,0.00879335,0.0,15,15,0.0,0,0,0.0,0,0,0.0
corrected_dynrag_vs_corrected,6756,0.3,2027.0,0,0,0.0,0.95006535,0.95006535,0.0,15,15,0.0,0,0,0.0,0,0,0.0
corrected_dynrag_vs_corrected,6756,0.3,2028.0,0,0,0.0,1.9677277,1.9677277,0.0,14,14,0.0,0,0,0.0,0,0,0.0
corrected_dynrag_vs_corrected,67646,0.2,2026.0,1,1,0.0,0.00419528,0.00419528,0.0,3,3,0.0,0,0,0.0,0,0,0.0
corrected_dynrag_vs_corrected,67646,0.2,2027.0,1,1,0.0,0.01566177,0.01566177,0.0,5,5,0.0,0,0,0.0,0,0,0.0
corrected_dynrag_vs_corrected,67646,0.2,2028.0,1,1,0.0,0.01112761,0.01112761,0.0,5,5,0.0,0,0,0.0,0,0,0.0
corrected_dynrag_vs_corrected,67646,0.3,2026.0,1,1,0.0,0.0050265,0.0050265,0.0,4,4,0.0,0,0,0.0,0,0,0.0
corrected_dynrag_vs_corrected,67646,0.3,2027.0,1,1,0.0,0.00015777,0.00015777,0.0,11,11,0.0,0,0,0.0,0,0,0.0
corrected_dynrag_vs_corrected,67646,0.3,2028.0,1,1,0.0,0.00419528,0.00419528,0.0,3,3,0.0,0,0,0.0,0,0,0.0
corrected_dynrag_vs_corrected,681,0.2,2026.0,0,0,0.0,1.01646855,1.01646855,0.0,15,15,0.0,0,0,0.0,0,0,0.0
corrected_dynrag_vs_corrected,681,0.2,2027.0,0,0,0.0,1.06380004,1.06380004,0.0,15,15,0.0,1,1,0.0,1,1,0.0
corrected_dynrag_vs_corrected,681,0.2,2028.0,0,0,0.0,1.73995599,1.73995599,0.0,15,15,0.0,0,0,0.0,0,0,0.0
corrected_dynrag_vs_corrected,681,0.3,2026.0,0,0,0.0,1.40026176,1.40026176,0.0,15,15,0.0,0,0,0.0,0,0,0.0
corrected_dynrag_vs_corrected,681,0.3,2027.0,0,0,0.0,1.08146503,1.08146503,0.0,15,15,0.0,0,0,0.0,0,0,0.0
corrected_dynrag_vs_corrected,681,0.3,2028.0,0,0,0.0,1.86581264,1.86581264,0.0,8,8,0.0,0,0,0.0,0,0,0.0
corrected_dynrag_vs_corrected,68624,0.2,2026.0,1,1,0.0,0.00044494,0.00044494,0.0,11,11,0.0,1,1,0.0,0,0,0.0
corrected_dynrag_vs_corrected,68624,0.2,2027.0,1,1,0.0,0.0134996,0.0134996,0.0,9,9,0.0,0,0,0.0,0,0,0.0
corrected_dynrag_vs_corrected,68624,0.2,2028.0,1,1,0.0,0.17006244,0.17006244,0.0,15,15,0.0,1,1,0.0,0,0,0.0
corrected_dynrag_vs_corrected,68624,0.3,2026.0,1,1,0.0,0.00042481,0.00042481,0.0,9,9,0.0,0,0,0.0,0,0,0.0
corrected_dynrag_vs_corrected,68624,0.3,2027.0,1,1,0.0,8.387e-05,8.387e-05,0.0,12,12,0.0,1,1,0.0,0,0,0.0
corrected_dynrag_vs_corrected,68624,0.3,2028.0,0,0,0.0,1.04838735,1.04838735,0.0,15,15,0.0,0,0,0.0,0,0,0.0
corrected_dynrag_vs_corrected,68974,0.2,2026.0,0,0,0.0,0.97630803,0.97630803,0.0,15,15,0.0,0,0,0.0,0,0,0.0
corrected_dynrag_vs_corrected,68974,0.2,2027.0,1,1,0.0,0.00196817,0.00196817,0.0,14,14,0.0,1,1,0.0,0,0,0.0
corrected_dynrag_vs_corrected,68974,0.2,2028.0,1,1,0.0,0.00011562,0.00011562,0.0,6,6,0.0,0,0,0.0,0,0,0.0
corrected_dynrag_vs_corrected,68974,0.3,2026.0,0,0,0.0,1.0450222,1.0450222,0.0,15,15,0.0,0,0,0.0,0,0,0.0
corrected_dynrag_vs_corrected,68974,0.3,2027.0,1,1,0.0,0.00437418,0.00437418,0.0,10,10,0.0,0,0,0.0,0,0,0.0
corrected_dynrag_vs_corrected,68974,0.3,2028.0,1,1,0.0,0.60601117,0.60601117,0.0,15,15,0.0,0,0,0.0,0,0,0.0
corrected_dynrag_vs_corrected,69372,0.2,2026.0,0,0,0.0,1.88212436,1.88212436,0.0,3,3,0.0,0,0,0.0,0,0,0.0
corrected_dynrag_vs_corrected,69372,0.2,2027.0,1,1,0.0,0.0002246,0.0002246,0.0,4,4,0.0,0,0,0.0,0,0,0.0
corrected_dynrag_vs_corrected,69372,0.2,2028.0,0,0,0.0,0.98636592,0.98636592,0.0,15,15,0.0,0,0,0.0,0,0,0.0
corrected_dynrag_vs_corrected,69372,0.3,2026.0,1,1,0.0,6.101e-05,6.101e-05,0.0,4,4,0.0,0,0,0.0,0,0,0.0
corrected_dynrag_vs_corrected,69372,0.3,2027.0,1,1,0.0,3.921e-05,3.921e-05,0.0,6,6,0.0,1,1,0.0,0,0,0.0
corrected_dynrag_vs_corrected,69372,0.3,2028.0,0,0,0.0,0.92832072,0.92832072,0.0,15,15,0.0,0,0,0.0,0,0,0.0
corrected_dynrag_vs_corrected,69402,0.2,2026.0,1,1,0.0,0.00914077,0.00914077,0.0,4,4,0.0,0,0,0.0,0,0,0.0
corrected_dynrag_vs_corrected,69402,0.2,2027.0,1,1,0.0,0.00968801,0.00968801,0.0,7,7,0.0,0,0,0.0,0,0,0.0
corrected_dynrag_vs_corrected,69402,0.2,2028.0,1,1,0.0,0.00914077,0.00914077,0.0,4,4,0.0,0,0,0.0,0,0,0.0
corrected_dynrag_vs_corrected,69402,0.3,2026.0,1,1,0.0,0.00914077,0.00914077,0.0,4,4,0.0,0,0,0.0,0,0,0.0
corrected_dynrag_vs_corrected,69402,0.3,2027.0,1,1,0.0,0.00102672,0.00102672,0.0,7,7,0.0,0,0,0.0,0,0,0.0
corrected_dynrag_vs_corrected,69402,0.3,2028.0,0,0,0.0,1.0132978,1.0132978,0.0,15,15,0.0,0,0,0.0,0,0,0.0
corrected_dynrag_vs_corrected,70085,0.2,2026.0,1,1,0.0,0.00626476,0.00626476,0.0,4,4,0.0,0,0,0.0,0,0,0.0
corrected_dynrag_vs_corrected,70085,0.2,2027.0,1,1,0.0,1.216e-05,1.216e-05,0.0,4,4,0.0,0,0,0.0,0,0,0.0
corrected_dynrag_vs_corrected,70085,0.2,2028.0,1,1,0.0,1.216e-05,1.216e-05,0.0,4,4,0.0,0,0,0.0,0,0,0.0
corrected_dynrag_vs_corrected,70085,0.3,2026.0,1,1,0.0,1.216e-05,1.216e-05,0.0,4,4,0.0,0,0,0.0,0,0,0.0
corrected_dynrag_vs_corrected,70085,0.3,2027.0,1,1,0.0,0.00245568,0.00245568,0.0,4,4,0.0,0,0,0.0,0,0,0.0
corrected_dynrag_vs_corrected,70085,0.3,2028.0,1,1,0.0,1.25e-05,1.25e-05,0.0,4,4,0.0,0,0,0.0,0,0,0.0
corrected_dynrag_vs_corrected,7013,0.2,2026.0,0,0,0.0,1.77716986,1.77716986,0.0,8,8,0.0,0,0,0.0,0,0,0.0
corrected_dynrag_vs_corrected,7013,0.2,2027.0,0,0,0.0,1.00431324,1.00431324,0.0,15,15,0.0,0,0,0.0,0,0,0.0
corrected_dynrag_vs_corrected,7013,0.2,2028.0,0,0,0.0,1.02604652,1.02604652,0.0,15,15,0.0,0,0,0.0,0,0,0.0
corrected_dynrag_vs_corrected,7013,0.3,2026.0,0,0,0.0,1.0280219,1.0280219,0.0,15,15,0.0,0,0,0.0,0,0,0.0
corrected_dynrag_vs_corrected,7013,0.3,2027.0,0,0,0.0,1.09217939,1.09217939,0.0,15,15,0.0,0,0,0.0,0,0,0.0
corrected_dynrag_vs_corrected,7013,0.3,2028.0,0,0,0.0,1.73296327,1.73296327,0.0,7,7,0.0,0,0,0.0,0,0,0.0
corrected_dynrag_vs_corrected,71249,0.2,2026.0,1,1,0.0,0.00456375,0.00456375,0.0,5,5,0.0,0,0,0.0,0,0,0.0
corrected_dynrag_vs_corrected,71249,0.2,2027.0,1,1,0.0,0.00257782,0.00257782,0.0,5,5,0.0,0,0,0.0,0,0,0.0
corrected_dynrag_vs_corrected,71249,0.2,2028.0,1,1,0.0,0.00343451,0.00343451,0.0,7,7,0.0,0,0,0.0,0,0,0.0
corrected_dynrag_vs_corrected,71249,0.3,2026.0,1,1,0.0,0.05966729,0.05966729,0.0,15,15,0.0,1,1,0.0,0,0,0.0
corrected_dynrag_vs_corrected,71249,0.3,2027.0,1,1,0.0,0.00706127,0.00706127,0.0,15,15,0.0,0,0,0.0,0,0,0.0
corrected_dynrag_vs_corrected,71249,0.3,2028.0,0,0,0.0,0.98757331,0.98757331,0.0,15,15,0.0,0,0,0.0,0,0,0.0
corrected_dynrag_vs_corrected,71499,0.2,2026.0,1,1,0.0,0.00123218,0.00123218,0.0,9,9,0.0,0,0,0.0,0,0,0.0
corrected_dynrag_vs_corrected,71499,0.2,2027.0,1,1,0.0,0.06359876,0.06359876,0.0,6,6,0.0,0,0,0.0,0,0,0.0
corrected_dynrag_vs_corrected,71499,0.2,2028.0,1,1,0.0,0.06359876,0.06359876,0.0,6,6,0.0,0,0,0.0,0,0,0.0
corrected_dynrag_vs_corrected,71499,0.3,2026.0,1,1,0.0,0.01817087,0.01817087,0.0,6,6,0.0,0,0,0.0,0,0,0.0
corrected_dynrag_vs_corrected,71499,0.3,2027.0,0,0,0.0,1.85920712,1.85920712,0.0,9,9,0.0,0,0,0.0,0,0,0.0
corrected_dynrag_vs_corrected,71499,0.3,2028.0,1,1,0.0,0.00839327,0.00839327,0.0,6,6,0.0,0,0,0.0,0,0,0.0
corrected_dynrag_vs_corrected,7169,0.2,2026.0,1,1,0.0,0.00215005,0.00215005,0.0,4,4,0.0,0,0,0.0,0,0,0.0
corrected_dynrag_vs_corrected,7169,0.2,2027.0,1,1,0.0,0.03854053,0.03854053,0.0,2,2,0.0,0,0,0.0,0,0,0.0
corrected_dynrag_vs_corrected,7169,0.2,2028.0,1,1,0.0,0.00215005,0.00215005,0.0,4,4,0.0,0,0,0.0,0,0,0.0
corrected_dynrag_vs_corrected,7169,0.3,2026.0,1,1,0.0,0.00265998,0.00265998,0.0,3,3,0.0,0,0,0.0,0,0,0.0
corrected_dynrag_vs_corrected,7169,0.3,2027.0,1,1,0.0,0.00700915,0.00700915,0.0,10,10,0.0,1,1,0.0,0,0,0.0
corrected_dynrag_vs_corrected,7169,0.3,2028.0,1,1,0.0,0.00236958,0.00236958,0.0,6,6,0.0,1,1,0.0,0,0,0.0
corrected_dynrag_vs_corrected,72012,0.2,2026.0,1,1,0.0,0.0037733,0.0037733,0.0,3,3,0.0,0,0,0.0,0,0,0.0
corrected_dynrag_vs_corrected,72012,0.2,2027.0,1,1,0.0,0.0037733,0.0037733,0.0,3,3,0.0,0,0,0.0,0,0,0.0
corrected_dynrag_vs_corrected,72012,0.2,2028.0,1,1,0.0,0.0037733,0.0037733,0.0,3,3,0.0,0,0,0.0,0,0,0.0
corrected_dynrag_vs_corrected,72012,0.3,2026.0,1,1,0.0,0.00378188,0.00378188,0.0,3,3,0.0,0,0,0.0,0,0,0.0
corrected_dynrag_vs_corrected,72012,0.3,2027.0,0,0,0.0,1.06298146,1.06298146,0.0,15,15,0.0,0,0,0.0,0,0,0.0
corrected_dynrag_vs_corrected,72012,0.3,2028.0,0,0,0.0,1.02042203,1.02042203,0.0,15,15,0.0,0,0,0.0,0,0,0.0
corrected_dynrag_vs_corrected,72058,0.2,2026.0,0,0,0.0,0.84431616,0.84431616,0.0,15,15,0.0,0,0,0.0,0,0,0.0
corrected_dynrag_vs_corrected,72058,0.2,2027.0,0,0,0.0,1.12079519,1.12079519,0.0,15,15,0.0,0,0,0.0,0,0,0.0
corrected_dynrag_vs_corrected,72058,0.2,2028.0,1,1,0.0,0.00199156,0.00199156,0.0,15,15,0.0,0,0,0.0,0,0,0.0
corrected_dynrag_vs_corrected,72058,0.3,2026.0,0,0,0.0,1.78190331,1.78190331,0.0,12,12,0.0,0,0,0.0,0,0,0.0
corrected_dynrag_vs_corrected,72058,0.3,2027.0,0,0,0.0,0.86405348,0.86405348,0.0,15,15,0.0,0,0,0.0,0,0,0.0
corrected_dynrag_vs_corrected,72058,0.3,2028.0,0,0,0.0,0.92957298,0.92957298,0.0,15,15,0.0,0,0,0.0,0,0,0.0
corrected_dynrag_vs_corrected,72546,0.2,2026.0,1,1,0.0,0.00883543,0.00883543,0.0,3,3,0.0,0,0,0.0,0,0,0.0
corrected_dynrag_vs_corrected,72546,0.2,2027.0,1,1,0.0,0.00549748,0.00549748,0.0,3,3,0.0,0,0,0.0,0,0,0.0
corrected_dynrag_vs_corrected,72546,0.2,2028.0,1,1,0.0,0.00883543,0.00883543,0.0,3,3,0.0,0,0,0.0,0,0,0.0
corrected_dynrag_vs_corrected,72546,0.3,2026.0,1,1,0.0,0.00549748,0.00549748,0.0,3,3,0.0,0,0,0.0,0,0,0.0
corrected_dynrag_vs_corrected,72546,0.3,2027.0,1,1,0.0,0.00131967,0.00131967,0.0,7,7,0.0,1,1,0.0,0,0,0.0
corrected_dynrag_vs_corrected,72546,0.3,2028.0,1,1,0.0,0.00254543,0.00254543,0.0,4,4,0.0,0,0,0.0,0,0,0.0
corrected_dynrag_vs_corrected,73295,0.2,2026.0,1,1,0.0,0.00018857,0.00018857,0.0,6,6,0.0,0,0,0.0,0,0,0.0
corrected_dynrag_vs_corrected,73295,0.2,2027.0,1,1,0.0,0.00372178,0.00372178,0.0,7,7,0.0,0,0,0.0,0,0,0.0
corrected_dynrag_vs_corrected,73295,0.2,2028.0,1,1,0.0,0.00018857,0.00018857,0.0,6,6,0.0,0,0,0.0,0,0,0.0
corrected_dynrag_vs_corrected,73295,0.3,2026.0,1,1,0.0,0.00046995,0.00046995,0.0,5,5,0.0,0,0,0.0,0,0,0.0
corrected_dynrag_vs_corrected,73295,0.3,2027.0,0,0,0.0,1.04256128,1.04256128,0.0,15,15,0.0,0,0,0.0,0,0,0.0
corrected_dynrag_vs_corrected,73295,0.3,2028.0,0,0,0.0,1.73268534,1.73268534,0.0,5,5,0.0,0,0,0.0,0,0,0.0
corrected_dynrag_vs_corrected,74885,0.2,2026.0,0,0,0.0,0.96048936,0.96048936,0.0,15,15,0.0,0,0,0.0,0,0,0.0
corrected_dynrag_vs_corrected,74885,0.2,2027.0,0,0,0.0,0.92643993,0.92643993,0.0,15,15,0.0,0,0,0.0,0,0,0.0
corrected_dynrag_vs_corrected,74885,0.2,2028.0,0,0,0.0,0.97256299,0.97256299,0.0,15,15,0.0,0,0,0.0,0,0,0.0
corrected_dynrag_vs_corrected,74885,0.3,2026.0,0,0,0.0,0.98404068,0.98404068,0.0,15,15,0.0,0,0,0.0,0,0,0.0
corrected_dynrag_vs_corrected,74885,0.3,2027.0,0,0,0.0,1.19701934,1.19701934,0.0,15,15,0.0,0,0,0.0,0,0,0.0
corrected_dynrag_vs_corrected,74885,0.3,2028.0,0,0,0.0,1.00472241,1.00472241,0.0,15,15,0.0,1,1,0.0,0,0,0.0
corrected_dynrag_vs_corrected,74916,0.2,2026.0,0,0,0.0,1.87444026,1.87444026,0.0,9,9,0.0,0,0,0.0,0,0,0.0
corrected_dynrag_vs_corrected,74916,0.2,2027.0,0,0,0.0,0.87501847,0.87501847,0.0,15,15,0.0,0,0,0.0,0,0,0.0
corrected_dynrag_vs_corrected,74916,0.2,2028.0,1,1,0.0,0.09532127,0.09532127,0.0,15,15,0.0,0,0,0.0,0,0,0.0
corrected_dynrag_vs_corrected,74916,0.3,2026.0,0,0,0.0,1.81805019,1.81805019,0.0,12,12,0.0,1,1,0.0,1,1,0.0
corrected_dynrag_vs_corrected,74916,0.3,2027.0,1,1,0.0,0.76671671,0.76671671,0.0,15,15,0.0,0,0,0.0,0,0,0.0
corrected_dynrag_vs_corrected,74916,0.3,2028.0,0,0,0.0,1.27123324,1.27123324,0.0,15,15,0.0,1,1,0.0,1,1,0.0
corrected_dynrag_vs_corrected,7571,0.2,2026.0,1,1,0.0,0.11281712,0.11281712,0.0,15,15,0.0,1,1,0.0,0,0,0.0
corrected_dynrag_vs_corrected,7571,0.2,2027.0,1,1,0.0,0.00252802,0.00252802,0.0,2,2,0.0,0,0,0.0,0,0,0.0
corrected_dynrag_vs_corrected,7571,0.2,2028.0,1,1,0.0,0.00193896,0.00193896,0.0,2,2,0.0,0,0,0.0,0,0,0.0
corrected_dynrag_vs_corrected,7571,0.3,2026.0,1,1,0.0,0.00193896,0.00193896,0.0,2,2,0.0,0,0,0.0,0,0,0.0
corrected_dynrag_vs_corrected,7571,0.3,2027.0,1,1,0.0,0.00614722,0.00614722,0.0,3,3,0.0,0,0,0.0,0,0,0.0
corrected_dynrag_vs_corrected,7571,0.3,2028.0,1,1,0.0,0.00215602,0.00215602,0.0,2,2,0.0,0,0,0.0,0,0,0.0
corrected_dynrag_vs_corrected,75733,0.2,2026.0,1,1,0.0,0.02663848,0.02663848,0.0,2,2,0.0,0,0,0.0,0,0,0.0
corrected_dynrag_vs_corrected,75733,0.2,2027.0,1,1,0.0,0.02663848,0.02663848,0.0,2,2,0.0,0,0,0.0,0,0,0.0
corrected_dynrag_vs_corrected,75733,0.2,2028.0,1,1,0.0,0.0248572,0.0248572,0.0,3,3,0.0,0,0,0.0,0,0,0.0
corrected_dynrag_vs_corrected,75733,0.3,2026.0,1,1,0.0,0.02663848,0.02663848,0.0,2,2,0.0,0,0,0.0,0,0,0.0
corrected_dynrag_vs_corrected,75733,0.3,2027.0,1,1,0.0,0.02663848,0.02663848,0.0,2,2,0.0,0,0,0.0,0,0,0.0
corrected_dynrag_vs_corrected,75733,0.3,2028.0,1,1,0.0,0.0060455,0.0060455,0.0,14,14,0.0,0,0,0.0,0,0,0.0
corrected_dynrag_vs_corrected,75760,0.2,2026.0,0,0,0.0,1.77575378,1.77575378,0.0,9,9,0.0,0,0,0.0,0,0,0.0
corrected_dynrag_vs_corrected,75760,0.2,2027.0,0,0,0.0,0.70457815,0.70457815,0.0,15,15,0.0,0,0,0.0,0,0,0.0
corrected_dynrag_vs_corrected,75760,0.2,2028.0,1,1,0.0,0.00327696,0.00327696,0.0,11,11,0.0,0,0,0.0,0,0,0.0
corrected_dynrag_vs_corrected,75760,0.3,2026.0,1,1,0.0,7.3e-05,7.3e-05,0.0,10,10,0.0,0,0,0.0,0,0,0.0
corrected_dynrag_vs_corrected,75760,0.3,2027.0,1,1,0.0,0.07736848,0.07736848,0.0,15,15,0.0,0,0,0.0,0,0,0.0
corrected_dynrag_vs_corrected,75760,0.3,2028.0,1,1,0.0,0.00372449,0.00372449,0.0,8,8,0.0,1,1,0.0,0,0,0.0
corrected_dynrag_vs_corrected,76630,0.2,2026.0,1,1,0.0,0.00193838,0.00193838,0.0,3,3,0.0,0,0,0.0,0,0,0.0
corrected_dynrag_vs_corrected,76630,0.2,2027.0,1,1,0.0,0.00267317,0.00267317,0.0,11,11,0.0,1,1,0.0,1,1,0.0
corrected_dynrag_vs_corrected,76630,0.2,2028.0,1,1,0.0,0.00155706,0.00155706,0.0,3,3,0.0,0,0,0.0,0,0,0.0
corrected_dynrag_vs_corrected,76630,0.3,2026.0,1,1,0.0,0.00155706,0.00155706,0.0,3,3,0.0,0,0,0.0,0,0,0.0
corrected_dynrag_vs_corrected,76630,0.3,2027.0,1,1,0.0,0.00155706,0.00155706,0.0,3,3,0.0,0,0,0.0,0,0,0.0
corrected_dynrag_vs_corrected,76630,0.3,2028.0,1,1,0.0,0.00033731,0.00033731,0.0,7,7,0.0,1,1,0.0,1,1,0.0
corrected_dynrag_vs_corrected,77351,0.2,2026.0,1,1,0.0,0.00284678,0.00284678,0.0,6,6,0.0,0,0,0.0,0,0,0.0
corrected_dynrag_vs_corrected,77351,0.2,2027.0,1,1,0.0,0.01092356,0.01092356,0.0,2,2,0.0,0,0,0.0,0,0,0.0
corrected_dynrag_vs_corrected,77351,0.2,2028.0,1,1,0.0,0.00058032,0.00058032,0.0,8,8,0.0,0,0,0.0,0,0,0.0
corrected_dynrag_vs_corrected,77351,0.3,2026.0,1,1,0.0,0.00259171,0.00259171,0.0,12,12,0.0,0,0,0.0,0,0,0.0
corrected_dynrag_vs_corrected,77351,0.3,2027.0,1,1,0.0,0.00284678,0.00284678,0.0,6,6,0.0,0,0,0.0,0,0,0.0
corrected_dynrag_vs_corrected,77351,0.3,2028.0,1,1,0.0,0.00021211,0.00021211,0.0,6,6,0.0,0,0,0.0,0,0,0.0
corrected_dynrag_vs_corrected,77455,0.2,2026.0,0,0,0.0,1.13484776,1.13484776,0.0,15,15,0.0,0,0,0.0,0,0,0.0
corrected_dynrag_vs_corrected,77455,0.2,2027.0,1,1,0.0,0.00049985,0.00049985,0.0,10,10,0.0,0,0,0.0,0,0,0.0
corrected_dynrag_vs_corrected,77455,0.2,2028.0,0,0,0.0,1.91440032,1.91440032,0.0,12,12,0.0,0,0,0.0,0,0,0.0
corrected_dynrag_vs_corrected,77455,0.3,2026.0,0,0,0.0,1.96579445,1.96579445,0.0,6,6,0.0,0,0,0.0,0,0,0.0
corrected_dynrag_vs_corrected,77455,0.3,2027.0,1,1,0.0,0.00051506,0.00051506,0.0,6,6,0.0,0,0,0.0,0,0,0.0
corrected_dynrag_vs_corrected,77455,0.3,2028.0,0,0,0.0,1.8816595,1.8816595,0.0,3,3,0.0,0,0,0.0,0,0,0.0
corrected_dynrag_vs_corrected,77692,0.2,2026.0,0,0,0.0,1.87340557,1.87340557,0.0,8,8,0.0,0,0,0.0,0,0,0.0
corrected_dynrag_vs_corrected,77692,0.2,2027.0,1,1,0.0,0.01086031,0.01086031,0.0,11,11,0.0,0,0,0.0,0,0,0.0
corrected_dynrag_vs_corrected,77692,0.2,2028.0,1,1,0.0,0.00725584,0.00725584,0.0,13,13,0.0,0,0,0.0,0,0,0.0
corrected_dynrag_vs_corrected,77692,0.3,2026.0,0,0,0.0,0.94887012,0.94887012,0.0,15,15,0.0,0,0,0.0,0,0,0.0
corrected_dynrag_vs_corrected,77692,0.3,2027.0,1,1,0.0,0.01109849,0.01109849,0.0,14,14,0.0,0,0,0.0,0,0,0.0
corrected_dynrag_vs_corrected,77692,0.3,2028.0,0,0,0.0,1.04649842,1.04649842,0.0,15,15,0.0,1,1,0.0,1,1,0.0
corrected_dynrag_vs_corrected,78017,0.2,2026.0,1,1,0.0,0.00312238,0.00312238,0.0,7,7,0.0,0,0,0.0,0,0,0.0
corrected_dynrag_vs_corrected,78017,0.2,2027.0,1,1,0.0,0.00858735,0.00858735,0.0,7,7,0.0,0,0,0.0,0,0,0.0
corrected_dynrag_vs_corrected,78017,0.2,2028.0,1,1,0.0,0.0001875,0.0001875,0.0,5,5,0.0,0,0,0.0,0,0,0.0
corrected_dynrag_vs_corrected,78017,0.3,2026.0,1,1,0.0,0.0001875,0.0001875,0.0,5,5,0.0,0,0,0.0,0,0,0.0
corrected_dynrag_vs_corrected,78017,0.3,2027.0,1,1,0.0,0.00448156,0.00448156,0.0,6,6,0.0,0,0,0.0,0,0,0.0
corrected_dynrag_vs_corrected,78017,0.3,2028.0,1,1,0.0,0.00486942,0.00486942,0.0,9,9,0.0,0,0,0.0,0,0,0.0
corrected_dynrag_vs_corrected,78162,0.2,2026.0,0,0,0.0,1.03525046,1.03525046,0.0,15,15,0.0,0,0,0.0,0,0,0.0
corrected_dynrag_vs_corrected,78162,0.2,2027.0,0,0,0.0,0.8877839,0.8877839,0.0,15,15,0.0,0,0,0.0,0,0,0.0
corrected_dynrag_vs_corrected,78162,0.2,2028.0,0,0,0.0,0.97925549,0.97925549,0.0,15,15,0.0,0,0,0.0,0,0,0.0
corrected_dynrag_vs_corrected,78162,0.3,2026.0,0,0,0.0,1.1341438,1.1341438,0.0,15,15,0.0,0,0,0.0,0,0,0.0
corrected_dynrag_vs_corrected,78162,0.3,2027.0,0,0,0.0,1.91539031,1.91539031,0.0,13,13,0.0,0,0,0.0,0,0,0.0
corrected_dynrag_vs_corrected,78162,0.3,2028.0,0,0,0.0,1.57891788,1.57891788,0.0,15,15,0.0,0,0,0.0,0,0,0.0
corrected_dynrag_vs_corrected,78207,0.2,2026.0,1,1,0.0,0.00059368,0.00059368,0.0,3,3,0.0,0,0,0.0,0,0,0.0
corrected_dynrag_vs_corrected,78207,0.2,2027.0,1,1,0.0,0.00073987,0.00073987,0.0,11,11,0.0,1,1,0.0,0,0,0.0
corrected_dynrag_vs_corrected,78207,0.2,2028.0,1,1,0.0,0.00059368,0.00059368,0.0,3,3,0.0,0,0,0.0,0,0,0.0
corrected_dynrag_vs_corrected,78207,0.3,2026.0,1,1,0.0,0.00059368,0.00059368,0.0,3,3,0.0,0,0,0.0,0,0,0.0
corrected_dynrag_vs_corrected,78207,0.3,2027.0,0,0,0.0,1.85987736,1.85987736,0.0,7,7,0.0,1,1,0.0,1,1,0.0
corrected_dynrag_vs_corrected,78207,0.3,2028.0,1,1,0.0,0.00059368,0.00059368,0.0,3,3,0.0,0,0,0.0,0,0,0.0
corrected_dynrag_vs_corrected,78225,0.2,2026.0,1,1,0.0,0.00459349,0.00459349,0.0,9,9,0.0,0,0,0.0,0,0,0.0
corrected_dynrag_vs_corrected,78225,0.2,2027.0,1,1,0.0,0.0020388,0.0020388,0.0,5,5,0.0,0,0,0.0,0,0,0.0
corrected_dynrag_vs_corrected,78225,0.2,2028.0,1,1,0.0,0.003828,0.003828,0.0,3,3,0.0,0,0,0.0,0,0,0.0
corrected_dynrag_vs_corrected,78225,0.3,2026.0,1,1,0.0,0.00134824,0.00134824,0.0,3,3,0.0,0,0,0.0,0,0,0.0
corrected_dynrag_vs_corrected,78225,0.3,2027.0,1,1,0.0,0.01259944,0.01259944,0.0,4,4,0.0,0,0,0.0,0,0,0.0
corrected_dynrag_vs_corrected,78225,0.3,2028.0,1,1,0.0,0.00148994,0.00148994,0.0,10,10,0.0,0,0,0.0,0,0,0.0
corrected_dynrag_vs_corrected,78369,0.2,2026.0,1,1,0.0,0.00320247,0.00320247,0.0,5,5,0.0,0,0,0.0,0,0,0.0
corrected_dynrag_vs_corrected,78369,0.2,2027.0,0,0,0.0,0.94741634,0.94741634,0.0,15,15,0.0,0,0,0.0,0,0,0.0
corrected_dynrag_vs_corrected,78369,0.2,2028.0,1,1,0.0,0.00539858,0.00539858,0.0,6,6,0.0,0,0,0.0,0,0,0.0
corrected_dynrag_vs_corrected,78369,0.3,2026.0,1,1,0.0,0.00320247,0.00320247,0.0,5,5,0.0,0,0,0.0,0,0,0.0
corrected_dynrag_vs_corrected,78369,0.3,2027.0,1,1,0.0,0.00031611,0.00031611,0.0,9,9,0.0,0,0,0.0,0,0,0.0
corrected_dynrag_vs_corrected,78369,0.3,2028.0,1,1,0.0,0.00134539,0.00134539,0.0,8,8,0.0,0,0,0.0,0,0,0.0
corrected_dynrag_vs_corrected,7861,0.2,2026.0,1,1,0.0,0.00370761,0.00370761,0.0,6,6,0.0,0,0,0.0,0,0,0.0
corrected_dynrag_vs_corrected,7861,0.2,2027.0,1,1,0.0,0.00427051,0.00427051,0.0,7,7,0.0,0,0,0.0,0,0,0.0
corrected_dynrag_vs_corrected,7861,0.2,2028.0,1,1,0.0,0.83191701,0.83191701,0.0,15,15,0.0,0,0,0.0,0,0,0.0
corrected_dynrag_vs_corrected,7861,0.3,2026.0,1,1,0.0,0.73047459,0.73047459,0.0,15,15,0.0,0,0,0.0,0,0,0.0
corrected_dynrag_vs_corrected,7861,0.3,2027.0,1,1,0.0,0.8923694,0.8923694,0.0,15,15,0.0,0,0,0.0,0,0,0.0
corrected_dynrag_vs_corrected,7861,0.3,2028.0,1,1,0.0,0.010878,0.010878,0.0,6,6,0.0,0,0,0.0,0,0,0.0
corrected_dynrag_vs_corrected,80212,0.2,2026.0,0,0,0.0,1.77362511,1.77362511,0.0,4,4,0.0,0,0,0.0,0,0,0.0
corrected_dynrag_vs_corrected,80212,0.2,2027.0,1,1,0.0,0.00874114,0.00874114,0.0,7,7,0.0,0,0,0.0,0,0,0.0
corrected_dynrag_vs_corrected,80212,0.2,2028.0,1,1,0.0,0.00241334,0.00241334,0.0,5,5,0.0,0,0,0.0,0,0,0.0
corrected_dynrag_vs_corrected,80212,0.3,2026.0,1,1,0.0,0.00408806,0.00408806,0.0,10,10,0.0,0,0,0.0,0,0,0.0
corrected_dynrag_vs_corrected,80212,0.3,2027.0,0,0,0.0,1.77775167,1.77775167,0.0,10,10,0.0,0,0,0.0,0,0,0.0
corrected_dynrag_vs_corrected,80212,0.3,2028.0,1,1,0.0,0.00810725,0.00810725,0.0,8,8,0.0,0,0,0.0,0,0,0.0
corrected_dynrag_vs_corrected,80277,0.2,2026.0,1,1,0.0,0.00385067,0.00385067,0.0,7,7,0.0,0,0,0.0,0,0,0.0
corrected_dynrag_vs_corrected,80277,0.2,2027.0,1,1,0.0,3.97e-05,3.97e-05,0.0,5,5,0.0,0,0,0.0,0,0,0.0
corrected_dynrag_vs_corrected,80277,0.2,2028.0,1,1,0.0,3.972e-05,3.972e-05,0.0,6,6,0.0,0,0,0.0,0,0,0.0
corrected_dynrag_vs_corrected,80277,0.3,2026.0,1,1,0.0,0.00571327,0.00571327,0.0,11,11,0.0,1,1,0.0,0,0,0.0
corrected_dynrag_vs_corrected,80277,0.3,2027.0,0,0,0.0,1.15384027,1.15384027,0.0,15,15,0.0,0,0,0.0,0,0,0.0
corrected_dynrag_vs_corrected,80277,0.3,2028.0,0,0,0.0,1.93206207,1.93206207,0.0,9,9,0.0,0,0,0.0,0,0,0.0
corrected_dynrag_vs_corrected,81601,0.2,2026.0,0,0,0.0,1.86598872,1.86598872,0.0,2,2,0.0,0,0,0.0,0,0,0.0
corrected_dynrag_vs_corrected,81601,0.2,2027.0,1,1,0.0,0.00717843,0.00717843,0.0,4,4,0.0,0,0,0.0,0,0,0.0
corrected_dynrag_vs_corrected,81601,0.2,2028.0,1,1,0.0,0.00717843,0.00717843,0.0,4,4,0.0,0,0,0.0,0,0,0.0
corrected_dynrag_vs_corrected,81601,0.3,2026.0,1,1,0.0,0.00717843,0.00717843,0.0,4,4,0.0,0,0,0.0,0,0,0.0
corrected_dynrag_vs_corrected,81601,0.3,2027.0,1,1,0.0,0.00717843,0.00717843,0.0,4,4,0.0,0,0,0.0,0,0,0.0
corrected_dynrag_vs_corrected,81601,0.3,2028.0,0,0,0.0,1.87751853,1.87751853,0.0,3,3,0.0,0,0,0.0,0,0,0.0
corrected_dynrag_vs_corrected,82888,0.2,2026.0,0,0,0.0,0.95998442,0.95998442,0.0,15,15,0.0,0,0,0.0,0,0,0.0
corrected_dynrag_vs_corrected,82888,0.2,2027.0,1,1,0.0,0.00335533,0.00335533,0.0,12,12,0.0,0,0,0.0,0,0,0.0
corrected_dynrag_vs_corrected,82888,0.2,2028.0,1,1,0.0,0.00100569,0.00100569,0.0,15,15,0.0,0,0,0.0,0,0,0.0
corrected_dynrag_vs_corrected,82888,0.3,2026.0,0,0,0.0,1.90150932,1.90150932,0.0,6,6,0.0,0,0,0.0,0,0,0.0
corrected_dynrag_vs_corrected,82888,0.3,2027.0,0,0,0.0,1.54880975,1.54880975,0.0,15,15,0.0,0,0,0.0,0,0,0.0
corrected_dynrag_vs_corrected,82888,0.3,2028.0,0,0,0.0,0.92311751,0.92311751,0.0,15,15,0.0,0,0,0.0,0,0,0.0
corrected_dynrag_vs_corrected,8310,0.2,2026.0,0,0,0.0,1.84015815,1.84015815,0.0,7,7,0.0,0,0,0.0,0,0,0.0
corrected_dynrag_vs_corrected,8310,0.2,2027.0,1,1,0.0,0.05202777,0.05202777,0.0,15,15,0.0,0,0,0.0,0,0,0.0
corrected_dynrag_vs_corrected,8310,0.2,2028.0,0,0,0.0,1.0554724,1.0554724,0.0,15,15,0.0,0,0,0.0,0,0,0.0
corrected_dynrag_vs_corrected,8310,0.3,2026.0,0,0,0.0,1.73588396,1.73588396,0.0,11,11,0.0,1,1,0.0,0,0,0.0
corrected_dynrag_vs_corrected,8310,0.3,2027.0,0,0,0.0,1.02090455,1.02090455,0.0,15,15,0.0,0,0,0.0,0,0,0.0
corrected_dynrag_vs_corrected,8310,0.3,2028.0,1,1,0.0,0.00100062,0.00100062,0.0,11,11,0.0,0,0,0.0,0,0,0.0
corrected_dynrag_vs_corrected,83138,0.2,2026.0,1,1,0.0,0.00453411,0.00453411,0.0,4,4,0.0,0,0,0.0,0,0,0.0
corrected_dynrag_vs_corrected,83138,0.2,2027.0,1,1,0.0,0.00128531,0.00128531,0.0,7,7,0.0,0,0,0.0,0,0,0.0
corrected_dynrag_vs_corrected,83138,0.2,2028.0,1,1,0.0,0.00625652,0.00625652,0.0,5,5,0.0,0,0,0.0,0,0,0.0
corrected_dynrag_vs_corrected,83138,0.3,2026.0,1,1,0.0,0.00106937,0.00106937,0.0,6,6,0.0,0,0,0.0,0,0,0.0
corrected_dynrag_vs_corrected,83138,0.3,2027.0,1,1,0.0,0.01790624,0.01790624,0.0,6,6,0.0,0,0,0.0,0,0,0.0
corrected_dynrag_vs_corrected,83138,0.3,2028.0,1,1,0.0,0.00257982,0.00257982,0.0,5,5,0.0,0,0,0.0,0,0,0.0
corrected_dynrag_vs_corrected,83767,0.2,2026.0,1,1,0.0,4.493e-05,4.493e-05,0.0,13,13,0.0,0,0,0.0,0,0,0.0
corrected_dynrag_vs_corrected,83767,0.2,2027.0,1,1,0.0,0.00304709,0.00304709,0.0,3,3,0.0,0,0,0.0,0,0,0.0
corrected_dynrag_vs_corrected,83767,0.2,2028.0,1,1,0.0,0.00253979,0.00253979,0.0,5,5,0.0,0,0,0.0,0,0,0.0
corrected_dynrag_vs_corrected,83767,0.3,2026.0,1,1,0.0,0.00021924,0.00021924,0.0,5,5,0.0,0,0,0.0,0,0,0.0
corrected_dynrag_vs_corrected,83767,0.3,2027.0,1,1,0.0,0.00280941,0.00280941,0.0,14,14,0.0,0,0,0.0,0,0,0.0
corrected_dynrag_vs_corrected,83767,0.3,2028.0,1,1,0.0,0.00304709,0.00304709,0.0,3,3,0.0,0,0,0.0,0,0,0.0
corrected_dynrag_vs_corrected,83868,0.2,2026.0,1,1,0.0,0.01915245,0.01915245,0.0,2,2,0.0,0,0,0.0,0,0,0.0
corrected_dynrag_vs_corrected,83868,0.2,2027.0,1,1,0.0,0.01915245,0.01915245,0.0,2,2,0.0,0,0,0.0,0,0,0.0
corrected_dynrag_vs_corrected,83868,0.2,2028.0,1,1,0.0,0.00153811,0.00153811,0.0,2,2,0.0,0,0,0.0,0,0,0.0
corrected_dynrag_vs_corrected,83868,0.3,2026.0,1,1,0.0,0.00153811,0.00153811,0.0,2,2,0.0,0,0,0.0,0,0,0.0
corrected_dynrag_vs_corrected,83868,0.3,2027.0,1,1,0.0,0.00153811,0.00153811,0.0,2,2,0.0,0,0,0.0,0,0,0.0
corrected_dynrag_vs_corrected,83868,0.3,2028.0,1,1,0.0,0.02060125,0.02060125,0.0,2,2,0.0,0,0,0.0,0,0,0.0
corrected_dynrag_vs_corrected,84221,0.2,2026.0,1,1,0.0,0.00153811,0.00153811,0.0,2,2,0.0,0,0,0.0,0,0,0.0
corrected_dynrag_vs_corrected,84221,0.2,2027.0,1,1,0.0,0.02993334,0.02993334,0.0,3,3,0.0,0,0,0.0,0,0,0.0
corrected_dynrag_vs_corrected,84221,0.2,2028.0,1,1,0.0,0.00153811,0.00153811,0.0,2,2,0.0,0,0,0.0,0,0,0.0
corrected_dynrag_vs_corrected,84221,0.3,2026.0,1,1,0.0,0.02061492,0.02061492,0.0,2,2,0.0,0,0,0.0,0,0,0.0
corrected_dynrag_vs_corrected,84221,0.3,2027.0,1,1,0.0,0.00153811,0.00153811,0.0,2,2,0.0,0,0,0.0,0,0,0.0
corrected_dynrag_vs_corrected,84221,0.3,2028.0,1,1,0.0,0.02037717,0.02037717,0.0,3,3,0.0,0,0,0.0,0,0,0.0
corrected_dynrag_vs_corrected,84233,0.2,2026.0,1,1,0.0,0.01761458,0.01761458,0.0,1,1,0.0,0,0,0.0,0,0,0.0
corrected_dynrag_vs_corrected,84233,0.2,2027.0,1,1,0.0,0.01761458,0.01761458,0.0,1,1,0.0,0,0,0.0,0,0,0.0
corrected_dynrag_vs_corrected,84233,0.2,2028.0,1,1,0.0,0.01761458,0.01761458,0.0,1,1,0.0,0,0,0.0,0,0,0.0
corrected_dynrag_vs_corrected,84233,0.3,2026.0,1,1,0.0,0.01761458,0.01761458,0.0,1,1,0.0,0,0,0.0,0,0,0.0
corrected_dynrag_vs_corrected,84233,0.3,2027.0,1,1,0.0,0.00045694,0.00045694,0.0,12,12,0.0,0,0,0.0,0,0,0.0
corrected_dynrag_vs_corrected,84233,0.3,2028.0,1,1,0.0,0.01761458,0.01761458,0.0,1,1,0.0,0,0,0.0,0,0,0.0
corrected_dynrag_vs_corrected,84903,0.2,2026.0,1,1,0.0,0.00042708,0.00042708,0.0,9,9,0.0,0,0,0.0,0,0,0.0
corrected_dynrag_vs_corrected,84903,0.2,2027.0,1,1,0.0,0.00077612,0.00077612,0.0,9,9,0.0,0,0,0.0,0,0,0.0
corrected_dynrag_vs_corrected,84903,0.2,2028.0,0,0,0.0,1.8062154,1.8062154,0.0,4,4,0.0,0,0,0.0,0,0,0.0
corrected_dynrag_vs_corrected,84903,0.3,2026.0,1,1,0.0,0.00040997,0.00040997,0.0,7,7,0.0,0,0,0.0,0,0,0.0
corrected_dynrag_vs_corrected,84903,0.3,2027.0,1,1,0.0,3.388e-05,3.388e-05,0.0,8,8,0.0,0,0,0.0,0,0,0.0
corrected_dynrag_vs_corrected,84903,0.3,2028.0,1,1,0.0,0.00043662,0.00043662,0.0,10,10,0.0,0,0,0.0,0,0,0.0
corrected_dynrag_vs_corrected,85727,0.2,2026.0,1,1,0.0,0.76382898,0.76382898,0.0,15,15,0.0,0,0,0.0,0,0,0.0
corrected_dynrag_vs_corrected,85727,0.2,2027.0,0,0,0.0,0.92876382,0.92876382,0.0,15,15,0.0,0,0,0.0,0,0,0.0
corrected_dynrag_vs_corrected,85727,0.2,2028.0,0,0,0.0,0.9469752,0.9469752,0.0,15,15,0.0,0,0,0.0,0,0,0.0
corrected_dynrag_vs_corrected,85727,0.3,2026.0,0,0,0.0,1.35711054,1.35711054,0.0,15,15,0.0,0,0,0.0,0,0,0.0
corrected_dynrag_vs_corrected,85727,0.3,2027.0,1,1,0.0,0.85854768,0.85854768,0.0,15,15,0.0,0,0,0.0,0,0,0.0
corrected_dynrag_vs_corrected,85727,0.3,2028.0,0,0,0.0,0.91037913,0.91037913,0.0,15,15,0.0,0,0,0.0,0,0,0.0
corrected_dynrag_vs_corrected,85736,0.2,2026.0,1,1,0.0,0.0005021,0.0005021,0.0,5,5,0.0,0,0,0.0,0,0,0.0
corrected_dynrag_vs_corrected,85736,0.2,2027.0,1,1,0.0,0.0005021,0.0005021,0.0,5,5,0.0,0,0,0.0,0,0,0.0
corrected_dynrag_vs_corrected,85736,0.2,2028.0,1,1,0.0,0.00979362,0.00979362,0.0,5,5,0.0,0,0,0.0,0,0,0.0
corrected_dynrag_vs_corrected,85736,0.3,2026.0,0,0,0.0,0.90453588,0.90453588,0.0,15,15,0.0,0,0,0.0,0,0,0.0
corrected_dynrag_vs_corrected,85736,0.3,2027.0,1,1,0.0,0.01327964,0.01327964,0.0,4,4,0.0,0,0,0.0,0,0,0.0
corrected_dynrag_vs_corrected,85736,0.3,2028.0,1,1,0.0,0.01280879,0.01280879,0.0,5,5,0.0,0,0,0.0,0,0,0.0
corrected_dynrag_vs_corrected,85911,0.2,2026.0,0,0,0.0,0.95234012,0.95234012,0.0,15,15,0.0,0,0,0.0,0,0,0.0
corrected_dynrag_vs_corrected,85911,0.2,2027.0,1,1,0.0,0.82039188,0.82039188,0.0,15,15,0.0,0,0,0.0,0,0,0.0
corrected_dynrag_vs_corrected,85911,0.2,2028.0,0,0,0.0,1.88687681,1.88687681,0.0,15,15,0.0,1,1,0.0,0,0,0.0
corrected_dynrag_vs_corrected,85911,0.3,2026.0,0,0,0.0,1.70396039,1.70396039,0.0,14,14,0.0,0,0,0.0,0,0,0.0
corrected_dynrag_vs_corrected,85911,0.3,2027.0,0,0,0.0,1.01451214,1.01451214,0.0,15,15,0.0,0,0,0.0,0,0,0.0
corrected_dynrag_vs_corrected,85911,0.3,2028.0,0,0,0.0,1.3197158,1.3197158,0.0,15,15,0.0,0,0,0.0,0,0,0.0
corrected_dynrag_vs_corrected,86202,0.2,2026.0,0,0,0.0,1.93171838,1.93171838,0.0,11,11,0.0,0,0,0.0,0,0,0.0
corrected_dynrag_vs_corrected,86202,0.2,2027.0,1,1,0.0,0.00966427,0.00966427,0.0,5,5,0.0,0,0,0.0,0,0,0.0
corrected_dynrag_vs_corrected,86202,0.2,2028.0,1,1,0.0,0.00130237,0.00130237,0.0,4,4,0.0,0,0,0.0,0,0,0.0
corrected_dynrag_vs_corrected,86202,0.3,2026.0,1,1,0.0,0.00130237,0.00130237,0.0,4,4,0.0,0,0,0.0,0,0,0.0
corrected_dynrag_vs_corrected,86202,0.3,2027.0,1,1,0.0,0.01186348,0.01186348,0.0,8,8,0.0,1,1,0.0,1,1,0.0
corrected_dynrag_vs_corrected,86202,0.3,2028.0,0,0,0.0,1.20631308,1.20631308,0.0,15,15,0.0,0,0,0.0,0,0,0.0
corrected_dynrag_vs_corrected,86739,0.2,2026.0,0,0,0.0,1.83920148,1.83920148,0.0,15,15,0.0,0,0,0.0,0,0,0.0
corrected_dynrag_vs_corrected,86739,0.2,2027.0,1,1,0.0,0.45503617,0.45503617,0.0,15,15,0.0,0,0,0.0,0,0,0.0
corrected_dynrag_vs_corrected,86739,0.2,2028.0,0,0,0.0,0.92686505,0.92686505,0.0,15,15,0.0,0,0,0.0,0,0,0.0
corrected_dynrag_vs_corrected,86739,0.3,2026.0,1,1,0.0,0.00336418,0.00336418,0.0,10,10,0.0,0,0,0.0,0,0,0.0
corrected_dynrag_vs_corrected,86739,0.3,2027.0,1,1,0.0,0.01114766,0.01114766,0.0,14,14,0.0,1,1,0.0,0,0,0.0
corrected_dynrag_vs_corrected,86739,0.3,2028.0,0,0,0.0,1.02386558,1.02386558,0.0,15,15,0.0,0,0,0.0,0,0,0.0
corrected_dynrag_vs_corrected,87344,0.2,2026.0,1,1,0.0,0.00838825,0.00838825,0.0,3,3,0.0,0,0,0.0,0,0,0.0
corrected_dynrag_vs_corrected,87344,0.2,2027.0,1,1,0.0,0.00037456,0.00037456,0.0,4,4,0.0,0,0,0.0,0,0,0.0
corrected_dynrag_vs_corrected,87344,0.2,2028.0,1,1,0.0,0.00838825,0.00838825,0.0,3,3,0.0,0,0,0.0,0,0,0.0
corrected_dynrag_vs_corrected,87344,0.3,2026.0,1,1,0.0,0.00838825,0.00838825,0.0,3,3,0.0,0,0,0.0,0,0,0.0
corrected_dynrag_vs_corrected,87344,0.3,2027.0,1,1,0.0,0.00668492,0.00668492,0.0,5,5,0.0,0,0,0.0,0,0,0.0
corrected_dynrag_vs_corrected,87344,0.3,2028.0,1,1,0.0,0.00386728,0.00386728,0.0,9,9,0.0,1,1,0.0,0,0,0.0
corrected_dynrag_vs_corrected,87604,0.2,2026.0,1,1,0.0,0.01359522,0.01359522,0.0,12,12,0.0,0,0,0.0,0,0,0.0
corrected_dynrag_vs_corrected,87604,0.2,2027.0,1,1,0.0,0.00673504,0.00673504,0.0,6,6,0.0,0,0,0.0,0,0,0.0
corrected_dynrag_vs_corrected,87604,0.2,2028.0,1,1,0.0,0.01213867,0.01213867,0.0,6,6,0.0,1,1,0.0,0,0,0.0
corrected_dynrag_vs_corrected,87604,0.3,2026.0,1,1,0.0,0.00027906,0.00027906,0.0,7,7,0.0,1,1,0.0,1,1,0.0
corrected_dynrag_vs_corrected,87604,0.3,2027.0,1,1,0.0,0.00682428,0.00682428,0.0,7,7,0.0,0,0,0.0,0,0,0.0
corrected_dynrag_vs_corrected,87604,0.3,2028.0,1,1,0.0,0.00673504,0.00673504,0.0,6,6,0.0,0,0,0.0,0,0,0.0
corrected_dynrag_vs_corrected,88032,0.2,2026.0,0,0,0.0,0.99805118,0.99805118,0.0,15,15,0.0,0,0,0.0,0,0,0.0
corrected_dynrag_vs_corrected,88032,0.2,2027.0,0,0,0.0,1.02136627,1.02136627,0.0,15,15,0.0,0,0,0.0,0,0,0.0
corrected_dynrag_vs_corrected,88032,0.2,2028.0,0,0,0.0,1.53347716,1.53347716,0.0,15,15,0.0,0,0,0.0,0,0,0.0
corrected_dynrag_vs_corrected,88032,0.3,2026.0,0,0,0.0,1.0533311,1.0533311,0.0,15,15,0.0,0,0,0.0,0,0,0.0
corrected_dynrag_vs_corrected,88032,0.3,2027.0,0,0,0.0,1.08647112,1.08647112,0.0,15,15,0.0,0,0,0.0,0,0,0.0
corrected_dynrag_vs_corrected,88032,0.3,2028.0,0,0,0.0,1.0222309,1.0222309,0.0,15,15,0.0,0,0,0.0,0,0,0.0
corrected_dynrag_vs_corrected,89009,0.2,2026.0,1,1,0.0,0.00011683,0.00011683,0.0,10,10,0.0,1,1,0.0,0,0,0.0
corrected_dynrag_vs_corrected,89009,0.2,2027.0,1,1,0.0,0.00033847,0.00033847,0.0,11,11,0.0,0,0,0.0,0,0,0.0
corrected_dynrag_vs_corrected,89009,0.2,2028.0,0,0,0.0,1.10696102,1.10696102,0.0,15,15,0.0,0,0,0.0,0,0,0.0
corrected_dynrag_vs_corrected,89009,0.3,2026.0,1,1,0.0,0.04878361,0.04878361,0.0,15,15,0.0,0,0,0.0,0,0,0.0
corrected_dynrag_vs_corrected,89009,0.3,2027.0,1,1,0.0,0.03743351,0.03743351,0.0,9,9,0.0,0,0,0.0,0,0,0.0
corrected_dynrag_vs_corrected,89009,0.3,2028.0,0,0,0.0,1.95876596,1.95876596,0.0,14,14,0.0,0,0,0.0,0,0,0.0
corrected_dynrag_vs_corrected,89256,0.2,2026.0,1,1,0.0,0.02914778,0.02914778,0.0,1,1,0.0,0,0,0.0,0,0,0.0
corrected_dynrag_vs_corrected,89256,0.2,2027.0,1,1,0.0,0.02914778,0.02914778,0.0,1,1,0.0,0,0,0.0,0,0,0.0
corrected_dynrag_vs_corrected,89256,0.2,2028.0,1,1,0.0,0.02914778,0.02914778,0.0,1,1,0.0,0,0,0.0,0,0,0.0
corrected_dynrag_vs_corrected,89256,0.3,2026.0,1,1,0.0,0.02914778,0.02914778,0.0,1,1,0.0,0,0,0.0,0,0,0.0
corrected_dynrag_vs_corrected,89256,0.3,2027.0,1,1,0.0,0.46859113,0.46859113,0.0,15,15,0.0,0,0,0.0,0,0,0.0
corrected_dynrag_vs_corrected,89256,0.3,2028.0,1,1,0.0,0.02914778,0.02914778,0.0,1,1,0.0,0,0,0.0,0,0,0.0
corrected_dynrag_vs_corrected,89859,0.2,2026.0,1,1,0.0,0.00114103,0.00114103,0.0,2,2,0.0,0,0,0.0,0,0,0.0
corrected_dynrag_vs_corrected,89859,0.2,2027.0,1,1,0.0,0.00114103,0.00114103,0.0,2,2,0.0,0,0,0.0,0,0,0.0
corrected_dynrag_vs_corrected,89859,0.2,2028.0,1,1,0.0,0.00114103,0.00114103,0.0,2,2,0.0,0,0,0.0,0,0,0.0
corrected_dynrag_vs_corrected,89859,0.3,2026.0,1,1,0.0,0.00869123,0.00869123,0.0,4,4,0.0,0,0,0.0,0,0,0.0
corrected_dynrag_vs_corrected,89859,0.3,2027.0,0,0,0.0,1.8603642,1.8603642,0.0,3,3,0.0,0,0,0.0,0,0,0.0
corrected_dynrag_vs_corrected,89859,0.3,2028.0,1,1,0.0,0.00225171,0.00225171,0.0,2,2,0.0,0,0,0.0,0,0,0.0
corrected_dynrag_vs_corrected,90251,0.2,2026.0,1,1,0.0,0.00017422,0.00017422,0.0,5,5,0.0,0,0,0.0,0,0,0.0
corrected_dynrag_vs_corrected,90251,0.2,2027.0,1,1,0.0,0.00017422,0.00017422,0.0,5,5,0.0,0,0,0.0,0,0,0.0
corrected_dynrag_vs_corrected,90251,0.2,2028.0,1,1,0.0,0.00020523,0.00020523,0.0,5,5,0.0,0,0,0.0,0,0,0.0
corrected_dynrag_vs_corrected,90251,0.3,2026.0,1,1,0.0,0.00389061,0.00389061,0.0,6,6,0.0,0,0,0.0,0,0,0.0
corrected_dynrag_vs_corrected,90251,0.3,2027.0,1,1,0.0,0.00074415,0.00074415,0.0,10,10,0.0,1,1,0.0,1,1,0.0
corrected_dynrag_vs_corrected,90251,0.3,2028.0,1,1,0.0,0.00327669,0.00327669,0.0,6,6,0.0,1,1,0.0,0,0,0.0
corrected_dynrag_vs_corrected,90954,0.2,2026.0,1,1,0.0,0.0001808,0.0001808,0.0,10,10,0.0,0,0,0.0,0,0,0.0
corrected_dynrag_vs_corrected,90954,0.2,2027.0,1,1,0.0,0.0016719,0.0016719,0.0,7,7,0.0,0,0,0.0,0,0,0.0
corrected_dynrag_vs_corrected,90954,0.2,2028.0,1,1,0.0,0.00027714,0.00027714,0.0,7,7,0.0,0,0,0.0,0,0,0.0
corrected_dynrag_vs_corrected,90954,0.3,2026.0,1,1,0.0,0.00024714,0.00024714,0.0,10,10,0.0,0,0,0.0,0,0,0.0
corrected_dynrag_vs_corrected,90954,0.3,2027.0,0,0,0.0,1.86347023,1.86347023,0.0,4,4,0.0,0,0,0.0,0,0,0.0
corrected_dynrag_vs_corrected,90954,0.3,2028.0,1,1,0.0,0.00028924,0.00028924,0.0,7,7,0.0,0,0,0.0,0,0,0.0
corrected_dynrag_vs_corrected,92532,0.2,2026.0,0,0,0.0,1.0088932,1.0088932,0.0,15,15,0.0,0,0,0.0,0,0,0.0
corrected_dynrag_vs_corrected,92532,0.2,2027.0,0,0,0.0,1.10020159,1.10020159,0.0,15,15,0.0,0,0,0.0,0,0,0.0
corrected_dynrag_vs_corrected,92532,0.2,2028.0,0,0,0.0,1.2634748,1.2634748,0.0,15,15,0.0,0,0,0.0,0,0,0.0
corrected_dynrag_vs_corrected,92532,0.3,2026.0,0,0,0.0,0.94471265,0.94471265,0.0,15,15,0.0,0,0,0.0,0,0,0.0
corrected_dynrag_vs_corrected,92532,0.3,2027.0,0,0,0.0,1.96222743,1.96222743,0.0,11,11,0.0,0,0,0.0,0,0,0.0
corrected_dynrag_vs_corrected,92532,0.3,2028.0,0,0,0.0,0.99469692,0.99469692,0.0,15,15,0.0,0,0,0.0,0,0,0.0
corrected_dynrag_vs_corrected,92863,0.2,2026.0,1,1,0.0,0.06215323,0.06215323,0.0,3,3,0.0,0,0,0.0,0,0,0.0
corrected_dynrag_vs_corrected,92863,0.2,2027.0,1,1,0.0,0.02914778,0.02914778,0.0,1,1,0.0,0,0,0.0,0,0,0.0
corrected_dynrag_vs_corrected,92863,0.2,2028.0,1,1,0.0,0.02914778,0.02914778,0.0,1,1,0.0,0,0,0.0,0,0,0.0
corrected_dynrag_vs_corrected,92863,0.3,2026.0,1,1,0.0,0.02914778,0.02914778,0.0,1,1,0.0,0,0,0.0,0,0,0.0
corrected_dynrag_vs_corrected,92863,0.3,2027.0,1,1,0.0,0.02914778,0.02914778,0.0,1,1,0.0,0,0,0.0,0,0,0.0
corrected_dynrag_vs_corrected,92863,0.3,2028.0,1,1,0.0,0.04095896,0.04095896,0.0,13,13,0.0,0,0,0.0,0,0,0.0
corrected_dynrag_vs_corrected,92888,0.2,2026.0,1,1,0.0,0.00057591,0.00057591,0.0,10,10,0.0,0,0,0.0,0,0,0.0
corrected_dynrag_vs_corrected,92888,0.2,2027.0,0,0,0.0,1.26897278,1.26897278,0.0,15,15,0.0,0,0,0.0,0,0,0.0
corrected_dynrag_vs_corrected,92888,0.2,2028.0,0,0,0.0,1.01430873,1.01430873,0.0,15,15,0.0,1,1,0.0,1,1,0.0
corrected_dynrag_vs_corrected,92888,0.3,2026.0,1,1,0.0,0.00047523,0.00047523,0.0,10,10,0.0,0,0,0.0,0,0,0.0
corrected_dynrag_vs_corrected,92888,0.3,2027.0,1,1,0.0,0.00114404,0.00114404,0.0,14,14,0.0,0,0,0.0,0,0,0.0
corrected_dynrag_vs_corrected,92888,0.3,2028.0,0,0,0.0,1.86197559,1.86197559,0.0,3,3,0.0,0,0,0.0,0,0,0.0
corrected_dynrag_vs_corrected,92927,0.2,2026.0,1,1,0.0,0.00627849,0.00627849,0.0,15,15,0.0,0,0,0.0,0,0,0.0
corrected_dynrag_vs_corrected,92927,0.2,2027.0,1,1,0.0,0.00296377,0.00296377,0.0,8,8,0.0,0,0,0.0,0,0,0.0
corrected_dynrag_vs_corrected,92927,0.2,2028.0,1,1,0.0,0.0001977,0.0001977,0.0,13,13,0.0,0,0,0.0,0,0,0.0
corrected_dynrag_vs_corrected,92927,0.3,2026.0,0,0,0.0,1.85283647,1.85283647,0.0,12,12,0.0,0,0,0.0,0,0,0.0
corrected_dynrag_vs_corrected,92927,0.3,2027.0,1,1,0.0,0.78876463,0.78876463,0.0,15,15,0.0,0,0,0.0,0,0,0.0
corrected_dynrag_vs_corrected,92927,0.3,2028.0,1,1,0.0,0.49303778,0.49303778,0.0,15,15,0.0,0,0,0.0,0,0,0.0
corrected_dynrag_vs_corrected,92941,0.2,2026.0,0,0,0.0,1.0508556,1.0508556,0.0,15,15,0.0,0,0,0.0,0,0,0.0
corrected_dynrag_vs_corrected,92941,0.2,2027.0,0,0,0.0,0.99975652,0.99975652,0.0,15,15,0.0,0,0,0.0,0,0,0.0
corrected_dynrag_vs_corrected,92941,0.2,2028.0,0,0,0.0,1.03196783,1.03196783,0.0,15,15,0.0,0,0,0.0,0,0,0.0
corrected_dynrag_vs_corrected,92941,0.3,2026.0,0,0,0.0,1.21677843,1.21677843,0.0,15,15,0.0,0,0,0.0,0,0,0.0
corrected_dynrag_vs_corrected,92941,0.3,2027.0,0,0,0.0,1.16285699,1.16285699,0.0,15,15,0.0,0,0,0.0,0,0,0.0
corrected_dynrag_vs_corrected,92941,0.3,2028.0,0,0,0.0,1.74009868,1.74009868,0.0,5,5,0.0,0,0,0.0,0,0,0.0
corrected_dynrag_vs_corrected,93872,0.2,2026.0,1,1,0.0,0.00160995,0.00160995,0.0,2,2,0.0,0,0,0.0,0,0,0.0
corrected_dynrag_vs_corrected,93872,0.2,2027.0,1,1,0.0,0.00181607,0.00181607,0.0,5,5,0.0,0,0,0.0,0,0,0.0
corrected_dynrag_vs_corrected,93872,0.2,2028.0,1,1,0.0,0.00903552,0.00903552,0.0,4,4,0.0,0,0,0.0,0,0,0.0
corrected_dynrag_vs_corrected,93872,0.3,2026.0,1,1,0.0,0.00365075,0.00365075,0.0,2,2,0.0,0,0,0.0,0,0,0.0
corrected_dynrag_vs_corrected,93872,0.3,2027.0,1,1,0.0,0.00160995,0.00160995,0.0,2,2,0.0,0,0,0.0,0,0,0.0
corrected_dynrag_vs_corrected,93872,0.3,2028.0,1,1,0.0,0.00161672,0.00161672,0.0,3,3,0.0,0,0,0.0,0,0,0.0
corrected_dynrag_vs_corrected,94518,0.2,2026.0,1,1,0.0,0.00415588,0.00415588,0.0,3,3,0.0,0,0,0.0,0,0,0.0
corrected_dynrag_vs_corrected,94518,0.2,2027.0,1,1,0.0,0.0007524,0.0007524,0.0,3,3,0.0,0,0,0.0,0,0,0.0
corrected_dynrag_vs_corrected,94518,0.2,2028.0,1,1,0.0,0.0007524,0.0007524,0.0,3,3,0.0,0,0,0.0,0,0,0.0
corrected_dynrag_vs_corrected,94518,0.3,2026.0,1,1,0.0,0.00641084,0.00641084,0.0,6,6,0.0,0,0,0.0,0,0,0.0
corrected_dynrag_vs_corrected,94518,0.3,2027.0,1,1,0.0,0.01056549,0.01056549,0.0,5,5,0.0,0,0,0.0,0,0,0.0
corrected_dynrag_vs_corrected,94518,0.3,2028.0,1,1,0.0,0.0007524,0.0007524,0.0,3,3,0.0,0,0,0.0,0,0,0.0
corrected_dynrag_vs_corrected,95569,0.2,2026.0,1,1,0.0,0.01277118,0.01277118,0.0,14,14,0.0,0,0,0.0,0,0,0.0
corrected_dynrag_vs_corrected,95569,0.2,2027.0,1,1,0.0,0.00528397,0.00528397,0.0,9,9,0.0,0,0,0.0,0,0,0.0
corrected_dynrag_vs_corrected,95569,0.2,2028.0,1,1,0.0,0.63787834,0.63787834,0.0,15,15,0.0,0,0,0.0,0,0,0.0
corrected_dynrag_vs_corrected,95569,0.3,2026.0,0,0,0.0,1.83976075,1.83976075,0.0,3,3,0.0,0,0,0.0,0,0,0.0
corrected_dynrag_vs_corrected,95569,0.3,2027.0,0,0,0.0,0.92363277,0.92363277,0.0,15,15,0.0,0,0,0.0,0,0,0.0
corrected_dynrag_vs_corrected,95569,0.3,2028.0,1,1,0.0,0.48671636,0.48671636,0.0,15,15,0.0,0,0,0.0,0,0,0.0
corrected_dynrag_vs_corrected,9636,0.2,2026.0,1,1,0.0,0.00038404,0.00038404,0.0,4,4,0.0,0,0,0.0,0,0,0.0
corrected_dynrag_vs_corrected,9636,0.2,2027.0,1,1,0.0,0.03282905,0.03282905,0.0,4,4,0.0,0,0,0.0,0,0,0.0
corrected_dynrag_vs_corrected,9636,0.2,2028.0,1,1,0.0,0.00859624,0.00859624,0.0,2,2,0.0,0,0,0.0,0,0,0.0
corrected_dynrag_vs_corrected,9636,0.3,2026.0,1,1,0.0,0.00885246,0.00885246,0.0,8,8,0.0,0,0,0.0,0,0,0.0
corrected_dynrag_vs_corrected,9636,0.3,2027.0,1,1,0.0,0.0030313,0.0030313,0.0,3,3,0.0,0,0,0.0,0,0,0.0
corrected_dynrag_vs_corrected,9636,0.3,2028.0,1,1,0.0,0.0049747,0.0049747,0.0,2,2,0.0,0,0,0.0,0,0,0.0
corrected_dynrag_vs_corrected,97191,0.2,2026.0,0,0,0.0,1.40828164,1.40828164,0.0,15,15,0.0,1,1,0.0,1,1,0.0
corrected_dynrag_vs_corrected,97191,0.2,2027.0,1,1,0.0,0.00661148,0.00661148,0.0,12,12,0.0,0,0,0.0,0,0,0.0
corrected_dynrag_vs_corrected,97191,0.2,2028.0,0,0,0.0,0.93106594,0.93106594,0.0,15,15,0.0,0,0,0.0,0,0,0.0
corrected_dynrag_vs_corrected,97191,0.3,2026.0,1,1,0.0,0.00632609,0.00632609,0.0,12,12,0.0,0,0,0.0,0,0,0.0
corrected_dynrag_vs_corrected,97191,0.3,2027.0,0,0,0.0,1.2882261,1.2882261,0.0,15,15,0.0,0,0,0.0,0,0,0.0
corrected_dynrag_vs_corrected,97191,0.3,2028.0,0,0,0.0,0.93757932,0.93757932,0.0,15,15,0.0,0,0,0.0,0,0,0.0
corrected_dynrag_vs_corrected,97228,0.2,2026.0,1,1,0.0,0.12422207,0.12422207,0.0,15,15,0.0,0,0,0.0,0,0,0.0
corrected_dynrag_vs_corrected,97228,0.2,2027.0,1,1,0.0,0.09137343,0.09137343,0.0,15,15,0.0,0,0,0.0,0,0,0.0
corrected_dynrag_vs_corrected,97228,0.2,2028.0,1,1,0.0,0.04498268,0.04498268,0.0,9,9,0.0,0,0,0.0,0,0,0.0
corrected_dynrag_vs_corrected,97228,0.3,2026.0,1,1,0.0,0.02851635,0.02851635,0.0,11,11,0.0,0,0,0.0,0,0,0.0
corrected_dynrag_vs_corrected,97228,0.3,2027.0,1,1,0.0,0.03397782,0.03397782,0.0,11,11,0.0,0,0,0.0,0,0,0.0
corrected_dynrag_vs_corrected,97228,0.3,2028.0,1,1,0.0,0.03819809,0.03819809,0.0,10,10,0.0,0,0,0.0,0,0,0.0
corrected_dynrag_vs_corrected,97540,0.2,2026.0,1,1,0.0,0.00370044,0.00370044,0.0,2,2,0.0,0,0,0.0,0,0,0.0
corrected_dynrag_vs_corrected,97540,0.2,2027.0,1,1,0.0,0.00029384,0.00029384,0.0,2,2,0.0,0,0,0.0,0,0,0.0
corrected_dynrag_vs_corrected,97540,0.2,2028.0,1,1,0.0,0.00029384,0.00029384,0.0,2,2,0.0,0,0,0.0,0,0,0.0
corrected_dynrag_vs_corrected,97540,0.3,2026.0,1,1,0.0,0.00029384,0.00029384,0.0,2,2,0.0,0,0,0.0,0,0,0.0
corrected_dynrag_vs_corrected,97540,0.3,2027.0,1,1,0.0,0.00403282,0.00403282,0.0,3,3,0.0,0,0,0.0,0,0,0.0
corrected_dynrag_vs_corrected,97540,0.3,2028.0,1,1,0.0,0.00449253,0.00449253,0.0,2,2,0.0,0,0,0.0,0,0,0.0
corrected_dynrag_vs_corrected,97571,0.2,2026.0,0,0,0.0,1.22517645,1.22517645,0.0,15,15,0.0,0,0,0.0,0,0,0.0
corrected_dynrag_vs_corrected,97571,0.2,2027.0,0,0,0.0,1.08854937,1.08854937,0.0,15,15,0.0,0,0,0.0,0,0,0.0
corrected_dynrag_vs_corrected,97571,0.2,2028.0,1,1,0.0,0.01007975,0.01007975,0.0,12,12,0.0,0,0,0.0,0,0,0.0
corrected_dynrag_vs_corrected,97571,0.3,2026.0,0,0,0.0,1.1838658,1.1838658,0.0,15,15,0.0,0,0,0.0,0,0,0.0
corrected_dynrag_vs_corrected,97571,0.3,2027.0,1,1,0.0,0.00396363,0.00396363,0.0,13,13,0.0,0,0,0.0,0,0,0.0
corrected_dynrag_vs_corrected,97571,0.3,2028.0,0,0,0.0,1.42943684,1.42943684,0.0,15,15,0.0,0,0,0.0,0,0,0.0
corrected_dynrag_vs_corrected,97951,0.2,2026.0,1,1,0.0,0.00118374,0.00118374,0.0,2,2,0.0,0,0,0.0,0,0,0.0
corrected_dynrag_vs_corrected,97951,0.2,2027.0,1,1,0.0,0.00118374,0.00118374,0.0,2,2,0.0,0,0,0.0,0,0,0.0
corrected_dynrag_vs_corrected,97951,0.2,2028.0,1,1,0.0,0.00118374,0.00118374,0.0,2,2,0.0,0,0,0.0,0,0,0.0
corrected_dynrag_vs_corrected,97951,0.3,2026.0,0,0,0.0,1.81603847,1.81603847,0.0,3,3,0.0,0,0,0.0,0,0,0.0
corrected_dynrag_vs_corrected,97951,0.3,2027.0,1,1,0.0,0.00118374,0.00118374,0.0,2,2,0.0,0,0,0.0,0,0,0.0
corrected_dynrag_vs_corrected,97951,0.3,2028.0,1,1,0.0,0.00118374,0.00118374,0.0,2,2,0.0,0,0,0.0,0,0,0.0
corrected_dynrag_vs_corrected,99585,0.2,2026.0,1,1,0.0,0.01948264,0.01948264,0.0,15,15,0.0,0,0,0.0,0,0,0.0
corrected_dynrag_vs_corrected,99585,0.2,2027.0,0,0,0.0,1.94589545,1.94589545,0.0,6,6,0.0,0,0,0.0,0,0,0.0
corrected_dynrag_vs_corrected,99585,0.2,2028.0,1,1,0.0,0.59769717,0.59769717,0.0,15,15,0.0,1,1,0.0,1,1,0.0
corrected_dynrag_vs_corrected,99585,0.3,2026.0,0,0,0.0,1.02803546,1.02803546,0.0,15,15,0.0,0,0,0.0,0,0,0.0
corrected_dynrag_vs_corrected,99585,0.3,2027.0,1,1,0.0,0.05915919,0.05915919,0.0,15,15,0.0,0,0,0.0,0,0,0.0
corrected_dynrag_vs_corrected,99585,0.3,2028.0,0,0,0.0,1.08824759,1.08824759,0.0,15,15,0.0,0,0,0.0,0,0,0.0
